Data,CDI
10/12/2004,0.000629668
13/12/2004,0.000629668
14/12/2004,0.000630007
15/12/2004,0.000630007
16/12/2004,0.000646573
17/12/2004,0.000646573
20/12/2004,0.000646911
21/12/2004,0.000646573
22/12/2004,0.000646911
23/12/2004,0.000647248
24/12/2004,0.000647248
27/12/2004,0.000647248
28/12/2004,0.000646911
29/12/2004,0.000647586
30/12/2004,0.000648597
31/12/2004,0.000648935
3/1/2005,0.000648935
4/1/2005,0.000647586
5/1/2005,0.000647586
6/1/2005,0.000647586
7/1/2005,0.000647248
10/1/2005,0.000647248
11/1/2005,0.000646911
12/1/2005,0.000647586
13/01/2005,0.000646911
14/01/2005,0.000647586
17/01/2005,0.00064826
18/01/2005,0.000647923
19/01/2005,0.000647923
20/01/2005,0.000664416
21/01/2005,0.000664751
24/01/2005,0.000665087
25/01/2005,0.000665087
26/01/2005,0.000664416
27/01/2005,0.000664751
28/01/2005,0.000664416
31/01/2005,0.000665423
1/2/2005,0.000665423
2/2/2005,0.000665759
3/2/2005,0.000665423
4/2/2005,0.000665423
9/2/2005,0.000665423
10/2/2005,0.000664751
11/2/2005,0.000664751
14/02/2005,0.000664416
15/02/2005,0.000664416
16/02/2005,0.000663744
17/02/2005,0.000680506
18/02/2005,0.000680171
21/02/2005,0.000680171
22/02/2005,0.000680171
23/02/2005,0.000679837
24/02/2005,0.000679837
25/02/2005,0.000679837
28/02/2005,0.000679837
1/3/2005,0.000679502
2/3/2005,0.000678833
3/3/2005,0.000678833
4/3/2005,0.000678498
7/3/2005,0.000679167
8/3/2005,0.000678498
9/3/2005,0.000678163
10/3/2005,0.000677829
11/3/2005,0.000677829
14/03/2005,0.000677829
15/03/2005,0.000678163
16/03/2005,0.000678498
17/03/2005,0.000695532
18/03/2005,0.000696198
21/03/2005,0.000696531
22/03/2005,0.000696864
23/03/2005,0.000697198
24/03/2005,0.000697531
28/03/2005,0.000697198
29/03/2005,0.000697198
30/03/2005,0.000696864
31/03/2005,0.000697531
1/4/2005,0.000697531
4/4/2005,0.000697531
5/4/2005,0.000697864
6/4/2005,0.000697531
7/4/2005,0.000697531
8/4/2005,0.000697198
11/4/2005,0.000697198
12/4/2005,0.000696531
13/04/2005,0.000696864
14/04/2005,0.000696864
15/04/2005,0.000696531
18/04/2005,0.000696531
19/04/2005,0.000696864
20/04/2005,0.000696531
22/04/2005,0.000703522
25/04/2005,0.000704187
26/04/2005,0.000704187
27/04/2005,0.000704852
28/04/2005,0.000705185
29/04/2005,0.00070585
2/5/2005,0.000706515
3/5/2005,0.000706515
4/5/2005,0.000706515
5/5/2005,0.000706515
6/5/2005,0.000706847
9/5/2005,0.000706182
10/5/2005,0.000706182
11/5/2005,0.000706182
12/5/2005,0.000706182
13/05/2005,0.00070585
16/05/2005,0.000706515
17/05/2005,0.000706515
18/05/2005,0.000706182
19/05/2005,0.000714152
20/05/2005,0.000714152
23/05/2005,0.000714152
24/05/2005,0.000714152
25/05/2005,0.00071382
27/05/2005,0.000714152
30/05/2005,0.000714815
31/05/2005,0.000716141
1/6/2005,0.000716141
2/6/2005,0.000715478
3/6/2005,0.000715147
6/6/2005,0.000714815
7/6/2005,0.000714815
8/6/2005,0.000714152
9/6/2005,0.000714152
10/6/2005,0.000714483
13/06/2005,0.000714815
14/06/2005,0.000714815
15/06/2005,0.000714815
16/06/2005,0.000714483
17/06/2005,0.000714815
20/06/2005,0.000714483
21/06/2005,0.000714152
22/06/2005,0.000714483
23/06/2005,0.000714483
24/06/2005,0.000714815
27/06/2005,0.000715147
28/06/2005,0.000715147
29/06/2005,0.000715147
30/06/2005,0.000715147
1/7/2005,0.000714815
4/7/2005,0.000715147
5/7/2005,0.000714483
6/7/2005,0.000714483
7/7/2005,0.000714152
8/7/2005,0.000713488
11/7/2005,0.000714152
12/7/2005,0.00071382
13/07/2005,0.00071382
14/07/2005,0.000714152
15/07/2005,0.000714152
18/07/2005,0.00071382
19/07/2005,0.00071382
20/07/2005,0.000713488
21/07/2005,0.000713488
22/07/2005,0.000713488
25/07/2005,0.000713488
26/07/2005,0.000713156
27/07/2005,0.000712824
28/07/2005,0.000712824
29/07/2005,0.000713156
1/8/2005,0.000713488
2/8/2005,0.00071382
3/8/2005,0.00071382
4/8/2005,0.00071382
5/8/2005,0.000713488
8/8/2005,0.000713488
9/8/2005,0.000713156
10/8/2005,0.000713156
11/8/2005,0.000713156
12/8/2005,0.000713156
15/08/2005,0.000712824
16/08/2005,0.000712493
17/08/2005,0.000711829
18/08/2005,0.000711165
19/08/2005,0.000712161
22/08/2005,0.000712493
23/08/2005,0.000712493
24/08/2005,0.000712824
25/08/2005,0.000712824
26/08/2005,0.000712493
29/08/2005,0.000713488
30/08/2005,0.000713488
31/08/2005,0.000714152
1/9/2005,0.000714483
2/9/2005,0.000714483
5/9/2005,0.000714483
6/9/2005,0.000714152
8/9/2005,0.000713488
9/9/2005,0.000713488
12/9/2005,0.00071382
13/09/2005,0.000713488
14/09/2005,0.000713488
15/09/2005,0.00070585
16/09/2005,0.00070585
19/09/2005,0.00070585
20/09/2005,0.000705517
21/09/2005,0.00070452
22/09/2005,0.000704852
23/09/2005,0.00070452
26/09/2005,0.000705185
27/09/2005,0.000704852
28/09/2005,0.000705185
29/09/2005,0.000705517
30/09/2005,0.000707512
3/10/2005,0.000706182
4/10/2005,0.000704852
5/10/2005,0.00070452
6/10/2005,0.000703855
7/10/2005,0.000704187
10/10/2005,0.000703855
11/10/2005,0.000704187
13/10/2005,0.00070319
14/10/2005,0.00070319
17/10/2005,0.000702524
18/10/2005,0.000702857
19/10/2005,0.000702857
20/10/2005,0.000687191
21/10/2005,0.000686857
24/10/2005,0.000686523
25/10/2005,0.000686857
26/10/2005,0.000686189
27/10/2005,0.000686523
28/10/2005,0.000686189
31/10/2005,0.000687859
1/11/2005,0.000689194
3/11/2005,0.000688193
4/11/2005,0.00068886
7/11/2005,0.00068886
8/11/2005,0.000688527
9/11/2005,0.00068886
10/11/2005,0.00068886
11/11/2005,0.000688527
14/11/2005,0.00068886
16/11/2005,0.000687859
17/11/2005,0.000687859
18/11/2005,0.000687859
21/11/2005,0.000686857
22/11/2005,0.000686857
23/11/2005,0.000685855
24/11/2005,0.000669786
25/11/2005,0.000670122
28/11/2005,0.000670122
29/11/2005,0.000670792
30/11/2005,0.000671463
1/12/2005,0.000671463
2/12/2005,0.000671128
5/12/2005,0.000671463
6/12/2005,0.000671128
7/12/2005,0.000671128
8/12/2005,0.000670122
9/12/2005,0.000670122
12/12/2005,0.000670122
13/12/2005,0.000669786
14/12/2005,0.000669115
15/12/2005,0.000653653
16/12/2005,0.000653989
19/12/2005,0.000654663
20/12/2005,0.000654999
21/12/2005,0.000655336
22/12/2005,0.000655336
23/12/2005,0.000655336
26/12/2005,0.000654999
27/12/2005,0.000654999
28/12/2005,0.000654663
29/12/2005,0.000656346
30/12/2005,0.000656683
2/1/2006,0.000654999
3/1/2006,0.000654999
4/1/2006,0.000654663
5/1/2006,0.000654326
6/1/2006,0.000654326
9/1/2006,0.000653989
10/1/2006,0.000653316
11/1/2006,0.000653316
12/1/2006,0.000653653
13/01/2006,0.000653316
16/01/2006,0.000653316
17/01/2006,0.000652979
18/01/2006,0.000652979
19/01/2006,0.000626956
20/01/2006,0.000627295
23/01/2006,0.000628651
24/01/2006,0.000629668
25/01/2006,0.000630345
26/01/2006,0.000632716
27/01/2006,0.000630007
30/01/2006,0.000627634
31/01/2006,0.000626617
1/2/2006,0.000628312
2/2/2006,0.000629329
3/2/2006,0.000629329
6/2/2006,0.000629329
7/2/2006,0.000629329
8/2/2006,0.000629329
9/2/2006,0.000629329
10/2/2006,0.00062899
13/02/2006,0.000628651
14/02/2006,0.00062899
15/02/2006,0.000630684
16/02/2006,0.000630345
17/02/2006,0.000630684
20/02/2006,0.000630684
21/02/2006,0.000630684
22/02/2006,0.000631362
23/02/2006,0.000631362
24/02/2006,0.000633055
1/3/2006,0.000633055
2/3/2006,0.000633055
3/3/2006,0.000632716
6/3/2006,0.000632378
7/3/2006,0.000632039
8/3/2006,0.000631362
9/3/2006,0.000606561
10/3/2006,0.000605879
13/03/2006,0.000605879
14/03/2006,0.000605538
15/03/2006,0.000605197
16/03/2006,0.000604856
17/03/2006,0.000604856
20/03/2006,0.000604856
21/03/2006,0.000604856
22/03/2006,0.000605197
23/03/2006,0.000605879
24/03/2006,0.000605197
27/03/2006,0.000605197
28/03/2006,0.000605538
29/03/2006,0.000605538
30/03/2006,0.000605879
31/03/2006,0.000606561
3/4/2006,0.000604515
4/4/2006,0.000603833
5/4/2006,0.000603492
6/4/2006,0.000603151
7/4/2006,0.00060281
10/4/2006,0.00060281
11/4/2006,0.00060281
12/4/2006,0.00060281
13/04/2006,0.00060281
17/04/2006,0.00060281
18/04/2006,0.00060281
19/04/2006,0.00060281
20/04/2006,0.000577143
24/04/2006,0.0005768
25/04/2006,0.000576457
26/04/2006,0.000576113
27/04/2006,0.000576457
28/04/2006,0.00057886
2/5/2006,0.000578517
3/5/2006,0.000578517
4/5/2006,0.00057783
5/5/2006,0.000578517
8/5/2006,0.00057886
9/5/2006,0.000578173
10/5/2006,0.000577487
11/5/2006,0.000577143
12/5/2006,0.000577487
15/05/2006,0.000578517
16/05/2006,0.000579203
17/05/2006,0.000577487
18/05/2006,0.000577143
19/05/2006,0.0005768
22/05/2006,0.000576457
23/05/2006,0.000576457
24/05/2006,0.000576457
25/05/2006,0.0005768
26/05/2006,0.000576457
29/05/2006,0.000576457
30/05/2006,0.0005768
31/05/2006,0.000577143
1/6/2006,0.00055994
2/6/2006,0.00056063
5/6/2006,0.000560974
6/6/2006,0.00055994
7/6/2006,0.000559595
8/6/2006,0.000559595
9/6/2006,0.000559595
12/6/2006,0.00055994
13/06/2006,0.00055994
14/06/2006,0.000559595
16/06/2006,0.000559595
19/06/2006,0.000559595
20/06/2006,0.000559595
21/06/2006,0.00055994
22/06/2006,0.000559595
23/06/2006,0.000559595
26/06/2006,0.000559595
27/06/2006,0.000559251
28/06/2006,0.000559251
29/06/2006,0.000558906
30/06/2006,0.000560974
3/7/2006,0.000560974
4/7/2006,0.000560285
5/7/2006,0.000560285
6/7/2006,0.00055994
7/7/2006,0.000559595
10/7/2006,0.000559595
11/7/2006,0.000559251
12/7/2006,0.000559595
13/07/2006,0.000559251
14/07/2006,0.000558906
17/07/2006,0.000559251
18/07/2006,0.000559251
19/07/2006,0.000558906
20/07/2006,0.00054197
21/07/2006,0.000541623
24/07/2006,0.000541277
25/07/2006,0.000541277
26/07/2006,0.00054093
27/07/2006,0.000540584
28/07/2006,0.000540584
31/07/2006,0.00054197
1/8/2006,0.000541277
2/8/2006,0.000541277
3/8/2006,0.000541277
4/8/2006,0.000541277
7/8/2006,0.00054093
8/8/2006,0.000541277
9/8/2006,0.000541277
10/8/2006,0.00054093
11/8/2006,0.000541623
14/08/2006,0.00054197
15/08/2006,0.000542316
16/08/2006,0.000542316
17/08/2006,0.00054197
18/08/2006,0.000542316
21/08/2006,0.000542316
22/08/2006,0.000542316
23/08/2006,0.00054197
24/08/2006,0.000541623
25/08/2006,0.000541623
28/08/2006,0.000541277
29/08/2006,0.000541277
30/08/2006,0.000540584
31/08/2006,0.000523918
1/9/2006,0.000524614
4/9/2006,0.000524614
5/9/2006,0.000524266
6/9/2006,0.000524614
8/9/2006,0.000524266
11/9/2006,0.000523918
12/9/2006,0.000523222
13/09/2006,0.00052357
14/09/2006,0.00052357
15/09/2006,0.000523222
18/09/2006,0.000523222
19/09/2006,0.00052357
20/09/2006,0.000523222
21/09/2006,0.000523222
22/09/2006,0.000523222
25/09/2006,0.000523918
26/09/2006,0.00052357
27/09/2006,0.000524614
28/09/2006,0.000524614
29/09/2006,0.000526353
2/10/2006,0.000525657
3/10/2006,0.000524961
4/10/2006,0.000524961
5/10/2006,0.000524961
6/10/2006,0.000524614
9/10/2006,0.000523918
10/10/2006,0.00052357
11/10/2006,0.000523222
13/10/2006,0.000522874
16/10/2006,0.000522874
17/10/2006,0.000523222
18/10/2006,0.00052357
19/10/2006,0.000506133
20/10/2006,0.000506133
23/10/2006,0.000506133
24/10/2006,0.000506133
25/10/2006,0.000506133
26/10/2006,0.000506133
27/10/2006,0.000506133
30/10/2006,0.000505784
31/10/2006,0.00050788
1/11/2006,0.000507531
3/11/2006,0.000507531
6/11/2006,0.000508928
7/11/2006,0.000508579
8/11/2006,0.00050788
9/11/2006,0.000507182
10/11/2006,0.000507182
13/11/2006,0.000507182
14/11/2006,0.000507182
16/11/2006,0.000506832
17/11/2006,0.000506483
20/11/2006,0.000506483
21/11/2006,0.000506832
22/11/2006,0.000506483
23/11/2006,0.000506832
24/11/2006,0.000506483
27/11/2006,0.000506483
28/11/2006,0.000506133
29/11/2006,0.000506133
30/11/2006,0.000489673
1/12/2006,0.000490024
4/12/2006,0.000490375
5/12/2006,0.000490375
6/12/2006,0.000490024
7/12/2006,0.000489322
8/12/2006,0.000489673
11/12/2006,0.000488971
12/12/2006,0.00048862
13/12/2006,0.00048862
14/12/2006,0.00048862
15/12/2006,0.000488971
18/12/2006,0.000489322
19/12/2006,0.000490024
20/12/2006,0.000490375
21/12/2006,0.000490375
22/12/2006,0.000490024
26/12/2006,0.000490726
27/12/2006,0.000490726
28/12/2006,0.000491077
29/12/2006,0.000491077
2/1/2007,0.000490726
3/1/2007,0.000490726
4/1/2007,0.000490726
5/1/2007,0.000491077
8/1/2007,0.000491427
9/1/2007,0.000491427
10/1/2007,0.000490375
11/1/2007,0.000489322
12/1/2007,0.000489673
15/01/2007,0.000490024
16/01/2007,0.000489322
17/01/2007,0.000489322
18/01/2007,0.000489673
19/01/2007,0.000488971
22/01/2007,0.000489322
23/01/2007,0.000489322
24/01/2007,0.000485108
25/01/2007,0.000480538
26/01/2007,0.000479483
29/01/2007,0.000479835
30/01/2007,0.000480538
31/01/2007,0.000481945
1/2/2007,0.000482296
2/2/2007,0.000481945
5/2/2007,0.000482296
6/2/2007,0.000481593
7/2/2007,0.000481242
8/2/2007,0.000481242
9/2/2007,0.00048089
12/2/2007,0.00048089
13/02/2007,0.000481242
14/02/2007,0.000481242
15/02/2007,0.00048089
16/02/2007,0.000481242
21/02/2007,0.000481945
22/02/2007,0.000480538
23/02/2007,0.000480538
26/02/2007,0.000480538
27/02/2007,0.000480186
28/02/2007,0.000481593
1/3/2007,0.000481593
2/3/2007,0.000481593
5/3/2007,0.000481593
6/3/2007,0.000481242
7/3/2007,0.000480538
8/3/2007,0.00047244
9/3/2007,0.000473145
12/3/2007,0.000472792
13/03/2007,0.000471735
14/03/2007,0.000472087
15/03/2007,0.000472087
16/03/2007,0.000472792
19/03/2007,0.000472792
20/03/2007,0.00047244
21/03/2007,0.000472792
22/03/2007,0.000472087
23/03/2007,0.000471382
26/03/2007,0.00047103
27/03/2007,0.00047103
28/03/2007,0.000471382
29/03/2007,0.000471735
30/03/2007,0.000473145
2/4/2007,0.000473497
3/4/2007,0.000472792
4/4/2007,0.00047244
5/4/2007,0.000473145
9/4/2007,0.000472792
10/4/2007,0.000472087
11/4/2007,0.000472087
12/4/2007,0.000472087
13/04/2007,0.000472087
16/04/2007,0.00047244
17/04/2007,0.000471735
18/04/2007,0.00047103
19/04/2007,0.000462912
20/04/2007,0.000462912
23/04/2007,0.000462559
24/04/2007,0.000461852
25/04/2007,0.000461498
26/04/2007,0.000461498
27/04/2007,0.000461498
30/04/2007,0.000461498
2/5/2007,0.000461498
3/5/2007,0.000461498
4/5/2007,0.000461852
7/5/2007,0.000462559
8/5/2007,0.000462205
9/5/2007,0.000462205
10/5/2007,0.000462559
11/5/2007,0.000462205
14/05/2007,0.000462559
15/05/2007,0.000462205
16/05/2007,0.000461852
17/05/2007,0.000462559
18/05/2007,0.000462205
21/05/2007,0.000462205
22/05/2007,0.000462205
23/05/2007,0.000462205
24/05/2007,0.000461852
25/05/2007,0.000462559
28/05/2007,0.000462912
29/05/2007,0.000463265
30/05/2007,0.000462912
31/05/2007,0.000463618
1/6/2007,0.000463618
4/6/2007,0.000463618
5/6/2007,0.000463972
6/6/2007,0.000463265
8/6/2007,0.000445562
11/6/2007,0.000445562
12/6/2007,0.000445207
13/06/2007,0.000445207
14/06/2007,0.000444853
15/06/2007,0.000444853
18/06/2007,0.000445207
19/06/2007,0.000445207
20/06/2007,0.000444853
21/06/2007,0.000444853
22/06/2007,0.000444853
25/06/2007,0.000444853
26/06/2007,0.000444853
27/06/2007,0.000444853
28/06/2007,0.000445207
29/06/2007,0.000445917
2/7/2007,0.000445562
3/7/2007,0.000445207
4/7/2007,0.000445207
5/7/2007,0.000445207
6/7/2007,0.000445562
9/7/2007,0.000445917
10/7/2007,0.000445207
11/7/2007,0.000445562
12/7/2007,0.000445207
13/07/2007,0.000444853
16/07/2007,0.000444853
17/07/2007,0.000444853
18/07/2007,0.000445562
19/07/2007,0.000426711
20/07/2007,0.000427424
23/07/2007,0.00042778
24/07/2007,0.000428137
25/07/2007,0.00042778
26/07/2007,0.000427424
27/07/2007,0.00042778
30/07/2007,0.00042778
31/07/2007,0.000427424
1/8/2007,0.00042778
2/8/2007,0.000428137
3/8/2007,0.000428493
6/8/2007,0.000428493
7/8/2007,0.00042778
8/8/2007,0.000427424
9/8/2007,0.000427067
10/8/2007,0.000427424
13/08/2007,0.000427067
14/08/2007,0.000427424
15/08/2007,0.000427067
16/08/2007,0.000427067
17/08/2007,0.000427424
20/08/2007,0.000427424
21/08/2007,0.000427067
22/08/2007,0.000427067
23/08/2007,0.000426711
24/08/2007,0.000427424
27/08/2007,0.000427067
28/08/2007,0.000427067
29/08/2007,0.000427067
30/08/2007,0.000427067
31/08/2007,0.000429206
3/9/2007,0.000430275
4/9/2007,0.000428137
5/9/2007,0.000427424
6/9/2007,0.000419217
10/9/2007,0.000419217
11/9/2007,0.00041886
12/9/2007,0.000418502
13/09/2007,0.000418145
14/09/2007,0.000418502
17/09/2007,0.000418145
18/09/2007,0.000418502
19/09/2007,0.000417788
20/09/2007,0.00041743
21/09/2007,0.00041743
24/09/2007,0.000417073
25/09/2007,0.000417073
26/09/2007,0.00041743
27/09/2007,0.000417788
28/09/2007,0.000418502
1/10/2007,0.000418502
2/10/2007,0.000418502
3/10/2007,0.000418145
4/10/2007,0.000418145
5/10/2007,0.000418145
8/10/2007,0.000418145
9/10/2007,0.000418145
10/10/2007,0.000418145
11/10/2007,0.000418145
15/10/2007,0.000418502
16/10/2007,0.000418502
17/10/2007,0.00041743
18/10/2007,0.000417788
19/10/2007,0.000418145
22/10/2007,0.000418502
23/10/2007,0.000418145
24/10/2007,0.000418502
25/10/2007,0.000418502
26/10/2007,0.000418145
29/10/2007,0.000418502
30/10/2007,0.000418145
31/10/2007,0.00041743
1/11/2007,0.000417788
5/11/2007,0.000418145
6/11/2007,0.000418145
7/11/2007,0.000418145
8/11/2007,0.000417788
9/11/2007,0.000417788
12/11/2007,0.000418145
13/11/2007,0.00041886
14/11/2007,0.000418145
16/11/2007,0.000417788
19/11/2007,0.00041886
20/11/2007,0.00041886
21/11/2007,0.00041886
22/11/2007,0.000418502
23/11/2007,0.000417788
26/11/2007,0.000418145
27/11/2007,0.00041886
28/11/2007,0.000418145
29/11/2007,0.000417788
30/11/2007,0.000418502
3/12/2007,0.00041886
4/12/2007,0.00041886
5/12/2007,0.000419217
6/12/2007,0.000418502
7/12/2007,0.000417788
10/12/2007,0.000418145
11/12/2007,0.00041743
12/12/2007,0.00041743
13/12/2007,0.000417073
14/12/2007,0.000417073
17/12/2007,0.000417073
18/12/2007,0.00041743
19/12/2007,0.000417788
20/12/2007,0.00041743
21/12/2007,0.00041886
24/12/2007,0.00041886
26/12/2007,0.000418145
27/12/2007,0.000418145
28/12/2007,0.000418502
31/12/2007,0.000418502
2/1/2008,0.00041743
3/1/2008,0.00041743
4/1/2008,0.000415643
7/1/2008,0.000417073
8/1/2008,0.00041743
9/1/2008,0.000417788
10/1/2008,0.000418145
11/1/2008,0.00041743
14/01/2008,0.00041743
15/01/2008,0.000417073
16/01/2008,0.000417073
17/01/2008,0.000416716
18/01/2008,0.000416716
21/01/2008,0.000417073
22/01/2008,0.000417073
23/01/2008,0.000417073
24/01/2008,0.00041743
25/01/2008,0.00041743
28/01/2008,0.00041743
29/01/2008,0.000417073
30/01/2008,0.00041743
31/01/2008,0.000417788
1/2/2008,0.00041743
6/2/2008,0.000417788
7/2/2008,0.00041743
8/2/2008,0.000417073
11/2/2008,0.00041743
12/2/2008,0.00041743
13/02/2008,0.000417073
14/02/2008,0.000416716
15/02/2008,0.000416358
18/02/2008,0.000416716
19/02/2008,0.000416358
20/02/2008,0.000416358
21/02/2008,0.000416001
22/02/2008,0.000416358
25/02/2008,0.000416358
26/02/2008,0.000416716
27/02/2008,0.000416716
28/02/2008,0.000417073
29/02/2008,0.000417073
3/3/2008,0.000417788
4/3/2008,0.00041743
5/3/2008,0.000417073
6/3/2008,0.000417073
7/3/2008,0.00041743
10/3/2008,0.00041743
11/3/2008,0.000417788
12/3/2008,0.000417073
13/03/2008,0.000417073
14/03/2008,0.000417788
17/03/2008,0.00041743
18/03/2008,0.00041743
19/03/2008,0.000417788
20/03/2008,0.000418145
24/03/2008,0.000417788
25/03/2008,0.000417788
26/03/2008,0.00041743
27/03/2008,0.00041743
28/03/2008,0.00041743
31/03/2008,0.000419574
1/4/2008,0.000419217
2/4/2008,0.000417788
3/4/2008,0.000419574
4/4/2008,0.00041886
7/4/2008,0.000419574
8/4/2008,0.000418145
9/4/2008,0.000417788
10/4/2008,0.000418145
11/4/2008,0.000418145
14/04/2008,0.000418145
15/04/2008,0.000418502
16/04/2008,0.000418502
17/04/2008,0.000436326
18/04/2008,0.000436326
22/04/2008,0.00043597
23/04/2008,0.000434903
24/04/2008,0.000434903
25/04/2008,0.000435258
28/04/2008,0.000434903
29/04/2008,0.000434547
30/04/2008,0.000434547
2/5/2008,0.000434903
5/5/2008,0.000434191
6/5/2008,0.000434191
7/5/2008,0.000433835
8/5/2008,0.000433835
9/5/2008,0.000434191
12/5/2008,0.000434191
13/05/2008,0.000434191
14/05/2008,0.000433479
15/05/2008,0.000433479
16/05/2008,0.000433479
19/05/2008,0.000433123
20/05/2008,0.000433835
21/05/2008,0.000433835
23/05/2008,0.000433479
26/05/2008,0.000433835
27/05/2008,0.000433835
28/05/2008,0.000433479
29/05/2008,0.000433123
30/05/2008,0.000433835
2/6/2008,0.000434191
3/6/2008,0.000433479
4/6/2008,0.000433123
5/6/2008,0.000450881
6/6/2008,0.000450881
9/6/2008,0.000451236
10/6/2008,0.000451944
11/6/2008,0.000452299
12/6/2008,0.000452653
13/06/2008,0.000452299
16/06/2008,0.000452299
17/06/2008,0.000452653
18/06/2008,0.000451944
19/06/2008,0.000451944
20/06/2008,0.000451944
23/06/2008,0.000453007
24/06/2008,0.000452653
25/06/2008,0.000452653
26/06/2008,0.000452299
27/06/2008,0.000452299
30/06/2008,0.000453007
1/7/2008,0.000456193
2/7/2008,0.000454424
3/7/2008,0.000453361
4/7/2008,0.000454069
7/7/2008,0.000453715
8/7/2008,0.000454424
9/7/2008,0.000454778
10/7/2008,0.000454069
11/7/2008,0.000453715
14/07/2008,0.000453007
15/07/2008,0.000452653
16/07/2008,0.000453361
17/07/2008,0.000453007
18/07/2008,0.000453007
21/07/2008,0.000453361
22/07/2008,0.000452653
23/07/2008,0.000452299
24/07/2008,0.000479483
25/07/2008,0.000479483
28/07/2008,0.000479131
29/07/2008,0.000479131
30/07/2008,0.000479483
31/07/2008,0.000479835
1/8/2008,0.00048089
4/8/2008,0.000480186
5/8/2008,0.000480538
6/8/2008,0.000480538
7/8/2008,0.000480538
8/8/2008,0.000480186
11/8/2008,0.000479483
12/8/2008,0.000479483
13/08/2008,0.000479835
14/08/2008,0.000479835
15/08/2008,0.000479835
18/08/2008,0.00048089
19/08/2008,0.000480538
20/08/2008,0.000480186
21/08/2008,0.000480186
22/08/2008,0.000479483
25/08/2008,0.000479835
26/08/2008,0.000479483
27/08/2008,0.000479483
28/08/2008,0.000479483
29/08/2008,0.000478779
1/9/2008,0.000479483
2/9/2008,0.000479131
3/9/2008,0.000480538
4/9/2008,0.000479483
5/9/2008,0.000478427
8/9/2008,0.000481242
9/9/2008,0.000480186
10/9/2008,0.00048089
11/9/2008,0.000507182
12/9/2008,0.000505784
15/09/2008,0.000505784
16/09/2008,0.000506133
17/09/2008,0.000505434
18/09/2008,0.000505434
19/09/2008,0.00050788
22/09/2008,0.000508928
23/09/2008,0.000506832
24/09/2008,0.000505784
25/09/2008,0.000506133
26/09/2008,0.000506133
29/09/2008,0.000505434
30/09/2008,0.000505784
1/10/2008,0.000505434
2/10/2008,0.000506483
3/10/2008,0.00050788
6/10/2008,0.000511372
7/10/2008,0.000509627
8/10/2008,0.000508579
9/10/2008,0.00050788
10/10/2008,0.00050823
13/10/2008,0.000509976
14/10/2008,0.000507531
15/10/2008,0.000508928
16/10/2008,0.00050823
17/10/2008,0.000507531
20/10/2008,0.000508579
21/10/2008,0.000506832
22/10/2008,0.000504385
23/10/2008,0.000506133
24/10/2008,0.000507182
27/10/2008,0.000507182
28/10/2008,0.000507531
29/10/2008,0.000506832
30/10/2008,0.000505085
31/10/2008,0.000505784
3/11/2008,0.000505434
4/11/2008,0.000504735
5/11/2008,0.000504735
6/11/2008,0.000502637
7/11/2008,0.000502287
10/11/2008,0.000502637
11/11/2008,0.000501237
12/11/2008,0.000499137
13/11/2008,0.000493532
14/11/2008,0.000493882
17/11/2008,0.000494934
18/11/2008,0.000493882
19/11/2008,0.000482296
20/11/2008,0.000480538
21/11/2008,0.000487918
24/11/2008,0.000490726
25/11/2008,0.000490024
26/11/2008,0.000490375
27/11/2008,0.00049283
28/11/2008,0.000497737
1/12/2008,0.000501587
2/12/2008,0.000501937
3/12/2008,0.000501237
4/12/2008,0.000501587
5/12/2008,0.000501237
8/12/2008,0.000501237
9/12/2008,0.000501587
10/12/2008,0.000501237
11/12/2008,0.000501237
12/12/2008,0.000500887
15/12/2008,0.000501237
16/12/2008,0.000501237
17/12/2008,0.000501937
18/12/2008,0.000502637
19/12/2008,0.000501237
22/12/2008,0.000502987
23/12/2008,0.000501587
24/12/2008,0.000503336
26/12/2008,0.000502987
29/12/2008,0.000505784
30/12/2008,0.000506483
31/12/2008,0.000506832
2/1/2009,0.000506832
5/1/2009,0.000505784
6/1/2009,0.000506133
7/1/2009,0.000506483
8/1/2009,0.000506133
9/1/2009,0.000506483
12/1/2009,0.000506133
13/01/2009,0.000506133
14/01/2009,0.000506133
15/01/2009,0.000506832
16/01/2009,0.000506483
19/01/2009,0.000498437
20/01/2009,0.000500887
21/01/2009,0.000506483
22/01/2009,0.000471382
23/01/2009,0.000471382
26/01/2009,0.000471735
27/01/2009,0.000471735
28/01/2009,0.000471735
29/01/2009,0.000471735
30/01/2009,0.000471382
2/2/2009,0.000472087
3/2/2009,0.000471735
4/2/2009,0.000472087
5/2/2009,0.000472087
6/2/2009,0.000472087
9/2/2009,0.000471735
10/2/2009,0.000472087
11/2/2009,0.000471735
12/2/2009,0.000472087
13/02/2009,0.000471735
16/02/2009,0.000472087
17/02/2009,0.000471735
18/02/2009,0.000471735
19/02/2009,0.000471735
20/02/2009,0.000471735
25/02/2009,0.000471735
26/02/2009,0.000471735
27/02/2009,0.00047103
2/3/2009,0.000471382
3/3/2009,0.000471735
4/3/2009,0.000471735
5/3/2009,0.000471735
6/3/2009,0.000471735
9/3/2009,0.000471735
10/3/2009,0.000471735
11/3/2009,0.00047103
12/3/2009,0.000418502
13/03/2009,0.000418502
16/03/2009,0.000416001
17/03/2009,0.000414928
18/03/2009,0.000418145
19/03/2009,0.00041886
20/03/2009,0.00041886
23/03/2009,0.00041886
24/03/2009,0.000418502
25/03/2009,0.000418502
26/03/2009,0.000418502
27/03/2009,0.000417788
30/03/2009,0.000415286
31/03/2009,0.000417073
1/4/2009,0.00041886
2/4/2009,0.00041886
3/4/2009,0.00041886
6/4/2009,0.00041886
7/4/2009,0.00041886
8/4/2009,0.00041886
9/4/2009,0.00041886
13/04/2009,0.000415286
14/04/2009,0.000414928
15/04/2009,0.00041886
16/04/2009,0.00041886
17/04/2009,0.000416358
20/04/2009,0.000416716
22/04/2009,0.000418502
23/04/2009,0.00041886
24/04/2009,0.00041886
27/04/2009,0.00041886
28/04/2009,0.000418502
29/04/2009,0.000413855
30/04/2009,0.000382615
4/5/2009,0.000382975
5/5/2009,0.000382975
6/5/2009,0.000382975
7/5/2009,0.000382975
8/5/2009,0.000382615
11/5/2009,0.000382615
12/5/2009,0.000382615
13/05/2009,0.000382615
14/05/2009,0.000382615
15/05/2009,0.000382975
18/05/2009,0.000382975
19/05/2009,0.000382975
20/05/2009,0.000382975
21/05/2009,0.000379008
22/05/2009,0.000377926
25/05/2009,0.000377565
26/05/2009,0.000382615
27/05/2009,0.000382615
28/05/2009,0.000381894
29/05/2009,0.000378647
1/6/2009,0.000378287
2/6/2009,0.000381894
3/6/2009,0.000380091
4/6/2009,0.000381533
5/6/2009,0.000381894
8/6/2009,0.000378647
9/6/2009,0.000374676
10/6/2009,0.000376121
12/6/2009,0.000346037
15/06/2009,0.000342398
16/06/2009,0.000341669
17/06/2009,0.000341669
18/06/2009,0.000342033
19/06/2009,0.000342398
22/06/2009,0.000341305
23/06/2009,0.000341305
24/06/2009,0.000340941
25/06/2009,0.000341669
26/06/2009,0.000346401
29/06/2009,0.000346037
30/06/2009,0.000340576
1/7/2009,0.000344946
2/7/2009,0.000345674
3/7/2009,0.000346037
6/7/2009,0.000346401
7/7/2009,0.000346401
8/7/2009,0.000342762
9/7/2009,0.000342398
10/7/2009,0.000346765
13/07/2009,0.000346401
14/07/2009,0.000342033
15/07/2009,0.000340576
16/07/2009,0.000346765
17/07/2009,0.000346765
20/07/2009,0.000346765
21/07/2009,0.000346401
22/07/2009,0.000342033
23/07/2009,0.00032817
24/07/2009,0.00032817
27/07/2009,0.00032817
28/07/2009,0.000324148
29/07/2009,0.00032817
30/07/2009,0.000327805
31/07/2009,0.000327805
3/8/2009,0.000328536
4/8/2009,0.000327805
5/8/2009,0.000327805
6/8/2009,0.00032817
7/8/2009,0.00032817
10/8/2009,0.00032817
11/8/2009,0.00032817
12/8/2009,0.00032817
13/08/2009,0.00032817
14/08/2009,0.00032817
17/08/2009,0.00032817
18/08/2009,0.00032817
19/08/2009,0.000328536
20/08/2009,0.000328536
21/08/2009,0.00032817
24/08/2009,0.00032817
25/08/2009,0.00032817
26/08/2009,0.00032817
27/08/2009,0.00032817
28/08/2009,0.00032817
31/08/2009,0.00032817
1/9/2009,0.00032817
2/9/2009,0.00032817
3/9/2009,0.00032817
4/9/2009,0.00032817
8/9/2009,0.00032817
9/9/2009,0.000328536
10/9/2009,0.000328536
11/9/2009,0.000328536
14/09/2009,0.000328536
15/09/2009,0.00032817
16/09/2009,0.000328536
17/09/2009,0.00032817
18/09/2009,0.000328536
21/09/2009,0.00032817
22/09/2009,0.000328536
23/09/2009,0.000328536
24/09/2009,0.00032817
25/09/2009,0.00032817
28/09/2009,0.00032817
29/09/2009,0.000327074
30/09/2009,0.000327439
1/10/2009,0.00032817
2/10/2009,0.00032817
5/10/2009,0.00032817
6/10/2009,0.00032817
7/10/2009,0.00032817
8/10/2009,0.000327805
9/10/2009,0.000327805
13/10/2009,0.000327805
14/10/2009,0.000327805
15/10/2009,0.000327805
16/10/2009,0.00032817
19/10/2009,0.00032817
20/10/2009,0.00032817
21/10/2009,0.00032817
22/10/2009,0.00032817
23/10/2009,0.00032817
26/10/2009,0.00032817
27/10/2009,0.00032817
28/10/2009,0.000327805
29/10/2009,0.00032817
30/10/2009,0.00032817
3/11/2009,0.000328536
4/11/2009,0.000328536
5/11/2009,0.000328536
6/11/2009,0.000328536
9/11/2009,0.000328536
10/11/2009,0.000328536
11/11/2009,0.000328901
12/11/2009,0.000328536
13/11/2009,0.000328536
16/11/2009,0.000328536
17/11/2009,0.00032817
18/11/2009,0.00032817
19/11/2009,0.00032817
20/11/2009,0.000328536
23/11/2009,0.000327805
24/11/2009,0.000328901
25/11/2009,0.000329267
26/11/2009,0.000329267
27/11/2009,0.000327439
30/11/2009,0.00032817
1/12/2009,0.000327439
2/12/2009,0.000328536
3/12/2009,0.000328536
4/12/2009,0.00032817
7/12/2009,0.000325977
8/12/2009,0.000327805
9/12/2009,0.000328536
10/12/2009,0.00032817
11/12/2009,0.00032817
14/12/2009,0.00032817
15/12/2009,0.000328536
16/12/2009,0.000328536
17/12/2009,0.000328536
18/12/2009,0.000328536
21/12/2009,0.000328901
22/12/2009,0.00032817
23/12/2009,0.000327805
24/12/2009,0.000327805
28/12/2009,0.00032817
29/12/2009,0.00032817
30/12/2009,0.000325611
31/12/2009,0.000325611
4/1/2010,0.000327805
5/1/2010,0.000327805
6/1/2010,0.000327805
7/1/2010,0.00032817
8/1/2010,0.00032817
11/1/2010,0.00032817
12/1/2010,0.00032817
13/01/2010,0.00032817
14/01/2010,0.00032817
15/01/2010,0.000327805
18/01/2010,0.000327805
19/01/2010,0.000327805
20/01/2010,0.00032817
21/01/2010,0.00032817
22/01/2010,0.00032817
25/01/2010,0.00032817
26/01/2010,0.00032817
27/01/2010,0.00032817
28/01/2010,0.00032817
29/01/2010,0.000328536
1/2/2010,0.000328536
2/2/2010,0.00032817
3/2/2010,0.000327805
4/2/2010,0.00032817
5/2/2010,0.00032817
8/2/2010,0.00032817
9/2/2010,0.00032817
10/2/2010,0.00032817
11/2/2010,0.00032817
12/2/2010,0.00032817
17/02/2010,0.00032817
18/02/2010,0.000328536
19/02/2010,0.000328536
22/02/2010,0.000328536
23/02/2010,0.000328536
24/02/2010,0.00032817
25/02/2010,0.00032817
26/02/2010,0.00032817
1/3/2010,0.000327805
2/3/2010,0.00032817
3/3/2010,0.00032817
4/3/2010,0.000327805
5/3/2010,0.000327805
8/3/2010,0.000328536
9/3/2010,0.000328536
10/3/2010,0.000328536
11/3/2010,0.00032817
12/3/2010,0.000327805
15/03/2010,0.00032817
16/03/2010,0.000327805
17/03/2010,0.00032817
18/03/2010,0.000327805
19/03/2010,0.00032817
22/03/2010,0.00032817
23/03/2010,0.00032817
24/03/2010,0.00032817
25/03/2010,0.000327805
26/03/2010,0.000327439
29/03/2010,0.000325977
30/03/2010,0.000327074
31/03/2010,0.000327805
1/4/2010,0.000326708
5/4/2010,0.000327805
6/4/2010,0.00032817
7/4/2010,0.000328536
8/4/2010,0.00032817
9/4/2010,0.00032817
12/4/2010,0.000328536
13/04/2010,0.00032817
14/04/2010,0.000327805
15/04/2010,0.00032817
16/04/2010,0.000328536
19/04/2010,0.000328536
20/04/2010,0.000328536
22/04/2010,0.00032817
23/04/2010,0.00032817
26/04/2010,0.00032817
27/04/2010,0.000328536
28/04/2010,0.00032817
29/04/2010,0.000355849
30/04/2010,0.000355849
3/5/2010,0.000356937
4/5/2010,0.000356937
5/5/2010,0.000356937
6/5/2010,0.000356211
7/5/2010,0.000356211
10/5/2010,0.000355849
11/5/2010,0.000355486
12/5/2010,0.000355849
13/05/2010,0.000355849
14/05/2010,0.000355849
17/05/2010,0.000355849
18/05/2010,0.000355486
19/05/2010,0.000355486
20/05/2010,0.000355486
21/05/2010,0.000355486
24/05/2010,0.000355849
25/05/2010,0.000355849
26/05/2010,0.000355849
27/05/2010,0.000355486
28/05/2010,0.000355849
31/05/2010,0.000355486
1/6/2010,0.000356574
2/6/2010,0.000356574
4/6/2010,0.000356211
7/6/2010,0.000356574
8/6/2010,0.000356211
9/6/2010,0.000355849
10/6/2010,0.000382615
11/6/2010,0.000381173
14/06/2010,0.000382254
15/06/2010,0.000382975
16/06/2010,0.000382615
17/06/2010,0.000382615
18/06/2010,0.000382975
21/06/2010,0.000382975
22/06/2010,0.000382975
23/06/2010,0.000382975
24/06/2010,0.000382975
25/06/2010,0.000382975
28/06/2010,0.000382975
29/06/2010,0.000382975
30/06/2010,0.000382615
1/7/2010,0.000383336
2/7/2010,0.000383336
5/7/2010,0.000383336
6/7/2010,0.000383336
7/7/2010,0.000383336
8/7/2010,0.000383336
9/7/2010,0.000383336
12/7/2010,0.000383336
13/07/2010,0.000383336
14/07/2010,0.000382975
15/07/2010,0.000383336
16/07/2010,0.000383336
19/07/2010,0.000382975
20/07/2010,0.000383336
21/07/2010,0.000383336
22/07/2010,0.000401317
23/07/2010,0.000401317
26/07/2010,0.000401317
27/07/2010,0.000400958
28/07/2010,0.000400958
29/07/2010,0.000400958
30/07/2010,0.000400958
2/8/2010,0.000401675
3/8/2010,0.000401317
4/8/2010,0.000401317
5/8/2010,0.000401317
6/8/2010,0.000401317
9/8/2010,0.000401317
10/8/2010,0.000401317
11/8/2010,0.000401317
12/8/2010,0.000401317
13/08/2010,0.000401317
16/08/2010,0.000401317
17/08/2010,0.000401317
18/08/2010,0.000400958
19/08/2010,0.000400958
20/08/2010,0.000400958
23/08/2010,0.000400958
24/08/2010,0.000400958
25/08/2010,0.000401317
26/08/2010,0.000400958
27/08/2010,0.000401317
30/08/2010,0.00040024
31/08/2010,0.000400958
1/9/2010,0.000400958
2/9/2010,0.000400958
3/9/2010,0.000400599
6/9/2010,0.00040024
8/9/2010,0.000400599
9/9/2010,0.000401317
10/9/2010,0.000400958
13/09/2010,0.000400599
14/09/2010,0.000400599
15/09/2010,0.000399163
16/09/2010,0.000399881
17/09/2010,0.000400599
20/09/2010,0.000400599
21/09/2010,0.000400599
22/09/2010,0.000400599
23/09/2010,0.000400958
24/09/2010,0.000400958
27/09/2010,0.000400958
28/09/2010,0.000400599
29/09/2010,0.000399881
30/09/2010,0.00040024
1/10/2010,0.000401317
4/10/2010,0.000401317
5/10/2010,0.000401317
6/10/2010,0.000401317
7/10/2010,0.000401317
8/10/2010,0.000401317
11/10/2010,0.000401317
13/10/2010,0.000401317
14/10/2010,0.000400958
15/10/2010,0.000401317
18/10/2010,0.000401317
19/10/2010,0.000401317
20/10/2010,0.000401317
21/10/2010,0.000401317
22/10/2010,0.000401317
25/10/2010,0.000401317
26/10/2010,0.000401317
27/10/2010,0.000401317
28/10/2010,0.000401317
29/10/2010,0.000401317
1/11/2010,0.000401317
3/11/2010,0.000401317
4/11/2010,0.000401317
5/11/2010,0.000401317
8/11/2010,0.000401317
9/11/2010,0.000401317
10/11/2010,0.000400958
11/11/2010,0.000400958
12/11/2010,0.000401317
16/11/2010,0.000401317
17/11/2010,0.000401317
18/11/2010,0.000401317
19/11/2010,0.000401317
22/11/2010,0.000401317
23/11/2010,0.000401317
24/11/2010,0.000401317
25/11/2010,0.000401317
26/11/2010,0.000401317
29/11/2010,0.000401317
30/11/2010,0.000401317
1/12/2010,0.000401317
2/12/2010,0.000401317
3/12/2010,0.000401317
6/12/2010,0.000401317
7/12/2010,0.000401317
8/12/2010,0.000401317
9/12/2010,0.000401317
10/12/2010,0.000401675
13/12/2010,0.000401317
14/12/2010,0.000401317
15/12/2010,0.000401317
16/12/2010,0.000401317
17/12/2010,0.000401317
20/12/2010,0.000401317
21/12/2010,0.000401317
22/12/2010,0.000401317
23/12/2010,0.000401317
24/12/2010,0.000401317
27/12/2010,0.000401317
28/12/2010,0.000401317
29/12/2010,0.000401317
30/12/2010,0.000401317
31/12/2010,0.000401317
3/1/2011,0.000401317
4/1/2011,0.000401317
5/1/2011,0.000401317
6/1/2011,0.000401317
7/1/2011,0.000401317
10/1/2011,0.000401317
11/1/2011,0.000401317
12/1/2011,0.000401317
13/01/2011,0.000401317
14/01/2011,0.000401317
17/01/2011,0.000401317
18/01/2011,0.000401317
19/01/2011,0.000401317
20/01/2011,0.000419217
21/01/2011,0.000419217
24/01/2011,0.000419217
25/01/2011,0.000419217
26/01/2011,0.000419217
27/01/2011,0.000419217
28/01/2011,0.000419217
31/01/2011,0.000419217
1/2/2011,0.000419217
2/2/2011,0.000419217
3/2/2011,0.000419217
4/2/2011,0.000419217
7/2/2011,0.000419217
8/2/2011,0.000419217
9/2/2011,0.000419217
10/2/2011,0.000419574
11/2/2011,0.000419217
14/02/2011,0.000419574
15/02/2011,0.000419574
16/02/2011,0.000419574
17/02/2011,0.000419574
18/02/2011,0.000419931
21/02/2011,0.000419931
22/02/2011,0.000419931
23/02/2011,0.000419931
24/02/2011,0.000419931
25/02/2011,0.000419931
28/02/2011,0.000419574
1/3/2011,0.000419931
2/3/2011,0.000419931
3/3/2011,0.000437037
4/3/2011,0.000437037
9/3/2011,0.000437037
10/3/2011,0.000437037
11/3/2011,0.000437037
14/03/2011,0.000437037
15/03/2011,0.000437392
16/03/2011,0.000437392
17/03/2011,0.000437037
18/03/2011,0.000437392
21/03/2011,0.000437037
22/03/2011,0.000437037
23/03/2011,0.000437392
24/03/2011,0.000437392
25/03/2011,0.000437392
28/03/2011,0.000437748
29/03/2011,0.000437748
30/03/2011,0.000437748
31/03/2011,0.000437748
1/4/2011,0.000438104
4/4/2011,0.000437748
5/4/2011,0.000437392
6/4/2011,0.000437037
7/4/2011,0.000437392
8/4/2011,0.000437037
11/4/2011,0.000437037
12/4/2011,0.000436681
13/04/2011,0.000437392
14/04/2011,0.000437748
15/04/2011,0.000437748
18/04/2011,0.000438814
19/04/2011,0.000437748
20/04/2011,0.000437037
25/04/2011,0.000445562
26/04/2011,0.000445917
27/04/2011,0.000445917
28/04/2011,0.000445917
29/04/2011,0.000446627
2/5/2011,0.000446272
3/5/2011,0.000446272
4/5/2011,0.000446272
5/5/2011,0.000446272
6/5/2011,0.000446272
9/5/2011,0.000445917
10/5/2011,0.000445917
11/5/2011,0.000445562
12/5/2011,0.000445207
13/05/2011,0.000445207
16/05/2011,0.000444853
17/05/2011,0.000445562
18/05/2011,0.000445562
19/05/2011,0.000445562
20/05/2011,0.000446272
23/05/2011,0.000446272
24/05/2011,0.000445917
25/05/2011,0.000445917
26/05/2011,0.000445562
27/05/2011,0.000445917
30/05/2011,0.000445562
31/05/2011,0.000444498
1/6/2011,0.000446627
2/6/2011,0.000445917
3/6/2011,0.000445917
6/6/2011,0.000446627
7/6/2011,0.000445917
8/6/2011,0.000445562
9/6/2011,0.000452299
10/6/2011,0.000453007
13/06/2011,0.000452299
14/06/2011,0.000451944
15/06/2011,0.000454424
16/06/2011,0.000454424
17/06/2011,0.000454424
20/06/2011,0.000454069
21/06/2011,0.000454778
22/06/2011,0.000454424
24/06/2011,0.000454069
27/06/2011,0.000454069
28/06/2011,0.000453715
29/06/2011,0.000454069
30/06/2011,0.000455132
1/7/2011,0.000455132
4/7/2011,0.000455132
5/7/2011,0.000455486
6/7/2011,0.000455132
7/7/2011,0.000455132
8/7/2011,0.000455132
11/7/2011,0.000455132
12/7/2011,0.000455132
13/07/2011,0.000455486
14/07/2011,0.000455486
15/07/2011,0.000455486
18/07/2011,0.000455486
19/07/2011,0.000455132
20/07/2011,0.000455132
21/07/2011,0.000463972
22/07/2011,0.000463972
25/07/2011,0.000464325
26/07/2011,0.000463972
27/07/2011,0.000463972
28/07/2011,0.000463972
29/07/2011,0.000463972
1/8/2011,0.000464325
2/8/2011,0.000463972
3/8/2011,0.000463972
4/8/2011,0.000463972
5/8/2011,0.000463972
8/8/2011,0.000463972
9/8/2011,0.000463972
10/8/2011,0.000463972
11/8/2011,0.000463972
12/8/2011,0.000463972
15/08/2011,0.000463972
16/08/2011,0.000463972
17/08/2011,0.000463972
18/08/2011,0.000463618
19/08/2011,0.000463972
22/08/2011,0.000463618
23/08/2011,0.000463972
24/08/2011,0.000463972
25/08/2011,0.000463618
26/08/2011,0.000463618
29/08/2011,0.000463618
30/08/2011,0.000463618
31/08/2011,0.000463618
1/9/2011,0.000445562
2/9/2011,0.000445562
5/9/2011,0.000445562
6/9/2011,0.000445562
8/9/2011,0.000445562
9/9/2011,0.000445562
12/9/2011,0.000445562
13/09/2011,0.000445562
14/09/2011,0.000445562
15/09/2011,0.000445562
16/09/2011,0.000445562
19/09/2011,0.000445207
20/09/2011,0.000445207
21/09/2011,0.000445562
22/09/2011,0.000445562
23/09/2011,0.000445562
26/09/2011,0.000445562
27/09/2011,0.000445562
28/09/2011,0.000445562
29/09/2011,0.000445562
30/09/2011,0.000445562
3/10/2011,0.000445917
4/10/2011,0.000445562
5/10/2011,0.000445562
6/10/2011,0.000445562
7/10/2011,0.000445562
10/10/2011,0.000445562
11/10/2011,0.000445562
13/10/2011,0.000445207
14/10/2011,0.000445207
17/10/2011,0.000445207
18/10/2011,0.000445207
19/10/2011,0.000445562
20/10/2011,0.000428137
21/10/2011,0.000428137
24/10/2011,0.000428137
25/10/2011,0.000428137
26/10/2011,0.000428137
27/10/2011,0.000428137
28/10/2011,0.000428137
31/10/2011,0.000428137
1/11/2011,0.000428137
3/11/2011,0.000428493
4/11/2011,0.000428137
7/11/2011,0.000429206
8/11/2011,0.000428137
9/11/2011,0.00042778
10/11/2011,0.000427424
11/11/2011,0.000427424
14/11/2011,0.000426711
16/11/2011,0.000427067
17/11/2011,0.000427067
18/11/2011,0.000427424
21/11/2011,0.00042778
22/11/2011,0.00042778
23/11/2011,0.00042778
24/11/2011,0.00042778
25/11/2011,0.000427067
28/11/2011,0.000426711
29/11/2011,0.000426354
30/11/2011,0.000427067
1/12/2011,0.000409561
2/12/2011,0.000409919
5/12/2011,0.000410277
6/12/2011,0.000409919
7/12/2011,0.000409561
8/12/2011,0.000408844
9/12/2011,0.000408128
12/12/2011,0.00040777
13/12/2011,0.000408128
14/12/2011,0.000409203
15/12/2011,0.000409561
16/12/2011,0.000409919
19/12/2011,0.000410277
20/12/2011,0.000410635
21/12/2011,0.000410277
22/12/2011,0.000409919
23/12/2011,0.000409919
26/12/2011,0.000408844
27/12/2011,0.000409203
28/12/2011,0.000408844
29/12/2011,0.000409561
30/12/2011,0.000409561
2/1/2012,0.000410277
3/1/2012,0.000409919
4/1/2012,0.000409919
5/1/2012,0.000408844
6/1/2012,0.000409203
9/1/2012,0.00040777
10/1/2012,0.000408128
11/1/2012,0.00040777
12/1/2012,0.000407412
13/01/2012,0.00040777
16/01/2012,0.00040777
17/01/2012,0.000407412
18/01/2012,0.000407053
19/01/2012,0.000389458
20/01/2012,0.000389818
23/01/2012,0.000389818
24/01/2012,0.000390178
25/01/2012,0.000390178
26/01/2012,0.000389458
27/01/2012,0.000389098
30/01/2012,0.000389098
31/01/2012,0.000389458
1/2/2012,0.000389098
2/2/2012,0.000389098
3/2/2012,0.000389818
6/2/2012,0.000389098
7/2/2012,0.000389098
8/2/2012,0.000388739
9/2/2012,0.000389098
10/2/2012,0.000389098
13/02/2012,0.000388379
14/02/2012,0.000388739
15/02/2012,0.000388739
16/02/2012,0.000388379
17/02/2012,0.000389818
22/02/2012,0.000388739
23/02/2012,0.000388739
24/02/2012,0.000389458
27/02/2012,0.000389458
28/02/2012,0.000388379
29/02/2012,0.000388019
1/3/2012,0.000388019
2/3/2012,0.000387659
5/3/2012,0.000387659
6/3/2012,0.000387299
7/3/2012,0.000386218
8/3/2012,0.000361289
9/3/2012,0.000360564
12/3/2012,0.000359476
13/03/2012,0.000358751
14/03/2012,0.000358388
15/03/2012,0.000358388
16/03/2012,0.000359839
19/03/2012,0.000359476
20/03/2012,0.000359476
21/03/2012,0.000359476
22/03/2012,0.000359476
23/03/2012,0.000360926
26/03/2012,0.000359839
27/03/2012,0.000359839
28/03/2012,0.000359476
29/03/2012,0.000359476
30/03/2012,0.000360926
2/4/2012,0.000360201
3/4/2012,0.000360201
4/4/2012,0.000361289
5/4/2012,0.000360926
9/4/2012,0.000360201
10/4/2012,0.000360926
11/4/2012,0.000359839
12/4/2012,0.000359476
13/04/2012,0.000359476
16/04/2012,0.000359113
17/04/2012,0.000358751
18/04/2012,0.000359113
19/04/2012,0.000331823
20/04/2012,0.000332188
23/04/2012,0.000333648
24/04/2012,0.000331823
25/04/2012,0.000331823
26/04/2012,0.000331823
27/04/2012,0.000332188
30/04/2012,0.000331093
2/5/2012,0.000333283
3/5/2012,0.000333283
4/5/2012,0.000331458
7/5/2012,0.000331458
8/5/2012,0.000330728
9/5/2012,0.000330728
10/5/2012,0.000330362
11/5/2012,0.000330362
14/05/2012,0.000328536
15/05/2012,0.000331823
16/05/2012,0.000332188
17/05/2012,0.000332553
18/05/2012,0.000333283
21/05/2012,0.000332188
22/05/2012,0.000333648
23/05/2012,0.000334013
24/05/2012,0.000334013
25/05/2012,0.000334378
28/05/2012,0.000334013
29/05/2012,0.000334378
30/05/2012,0.000335108
31/05/2012,0.000317558
1/6/2012,0.000317925
4/6/2012,0.000318291
5/6/2012,0.000318657
6/6/2012,0.000317192
8/6/2012,0.000318657
11/6/2012,0.000317192
12/6/2012,0.000317925
13/06/2012,0.000318291
14/06/2012,0.000317925
15/06/2012,0.000317192
18/06/2012,0.000318291
19/06/2012,0.000317192
20/06/2012,0.000319024
21/06/2012,0.00031939
22/06/2012,0.000318657
25/06/2012,0.00031939
26/06/2012,0.000318291
27/06/2012,0.000319024
28/06/2012,0.000318657
29/06/2012,0.00031939
2/7/2012,0.000318657
3/7/2012,0.000318657
4/7/2012,0.000319024
5/7/2012,0.000318657
6/7/2012,0.000317925
9/7/2012,0.000318657
10/7/2012,0.000317192
11/7/2012,0.000316459
12/7/2012,0.000299931
13/07/2012,0.000299194
16/07/2012,0.000299931
17/07/2012,0.000298826
18/07/2012,0.00029809
19/07/2012,0.000299194
20/07/2012,0.000299563
23/07/2012,0.000299563
24/07/2012,0.000298826
25/07/2012,0.000299563
26/07/2012,0.000298458
27/07/2012,0.000297722
30/07/2012,0.000299194
31/07/2012,0.000299194
1/8/2012,0.000299194
2/8/2012,0.000298826
3/8/2012,0.000299194
6/8/2012,0.000298826
7/8/2012,0.000298826
8/8/2012,0.000298826
9/8/2012,0.000298826
10/8/2012,0.000298826
13/08/2012,0.00029809
14/08/2012,0.000299194
15/08/2012,0.000299194
16/08/2012,0.000298826
17/08/2012,0.000299563
20/08/2012,0.000299931
21/08/2012,0.000298826
22/08/2012,0.000298458
23/08/2012,0.000298458
24/08/2012,0.000298826
27/08/2012,0.000299194
28/08/2012,0.000299194
29/08/2012,0.000298826
30/08/2012,0.000282595
31/08/2012,0.000282595
3/9/2012,0.000283703
4/9/2012,0.000282964
5/9/2012,0.000282964
6/9/2012,0.000282964
10/9/2012,0.000282595
11/9/2012,0.000282225
12/9/2012,0.000281855
13/09/2012,0.000281855
14/09/2012,0.000281485
17/09/2012,0.000281116
18/09/2012,0.000280746
19/09/2012,0.000280746
20/09/2012,0.000281485
21/09/2012,0.000281485
24/09/2012,0.000281485
25/09/2012,0.000282595
26/09/2012,0.000282225
27/09/2012,0.000281855
28/09/2012,0.000281855
1/10/2012,0.000281855
2/10/2012,0.000281485
3/10/2012,0.000281855
4/10/2012,0.000281855
5/10/2012,0.000281855
8/10/2012,0.000281855
9/10/2012,0.000281485
10/10/2012,0.000280746
11/10/2012,0.000270006
15/10/2012,0.000270006
16/10/2012,0.000270377
17/10/2012,0.000270748
18/10/2012,0.000271489
19/10/2012,0.000271489
22/10/2012,0.000272972
23/10/2012,0.000272972
24/10/2012,0.000273342
25/10/2012,0.000272601
26/10/2012,0.00027186
29/10/2012,0.000271489
30/10/2012,0.000271119
31/10/2012,0.00027186
1/11/2012,0.000272601
5/11/2012,0.000272972
6/11/2012,0.000272972
7/11/2012,0.000273342
8/11/2012,0.00027186
9/11/2012,0.00027186
12/11/2012,0.000271119
13/11/2012,0.000270748
14/11/2012,0.000270748
16/11/2012,0.000270377
19/11/2012,0.000269635
20/11/2012,0.000268894
21/11/2012,0.000268152
22/11/2012,0.00027186
23/11/2012,0.000272972
26/11/2012,0.000273342
27/11/2012,0.000272972
28/11/2012,0.000272601
29/11/2012,0.000271119
30/11/2012,0.000270748
3/12/2012,0.000271119
4/12/2012,0.000271119
5/12/2012,0.000270748
6/12/2012,0.000270377
7/12/2012,0.000270006
10/12/2012,0.000268894
11/12/2012,0.00026741
12/12/2012,0.00026741
13/12/2012,0.000266667
14/12/2012,0.000264811
17/12/2012,0.00026444
18/12/2012,0.000263697
19/12/2012,0.000262583
20/12/2012,0.000262954
21/12/2012,0.000263697
24/12/2012,0.000263697
26/12/2012,0.000264811
27/12/2012,0.000264811
28/12/2012,0.000264811
31/12/2012,0.000264811
2/1/2013,0.000265554
3/1/2013,0.000265554
4/1/2013,0.000265925
7/1/2013,0.000265554
8/1/2013,0.000265183
9/1/2013,0.000264811
10/1/2013,0.000265183
11/1/2013,0.000265554
14/01/2013,0.000265925
15/01/2013,0.000266296
16/01/2013,0.000266296
17/01/2013,0.000266296
18/01/2013,0.000265554
21/01/2013,0.000265925
22/01/2013,0.000265925
23/01/2013,0.000265925
24/01/2013,0.000265925
25/01/2013,0.000266296
28/01/2013,0.000266296
29/01/2013,0.000266667
30/01/2013,0.000266667
31/01/2013,0.000266667
1/2/2013,0.000266667
4/2/2013,0.000267039
5/2/2013,0.000267039
6/2/2013,0.000267039
7/2/2013,0.000266667
8/2/2013,0.000266667
13/02/2013,0.000266667
14/02/2013,0.000266296
15/02/2013,0.000266296
18/02/2013,0.000266296
19/02/2013,0.000265925
20/02/2013,0.000266667
21/02/2013,0.000266667
22/02/2013,0.000267039
25/02/2013,0.000268523
26/02/2013,0.000267781
27/02/2013,0.000267781
28/02/2013,0.000267781
1/3/2013,0.000267781
4/3/2013,0.000268152
5/3/2013,0.000268152
6/3/2013,0.000268152
7/3/2013,0.000268152
8/3/2013,0.000268152
11/3/2013,0.000268152
12/3/2013,0.000268152
13/03/2013,0.000268152
14/03/2013,0.000268152
15/03/2013,0.000268152
18/03/2013,0.000268152
19/03/2013,0.000268152
20/03/2013,0.000268152
21/03/2013,0.000268152
22/03/2013,0.000268152
25/03/2013,0.000268152
26/03/2013,0.000268152
27/03/2013,0.000268152
28/03/2013,0.000268894
1/4/2013,0.000269265
2/4/2013,0.000269265
3/4/2013,0.000268894
4/4/2013,0.000268894
5/4/2013,0.000268894
8/4/2013,0.000268894
9/4/2013,0.000268894
10/4/2013,0.000268894
11/4/2013,0.000268894
12/4/2013,0.000268894
15/04/2013,0.000268894
16/04/2013,0.000268523
17/04/2013,0.000268523
18/04/2013,0.000277416
19/04/2013,0.000277416
22/04/2013,0.000277416
23/04/2013,0.000277416
24/04/2013,0.000277416
25/04/2013,0.000277416
26/04/2013,0.000277046
29/04/2013,0.000277046
30/04/2013,0.000277046
2/5/2013,0.000277046
3/5/2013,0.000277046
6/5/2013,0.000277416
7/5/2013,0.000277416
8/5/2013,0.000277046
9/5/2013,0.000277416
10/5/2013,0.000277046
13/05/2013,0.000276676
14/05/2013,0.000276676
15/05/2013,0.000276676
16/05/2013,0.000276676
17/05/2013,0.000276676
20/05/2013,0.000276676
21/05/2013,0.000276676
22/05/2013,0.000276676
23/05/2013,0.000276676
24/05/2013,0.000276676
27/05/2013,0.000276676
28/05/2013,0.000276676
29/05/2013,0.000276676
31/05/2013,0.000295143
3/6/2013,0.000295143
4/6/2013,0.000295143
5/6/2013,0.000295143
6/6/2013,0.000295143
7/6/2013,0.000295143
10/6/2013,0.000295143
11/6/2013,0.000295143
12/6/2013,0.000295143
13/06/2013,0.000295143
14/06/2013,0.000295143
17/06/2013,0.000295143
18/06/2013,0.000295143
19/06/2013,0.000295143
20/06/2013,0.000295143
21/06/2013,0.000295143
24/06/2013,0.000295143
25/06/2013,0.000295143
26/06/2013,0.000295143
27/06/2013,0.000295143
28/06/2013,0.000295143
1/7/2013,0.000295143
2/7/2013,0.000295143
3/7/2013,0.000295143
4/7/2013,0.000295143
5/7/2013,0.000295143
8/7/2013,0.000295143
9/7/2013,0.000295143
10/7/2013,0.000295143
11/7/2013,0.000313525
12/7/2013,0.000313525
15/07/2013,0.000313525
16/07/2013,0.000313525
17/07/2013,0.000313525
18/07/2013,0.000313525
19/07/2013,0.000313525
22/07/2013,0.000313525
23/07/2013,0.000313525
24/07/2013,0.000313525
25/07/2013,0.000313525
26/07/2013,0.000313525
29/07/2013,0.000313525
30/07/2013,0.000313525
31/07/2013,0.000313525
1/8/2013,0.000313892
2/8/2013,0.000313892
5/8/2013,0.000313525
6/8/2013,0.000313525
7/8/2013,0.000313525
8/8/2013,0.000313525
9/8/2013,0.000313525
12/8/2013,0.000313525
13/08/2013,0.000313525
14/08/2013,0.000313525
15/08/2013,0.000313525
16/08/2013,0.000313525
19/08/2013,0.000313525
20/08/2013,0.000313525
21/08/2013,0.000313525
22/08/2013,0.000313525
23/08/2013,0.000313525
26/08/2013,0.000313525
27/08/2013,0.000313525
28/08/2013,0.000313525
29/08/2013,0.000331823
30/08/2013,0.000331823
2/9/2013,0.000331823
3/9/2013,0.000331823
4/9/2013,0.000331823
5/9/2013,0.000331823
6/9/2013,0.000331823
9/9/2013,0.000331823
10/9/2013,0.000331823
11/9/2013,0.000331823
12/9/2013,0.000331823
13/09/2013,0.000331823
16/09/2013,0.000331823
17/09/2013,0.000331823
18/09/2013,0.000331823
19/09/2013,0.000331458
20/09/2013,0.000331093
23/09/2013,0.000331093
24/09/2013,0.000331093
25/09/2013,0.000335108
26/09/2013,0.000331823
27/09/2013,0.000331458
30/09/2013,0.000331458
1/10/2013,0.000331458
2/10/2013,0.000331093
3/10/2013,0.000331093
4/10/2013,0.000335838
7/10/2013,0.000335108
8/10/2013,0.000335108
9/10/2013,0.000336567
10/10/2013,0.000355123
11/10/2013,0.00035367
14/10/2013,0.00035476
15/10/2013,0.00035476
16/10/2013,0.00035476
17/10/2013,0.00035476
18/10/2013,0.00035367
21/10/2013,0.00035476
22/10/2013,0.00035476
23/10/2013,0.00035367
24/10/2013,0.00035367
25/10/2013,0.00035367
28/10/2013,0.00035367
29/10/2013,0.00035367
30/10/2013,0.00035367
31/10/2013,0.00035367
1/11/2013,0.00035367
4/11/2013,0.000352218
5/11/2013,0.000352218
6/11/2013,0.000352218
7/11/2013,0.000352218
8/11/2013,0.000352218
11/11/2013,0.000352218
12/11/2013,0.000352218
13/11/2013,0.000352218
14/11/2013,0.000352218
18/11/2013,0.000352218
19/11/2013,0.000352218
20/11/2013,0.000352218
21/11/2013,0.000352218
22/11/2013,0.000352218
25/11/2013,0.000352218
26/11/2013,0.000352218
27/11/2013,0.000352218
28/11/2013,0.000369977
29/11/2013,0.000369977
2/12/2013,0.000369977
3/12/2013,0.000369977
4/12/2013,0.000369977
5/12/2013,0.000369977
6/12/2013,0.000369616
9/12/2013,0.00037287
10/12/2013,0.000369977
11/12/2013,0.000369977
12/12/2013,0.000369977
13/12/2013,0.000369977
16/12/2013,0.00037287
17/12/2013,0.000369977
18/12/2013,0.000369977
19/12/2013,0.000369977
20/12/2013,0.000369977
23/12/2013,0.000369977
24/12/2013,0.000369977
26/12/2013,0.000369977
27/12/2013,0.000369977
30/12/2013,0.000369977
31/12/2013,0.000369977
2/1/2014,0.000369977
3/1/2014,0.000369977
6/1/2014,0.000369977
7/1/2014,0.000369977
8/1/2014,0.000369977
9/1/2014,0.000369977
10/1/2014,0.000369977
13/01/2014,0.000369977
14/01/2014,0.000369977
15/01/2014,0.000369977
16/01/2014,0.000388019
17/01/2014,0.000390538
20/01/2014,0.000390898
21/01/2014,0.000390898
22/01/2014,0.000388019
23/01/2014,0.000388019
24/01/2014,0.000388019
27/01/2014,0.000388019
28/01/2014,0.000388019
29/01/2014,0.000388019
30/01/2014,0.000388019
31/01/2014,0.000388019
3/2/2014,0.000388019
4/2/2014,0.000388739
5/2/2014,0.000388739
6/2/2014,0.000388739
7/2/2014,0.000388739
10/2/2014,0.000388739
11/2/2014,0.000388739
12/2/2014,0.000388739
13/02/2014,0.000388739
14/02/2014,0.000388739
17/02/2014,0.000388739
18/02/2014,0.000388739
19/02/2014,0.000388739
20/02/2014,0.000388739
21/02/2014,0.000388739
24/02/2014,0.000388739
25/02/2014,0.000388739
26/02/2014,0.000390898
27/02/2014,0.000399522
28/02/2014,0.000399522
5/3/2014,0.000398086
6/3/2014,0.000398086
7/3/2014,0.000398086
10/3/2014,0.000398086
11/3/2014,0.000398086
12/3/2014,0.000398086
13/03/2014,0.000398086
14/03/2014,0.000398086
17/03/2014,0.000398086
18/03/2014,0.000398086
19/03/2014,0.000399522
20/03/2014,0.000399522
21/03/2014,0.000399522
24/03/2014,0.000399522
25/03/2014,0.000399522
26/03/2014,0.000399522
27/03/2014,0.000398086
28/03/2014,0.000398086
31/03/2014,0.000398086
1/4/2014,0.000398086
2/4/2014,0.000398086
3/4/2014,0.000407053
4/4/2014,0.000407053
7/4/2014,0.000407053
8/4/2014,0.000407053
9/4/2014,0.000407053
10/4/2014,0.000407053
11/4/2014,0.000407053
14/04/2014,0.000407053
15/04/2014,0.000407053
16/04/2014,0.000407053
17/04/2014,0.000407053
22/04/2014,0.000407053
23/04/2014,0.000407053
24/04/2014,0.000407053
25/04/2014,0.000407053
28/04/2014,0.000407053
29/04/2014,0.000407053
30/04/2014,0.000407053
2/5/2014,0.000407053
5/5/2014,0.000407053
6/5/2014,0.000407053
7/5/2014,0.000407053
8/5/2014,0.000407053
9/5/2014,0.000407053
12/5/2014,0.000407053
13/05/2014,0.000407053
14/05/2014,0.000407053
15/05/2014,0.000407053
16/05/2014,0.000407053
19/05/2014,0.000407053
20/05/2014,0.000407053
21/05/2014,0.000407053
22/05/2014,0.000407053
23/05/2014,0.000407053
26/05/2014,0.000407053
27/05/2014,0.000407053
28/05/2014,0.000407053
29/05/2014,0.000407053
30/05/2014,0.000407053
2/6/2014,0.000407053
3/6/2014,0.000407053
4/6/2014,0.000407053
5/6/2014,0.000407053
6/6/2014,0.000407053
9/6/2014,0.000408486
10/6/2014,0.000407053
11/6/2014,0.000407053
12/6/2014,0.000407053
13/06/2014,0.000407053
16/06/2014,0.000407053
17/06/2014,0.000407053
18/06/2014,0.000407053
20/06/2014,0.000407053
23/06/2014,0.000407053
24/06/2014,0.000407053
25/06/2014,0.000407053
26/06/2014,0.000407053
27/06/2014,0.000407053
30/06/2014,0.000407053
1/7/2014,0.000407053
2/7/2014,0.000407053
3/7/2014,0.000407053
4/7/2014,0.000407053
7/7/2014,0.000407053
8/7/2014,0.000407053
9/7/2014,0.000407053
10/7/2014,0.000407053
11/7/2014,0.000407053
14/07/2014,0.000407053
15/07/2014,0.000407053
16/07/2014,0.000407053
17/07/2014,0.000407053
18/07/2014,0.000407053
21/07/2014,0.000407053
22/07/2014,0.000407053
23/07/2014,0.000407053
24/07/2014,0.000407053
25/07/2014,0.000407053
28/07/2014,0.000407053
29/07/2014,0.000407053
30/07/2014,0.000407053
31/07/2014,0.000407053
1/8/2014,0.000407053
4/8/2014,0.000407412
5/8/2014,0.000407412
6/8/2014,0.000407412
7/8/2014,0.000407412
8/8/2014,0.000407412
11/8/2014,0.000407412
12/8/2014,0.000407412
13/08/2014,0.000407412
14/08/2014,0.000407412
15/08/2014,0.00040777
18/08/2014,0.000407412
19/08/2014,0.000407412
20/08/2014,0.000408486
21/08/2014,0.00040777
22/08/2014,0.000407412
25/08/2014,0.000408486
26/08/2014,0.000408486
27/08/2014,0.000407412
28/08/2014,0.000408486
29/08/2014,0.000407412
1/9/2014,0.000407412
2/9/2014,0.000407412
3/9/2014,0.000407412
4/9/2014,0.000407412
5/9/2014,0.000407412
8/9/2014,0.000407412
9/9/2014,0.000407412
10/9/2014,0.000408486
11/9/2014,0.000407412
12/9/2014,0.000407412
15/09/2014,0.000407412
16/09/2014,0.000407412
17/09/2014,0.000407412
18/09/2014,0.000407412
19/09/2014,0.000407412
22/09/2014,0.000407412
23/09/2014,0.000408486
24/09/2014,0.000408486
25/09/2014,0.000408486
26/09/2014,0.000407412
29/09/2014,0.000407412
30/09/2014,0.000407412
1/10/2014,0.000407412
2/10/2014,0.000407412
3/10/2014,0.000407412
6/10/2014,0.000407412
7/10/2014,0.000408486
8/10/2014,0.000408486
9/10/2014,0.000408486
10/10/2014,0.000408486
13/10/2014,0.000407412
14/10/2014,0.000408486
15/10/2014,0.000407412
16/10/2014,0.000408486
17/10/2014,0.000408486
20/10/2014,0.000408486
21/10/2014,0.000408486
22/10/2014,0.000408486
23/10/2014,0.000408486
24/10/2014,0.000408486
27/10/2014,0.000408486
28/10/2014,0.000408486
29/10/2014,0.000408486
30/10/2014,0.00041743
31/10/2014,0.000416358
3/11/2014,0.000416358
4/11/2014,0.000416358
5/11/2014,0.00041743
6/11/2014,0.00041743
7/11/2014,0.00041743
10/11/2014,0.00041743
11/11/2014,0.00041743
12/11/2014,0.00041743
13/11/2014,0.00041743
14/11/2014,0.00041743
17/11/2014,0.00041743
18/11/2014,0.00041743
19/11/2014,0.00041743
20/11/2014,0.00041743
21/11/2014,0.00041743
24/11/2014,0.00041743
25/11/2014,0.00041743
26/11/2014,0.00041743
27/11/2014,0.00041743
28/11/2014,0.000416358
1/12/2014,0.000416358
2/12/2014,0.000416358
3/12/2014,0.00041743
4/12/2014,0.000435258
5/12/2014,0.000435258
8/12/2014,0.000435258
9/12/2014,0.000434547
10/12/2014,0.000434547
11/12/2014,0.000435258
12/12/2014,0.000435258
15/12/2014,0.000435258
16/12/2014,0.000435258
17/12/2014,0.000435258
18/12/2014,0.000435258
19/12/2014,0.000435258
22/12/2014,0.000435258
23/12/2014,0.000434547
24/12/2014,0.000434547
26/12/2014,0.000434547
29/12/2014,0.000435258
30/12/2014,0.000434547
31/12/2014,0.000434547
2/1/2015,0.000434547
5/1/2015,0.000434547
6/1/2015,0.000434547
7/1/2015,0.000434547
8/1/2015,0.000434547
9/1/2015,0.000434547
12/1/2015,0.000434547
13/01/2015,0.000434547
14/01/2015,0.000434547
15/01/2015,0.000434547
16/01/2015,0.000434547
19/01/2015,0.000434547
20/01/2015,0.000434547
21/01/2015,0.000434547
22/01/2015,0.000453007
23/01/2015,0.000452653
26/01/2015,0.000452653
27/01/2015,0.000452653
28/01/2015,0.000452653
29/01/2015,0.000452653
30/01/2015,0.000452653
2/2/2015,0.000452653
3/2/2015,0.000453007
4/2/2015,0.000453007
5/2/2015,0.000453007
6/2/2015,0.000453007
9/2/2015,0.000453007
10/2/2015,0.000453007
11/2/2015,0.000453007
12/2/2015,0.000453007
13/02/2015,0.000453007
18/02/2015,0.000453007
19/02/2015,0.000453007
20/02/2015,0.000453007
23/02/2015,0.000453007
24/02/2015,0.000453007
25/02/2015,0.000453007
26/02/2015,0.000453007
27/02/2015,0.000453007
2/3/2015,0.000453007
3/3/2015,0.000453007
4/3/2015,0.000453007
5/3/2015,0.00047103
6/3/2015,0.00047103
9/3/2015,0.00047103
10/3/2015,0.00047103
11/3/2015,0.00047103
12/3/2015,0.00047103
13/03/2015,0.00047103
16/03/2015,0.00047103
17/03/2015,0.00047103
18/03/2015,0.00047103
19/03/2015,0.00047103
20/03/2015,0.00047103
23/03/2015,0.000471382
24/03/2015,0.000471382
25/03/2015,0.000471382
26/03/2015,0.000471382
27/03/2015,0.000471382
30/03/2015,0.00047103
31/03/2015,0.00047103
1/4/2015,0.00047103
2/4/2015,0.00047103
6/4/2015,0.00047103
7/4/2015,0.00047103
8/4/2015,0.00047103
9/4/2015,0.00047103
10/4/2015,0.00047103
13/04/2015,0.00047103
14/04/2015,0.00047103
15/04/2015,0.00047103
16/04/2015,0.00047103
17/04/2015,0.00047103
20/04/2015,0.00047103
22/04/2015,0.00047103
23/04/2015,0.00047103
24/04/2015,0.00047103
27/04/2015,0.000471382
28/04/2015,0.000471735
29/04/2015,0.000471735
30/04/2015,0.000488971
4/5/2015,0.000488971
5/5/2015,0.000489673
6/5/2015,0.000489673
7/5/2015,0.000489673
8/5/2015,0.000489673
11/5/2015,0.000489673
12/5/2015,0.000489673
13/05/2015,0.000489673
14/05/2015,0.000489673
15/05/2015,0.000489673
18/05/2015,0.000489673
19/05/2015,0.000489673
20/05/2015,0.000489673
21/05/2015,0.000489673
22/05/2015,0.000489673
25/05/2015,0.000489673
26/05/2015,0.000489673
27/05/2015,0.000489673
28/05/2015,0.000489673
29/05/2015,0.000489673
1/6/2015,0.000489673
2/6/2015,0.000489673
3/6/2015,0.000489673
5/6/2015,0.000507531
8/6/2015,0.000507531
9/6/2015,0.000507531
10/6/2015,0.000507531
11/6/2015,0.000507531
12/6/2015,0.000507531
15/06/2015,0.000507531
16/06/2015,0.000507531
17/06/2015,0.000507531
18/06/2015,0.000507531
19/06/2015,0.000507531
22/06/2015,0.000507531
23/06/2015,0.000507531
24/06/2015,0.000507531
25/06/2015,0.000507531
26/06/2015,0.000507531
29/06/2015,0.000507531
30/06/2015,0.000507531
1/7/2015,0.000507531
2/7/2015,0.000507531
3/7/2015,0.000507531
6/7/2015,0.000507531
7/7/2015,0.000507531
8/7/2015,0.000507531
9/7/2015,0.000507531
10/7/2015,0.000507531
13/07/2015,0.000507531
14/07/2015,0.000507531
15/07/2015,0.000507531
16/07/2015,0.000507531
17/07/2015,0.000507531
20/07/2015,0.000507531
21/07/2015,0.000507531
22/07/2015,0.000507531
23/07/2015,0.000507531
24/07/2015,0.000507531
27/07/2015,0.000507531
28/07/2015,0.000507531
29/07/2015,0.000507531
30/07/2015,0.000524614
31/07/2015,0.000524614
3/8/2015,0.000524614
4/8/2015,0.000524614
5/8/2015,0.000524614
6/8/2015,0.000524614
7/8/2015,0.000524614
10/8/2015,0.000524614
11/8/2015,0.000524614
12/8/2015,0.000524614
13/08/2015,0.000524614
14/08/2015,0.000524614
17/08/2015,0.000524614
18/08/2015,0.000524614
19/08/2015,0.000524614
20/08/2015,0.000524614
21/08/2015,0.000524614
24/08/2015,0.000524614
25/08/2015,0.000524614
26/08/2015,0.000524614
27/08/2015,0.000524614
28/08/2015,0.000524614
31/08/2015,0.000524614
1/9/2015,0.000524614
2/9/2015,0.000524614
3/9/2015,0.000524614
4/9/2015,0.000524614
8/9/2015,0.000524614
9/9/2015,0.000524614
10/9/2015,0.000524614
11/9/2015,0.000524614
14/09/2015,0.000524614
15/09/2015,0.000524614
16/09/2015,0.000524614
17/09/2015,0.000524614
18/09/2015,0.000524614
21/09/2015,0.000524614
22/09/2015,0.000524614
23/09/2015,0.000524614
24/09/2015,0.000524614
25/09/2015,0.000524614
28/09/2015,0.000524614
29/09/2015,0.000524614
30/09/2015,0.000524614
1/10/2015,0.000524614
2/10/2015,0.000524614
5/10/2015,0.000524614
6/10/2015,0.000524614
7/10/2015,0.000524614
8/10/2015,0.000524614
9/10/2015,0.000524614
13/10/2015,0.000524614
14/10/2015,0.000524614
15/10/2015,0.000524614
16/10/2015,0.000524614
19/10/2015,0.000524614
20/10/2015,0.000524614
21/10/2015,0.000524614
22/10/2015,0.000524961
23/10/2015,0.000524961
26/10/2015,0.000524961
27/10/2015,0.000524961
28/10/2015,0.000524961
29/10/2015,0.000524961
30/10/2015,0.000524961
3/11/2015,0.000524961
4/11/2015,0.000524961
5/11/2015,0.000524961
6/11/2015,0.000524961
9/11/2015,0.000524961
10/11/2015,0.000524961
11/11/2015,0.000524961
12/11/2015,0.000524961
13/11/2015,0.000524961
16/11/2015,0.000524961
17/11/2015,0.000524961
18/11/2015,0.000524961
19/11/2015,0.000524961
20/11/2015,0.000524961
23/11/2015,0.000524961
24/11/2015,0.000524961
25/11/2015,0.000524961
26/11/2015,0.000524961
27/11/2015,0.000524961
30/11/2015,0.000524961
1/12/2015,0.000524961
2/12/2015,0.000524961
3/12/2015,0.000524961
4/12/2015,0.000524961
7/12/2015,0.000524961
8/12/2015,0.000524961
9/12/2015,0.000524961
10/12/2015,0.000524961
11/12/2015,0.000524961
14/12/2015,0.000524961
15/12/2015,0.000524961
16/12/2015,0.000524961
17/12/2015,0.000524961
18/12/2015,0.000524961
21/12/2015,0.000524961
22/12/2015,0.000524961
23/12/2015,0.000524961
24/12/2015,0.000524961
28/12/2015,0.000524961
29/12/2015,0.000524961
30/12/2015,0.000524961
31/12/2015,0.000524961
4/1/2016,0.000524961
5/1/2016,0.000524961
6/1/2016,0.000524961
7/1/2016,0.000524961
8/1/2016,0.000524961
11/1/2016,0.000524961
12/1/2016,0.000524961
13/01/2016,0.000524961
14/01/2016,0.000524961
15/01/2016,0.000524961
18/01/2016,0.000524961
19/01/2016,0.000524961
20/01/2016,0.000524961
21/01/2016,0.000524614
22/01/2016,0.000524614
25/01/2016,0.000524614
26/01/2016,0.000524614
27/01/2016,0.000524614
28/01/2016,0.000524614
29/01/2016,0.000524614
1/2/2016,0.000524614
2/2/2016,0.000524614
3/2/2016,0.000524614
4/2/2016,0.000524614
5/2/2016,0.000524614
10/2/2016,0.000524614
11/2/2016,0.000524614
12/2/2016,0.000524614
15/02/2016,0.000524614
16/02/2016,0.000524614
17/02/2016,0.000524614
18/02/2016,0.000524614
19/02/2016,0.000524614
22/02/2016,0.000524614
23/02/2016,0.000524614
24/02/2016,0.000524614
25/02/2016,0.000524614
26/02/2016,0.000524614
29/02/2016,0.000524614
1/3/2016,0.000524614
2/3/2016,0.000524614
3/3/2016,0.000524614
4/3/2016,0.000524614
7/3/2016,0.000524614
8/3/2016,0.000524614
9/3/2016,0.000524614
10/3/2016,0.000524614
11/3/2016,0.000524614
14/03/2016,0.000524614
15/03/2016,0.000524614
16/03/2016,0.000524614
17/03/2016,0.000524614
18/03/2016,0.000524614
21/03/2016,0.000524614
22/03/2016,0.000524614
23/03/2016,0.000524614
24/03/2016,0.000524614
28/03/2016,0.000524614
29/03/2016,0.000524614
30/03/2016,0.000524614
31/03/2016,0.000524614
1/4/2016,0.000524614
4/4/2016,0.000524614
5/4/2016,0.000524614
6/4/2016,0.000524614
7/4/2016,0.000524614
8/4/2016,0.000524614
11/4/2016,0.000524614
12/4/2016,0.000524614
13/04/2016,0.000524614
14/04/2016,0.000524614
15/04/2016,0.000524614
18/04/2016,0.000524614
19/04/2016,0.000524614
20/04/2016,0.000524614
22/04/2016,0.000524614
25/04/2016,0.000524614
26/04/2016,0.000524614
27/04/2016,0.000524614
28/04/2016,0.000524614
29/04/2016,0.000524614
2/5/2016,0.000524614
3/5/2016,0.000524614
4/5/2016,0.000524614
5/5/2016,0.000524614
6/5/2016,0.000524614
9/5/2016,0.000524614
10/5/2016,0.000524614
11/5/2016,0.000524614
12/5/2016,0.000524614
13/05/2016,0.000524614
16/05/2016,0.000524614
17/05/2016,0.000524614
18/05/2016,0.000524614
19/05/2016,0.000524614
20/05/2016,0.000524614
23/05/2016,0.000524614
24/05/2016,0.000524614
25/05/2016,0.000524614
27/05/2016,0.000524614
30/05/2016,0.000524614
31/05/2016,0.000524614
1/6/2016,0.000524614
2/6/2016,0.000524614
3/6/2016,0.000524614
6/6/2016,0.000524614
7/6/2016,0.000524614
8/6/2016,0.000524614
9/6/2016,0.000524614
10/6/2016,0.000524614
13/06/2016,0.000524614
14/06/2016,0.000524614
15/06/2016,0.000524614
16/06/2016,0.000524614
17/06/2016,0.000524614
20/06/2016,0.000524614
21/06/2016,0.000524614
22/06/2016,0.000524614
23/06/2016,0.000524614
24/06/2016,0.000524614
27/06/2016,0.000524614
28/06/2016,0.000524614
29/06/2016,0.000524614
30/06/2016,0.000524614
1/7/2016,0.000524614
4/7/2016,0.000524614
5/7/2016,0.000524614
6/7/2016,0.000524614
7/7/2016,0.000524614
8/7/2016,0.000524614
11/7/2016,0.000524614
12/7/2016,0.000524614
13/07/2016,0.000524614
14/07/2016,0.000524614
15/07/2016,0.000524614
18/07/2016,0.000524614
19/07/2016,0.000524614
20/07/2016,0.000524614
21/07/2016,0.000524614
22/07/2016,0.000524614
25/07/2016,0.000524614
26/07/2016,0.000524614
27/07/2016,0.000524614
28/07/2016,0.000524614
29/07/2016,0.000524614
1/8/2016,0.000524614
2/8/2016,0.000524614
3/8/2016,0.000524614
4/8/2016,0.000524614
5/8/2016,0.000524614
8/8/2016,0.000524614
9/8/2016,0.000524614
10/8/2016,0.000524614
11/8/2016,0.000524614
12/8/2016,0.000524614
15/08/2016,0.000524614
16/08/2016,0.000524614
17/08/2016,0.000524614
18/08/2016,0.000524614
19/08/2016,0.000524614
22/08/2016,0.000524614
23/08/2016,0.000524614
24/08/2016,0.000524614
25/08/2016,0.000524614
26/08/2016,0.000524614
29/08/2016,0.000524614
30/08/2016,0.000524614
31/08/2016,0.000524614
1/9/2016,0.000524614
2/9/2016,0.000524614
5/9/2016,0.000524614
6/9/2016,0.000524614
8/9/2016,0.000524614
9/9/2016,0.000524614
12/9/2016,0.000524614
13/09/2016,0.000524614
14/09/2016,0.000524614
15/09/2016,0.000524614
16/09/2016,0.000524614
19/09/2016,0.000524614
20/09/2016,0.000524614