DB (t),VEIPX US Equity,LCEAX US Equity,FLGEX US Equity,TRMCX US Equity,SPY US Equity,SPYV US Equity,SPYG US Equity
1/2/13,24.7,13.79,11.37,24.54,146.06,73.67,67.24
1/3/13,24.65,13.78,11.34,24.59,145.7341,73.8799,67.01
1/4/13,24.76,13.87,11.37,24.81,146.37,74.05,67.21
1/7/13,24.66,13.82,11.33,24.64,145.9695,73.8999,67.06
1/8/13,24.57,13.76,11.32,24.58,145.5496,73.56,66.9792
1/9/13,24.66,13.8,11.37,24.64,145.92,73.64,67.1099
1/10/13,24.85,13.85,11.44,24.76,147.08,74.428,67.55
1/11/13,24.89,13.83,11.45,24.79,147.07,74.35,67.6299
1/14/13,24.91,13.84,11.43,24.8,146.97,74.25,67.39
1/15/13,24.95,13.89,11.43,24.92,147.07,74.38,67.331
1/16/13,24.9,13.87,11.45,24.86,147.05,74.654,67.516
1/17/13,25.12,14,11.52,25.05,148,75.13,67.964
1/18/13,25.18,14.04,11.54,25.15,148.33,75.4,67.8004
1/22/13,25.29,14.09,11.58,25.36,149.13,75.916,68.064
1/23/13,25.28,14.08,11.63,25.28,149.37,75.8939,68.2728
1/24/13,25.38,14.12,11.59,25.29,149.41,76.34,68.11
1/25/13,25.52,14.18,11.63,25.34,150.25,76.5544,68.472
1/28/13,25.47,14.15,11.61,25.31,150.07,76.58,68.35
1/29/13,25.64,14.2,11.66,25.43,150.66,77.05,68.6201
1/30/13,25.54,14.19,11.62,25.37,150.07,76.72,68.36
1/31/13,25.45,14.16,11.6,25.44,149.7,76.66,68.134
2/1/13,25.66,14.28,11.71,25.67,151.24,77.4399,68.78
2/4/13,25.4,14.14,11.58,25.45,149.535,76.73,67.87
2/5/13,25.63,14.28,11.7,25.66,151.05,77.4,68.762
2/6/13,25.65,14.3,11.7,25.78,151.16,77.29,68.71
2/7/13,25.59,14.27,11.7,25.77,150.96,77.19,68.52
2/8/13,25.7,14.32,11.78,25.93,151.8,77.39,69.152
2/11/13,25.7,14.32,11.78,25.9,151.77,77.54,69.139
2/12/13,25.77,14.4,11.76,26.03,152.02,77.78,69.1779
2/13/13,25.8,14.42,11.76,26.08,152.151,77.8,69.108
2/14/13,25.83,14.42,11.78,26.04,152.29,78.0778,69.2
2/15/13,25.82,14.42,11.78,26.06,152.11,77.71,69.099
2/19/13,26.06,14.5,11.85,26.25,153.25,78.264,69.661
2/20/13,25.85,14.37,11.71,25.88,151.34,77.53,68.85
2/21/13,25.72,14.29,11.64,25.69,150.42,77.194,68.46
2/22/13,25.94,14.43,11.74,25.93,151.89,77.4501,68.762
2/25/13,25.5,14.22,11.56,25.44,149,76.27,67.81
2/26/13,25.64,14.3,11.63,25.56,150.02,76.63,68.23
2/27/13,25.97,14.46,11.77,25.85,151.91,77.65,69.147
2/28/13,25.98,14.47,11.77,25.84,151.61,77.49,68.94
3/1/13,26.02,14.51,11.8,25.84,152.11,77.73,69.26
3/4/13,26.16,14.58,11.85,25.89,152.92,77.95,69.544
3/5/13,26.37,14.69,11.97,26.14,154.29,78.8,70.25
3/6/13,26.4,14.7,11.96,26.2,154.5,79.0899,70.3
3/7/13,26.42,14.74,11.98,26.32,154.776,79.22,70.47
3/8/13,26.5,14.82,12.04,26.47,155.44,79.56,70.71
3/11/13,26.57,14.87,12.07,26.54,156.03,79.88,70.8698
3/12/13,26.56,14.85,12.04,26.54,155.68,79.73,70.71
3/13/13,26.6,14.92,12.06,26.61,155.905,79.96,70.84
3/14/13,26.74,14.98,12.12,26.8,156.73,80.46,71.07
3/15/13,26.67,14.95,12.1,26.75,155.83,79.962,70.75
3/18/13,26.52,14.88,12.06,26.62,154.97,79.3,70.5
3/19/13,26.52,14.91,12.04,26.58,154.61,79.05,70.231
3/20/13,26.7,15.04,12.12,26.8,155.69,79.688,70.824
3/21/13,26.5,14.87,12.03,26.56,154.359,79.124,70.218
3/22/13,26.69,14.95,12.12,26.66,155.6,79.45,70.76
3/25/13,26.6,14.92,12.09,26.61,154.95,79.2701,70.4968
3/26/13,26.8,15.05,12.19,26.77,156.19,79.76,71.14
3/27/13,26.59,15.04,12.19,26.8,156.19,79.69,71.102
3/28/13,26.7,15.13,12.24,26.94,156.67,80.007,71.33
4/1/13,26.65,15.04,12.17,26.73,156.05,79.879,70.906
4/2/13,26.78,15.08,12.22,26.65,156.82,80.09,71.4
4/3/13,26.56,14.94,12.11,26.27,155.23,79.356,70.672
4/4/13,26.69,15,12.16,26.41,155.86,79.65,70.772
4/5/13,26.58,14.95,12.1,26.37,155.158,79.4,70.5523
4/8/13,26.71,15.07,12.17,26.57,156.21,79.96,70.72
4/9/13,26.81,15.09,12.2,26.64,156.75,80.4699,71.25
4/10/13,27.12,15.24,12.36,26.94,158.67,81.24,72.229
4/11/13,27.23,15.29,12.39,27.07,159.19,81.4101,72.4201
4/12/13,27.18,15.25,12.14,26.91,158.8,81.17,72.2854
4/15/13,26.62,14.94,11.86,26.13,155.118,79.39,71.0199
4/16/13,26.93,15.11,12.04,26.45,157.41,80.21,71.8245
4/17/13,26.6,14.93,11.87,26.03,155.11,79.046,70.8475
4/18/13,26.52,14.88,11.79,25.96,154.14,78.8199,70.24
4/19/13,26.77,15.08,11.9,26.19,155.48,79.3002,70.98
4/22/13,26.88,15.11,11.98,26.24,156.17,79.53,71.519
4/23/13,27.15,15.27,12.1,26.43,157.78,80.18,71.5101
4/24/13,27.14,15.26,12.08,26.63,157.88,80.6,72.07
4/25/13,27.2,15.32,12.14,26.78,158.52,80.95,72.4
4/26/13,27.18,15.27,12.12,26.72,158.24,80.93,72.231
4/29/13,27.39,15.37,12.22,26.92,159.3,81.42,72.752
4/30/13,27.41,15.38,12.28,27.05,159.68,81.429,72.712
5/1/13,27.14,15.27,12.17,26.72,158.28,80.95,72.19
5/2/13,27.32,15.34,12.3,26.92,159.75,81.3499,73.06
5/3/13,27.56,15.47,12.43,27.21,161.368,82.22,73.84
5/6/13,27.54,15.45,12.46,27.28,161.78,82.35,74.0162
5/7/13,27.71,15.56,12.52,27.44,162.5999,82.86,74.2201
5/8/13,27.84,15.58,12.57,27.56,163.34,83.25,74.616
5/9/13,27.71,15.51,12.53,27.46,162.881,83,74.391
5/10/13,27.78,15.6,12.58,27.59,163.41,83.01,74.88
5/13/13,27.8,15.6,12.57,27.5,163.54,83.03,74.8896
5/14/13,28.06,15.77,12.7,27.8,165.23,84.02,75.55
5/15/13,28.25,15.88,12.76,27.93,166.115,84.2844,75.9499
5/16/13,28.16,15.79,12.7,27.83,165.34,84.176,75.64
5/17/13,28.4,15.94,12.84,28.09,166.94,85.1543,76.1501
5/20/13,28.37,15.88,12.82,28.13,166.93,85.1871,76.07
5/21/13,28.47,15.89,12.83,28.2,167.17,85.34,76.3
5/22/13,28.29,15.75,12.73,27.86,165.93,84.61,75.569
5/23/13,28.2,15.71,12.71,27.9,165.45,84.4596,75.4899
5/24/13,28.19,15.71,12.7,27.81,165.308,84.3061,75.218
5/28/13,28.33,15.79,12.79,27.99,166.3,84.65,75.8035
5/29/13,28.08,15.63,12.68,27.74,165.22,84.61,75.202
5/30/13,28.17,15.67,12.72,27.91,165.83,84.8,75.506
5/31/13,27.77,15.47,12.57,27.62,163.445,84.099,74.35
6/3/13,27.99,15.52,12.62,27.7,164.35,83.96,74.85
6/4/13,27.89,15.46,12.55,27.55,163.56,83.594,74.5
6/5/13,27.52,15.27,12.38,27.17,161.272,82.43,73.38
6/6/13,27.73,15.38,12.48,27.39,162.73,83.052,73.868
6/7/13,28.03,15.56,12.65,27.73,164.8,84.33,74.95
6/10/13,28.05,15.56,12.64,27.75,164.8,84.43,74.87
6/11/13,27.81,15.43,12.53,27.44,163.098,83.5399,74.13
6/12/13,27.61,15.33,12.41,27.2,161.75,82.9301,73.47
6/13/13,28.02,15.55,12.57,27.61,164.21,84.1885,74.428
6/14/13,27.88,15.46,12.52,27.48,163.175,83.7,74.21
6/17/13,28.09,15.57,12.59,27.73,164.44,84.24,74.73
6/18/13,28.28,15.67,12.69,27.86,165.735,84.78,75.2585
6/19/13,27.86,15.44,12.52,27.49,163.45,83.8121,74.41
6/20/13,27.18,15.07,12.2,26.82,159.4,81.7699,72.428
6/21/13,27.29,15.15,12.2,26.87,159.07,81.48,72.24
6/24/13,26.99,15.04,12.06,26.57,157.06,80.47,71.5395
6/25/13,27.22,15.16,12.16,26.82,158.575,81.43,72.12
6/26/13,27.54,15.29,12.28,26.92,160.14,82.08,72.7601
6/27/13,27.57,15.39,12.34,27.23,161.08,82.67,73.22
6/28/13,27.45,15.35,12.31,27.26,160.42,82.15,72.66
7/1/13,27.53,15.44,12.38,27.45,161.36,82.68,73.33
7/2/13,27.5,15.43,12.36,27.39,161.21,82.6,73.46
7/3/13,27.53,15.42,12.39,27.35,161.28,82.57,73.5299
7/5/13,27.79,15.56,12.51,27.59,163.02,83.43,74.21
7/8/13,27.96,15.65,12.58,27.75,163.945,84.039,74.391
7/9/13,28.15,15.75,12.65,27.97,165.13,84.69,74.97
7/10/13,28.17,15.77,12.68,27.99,165.192,84.6,75.13
7/11/13,28.54,15.94,12.88,28.31,167.44,85.7,76.35
7/12/13,28.58,15.97,12.91,28.4,167.51,85.8337,76.42
7/15/13,28.65,16.03,12.93,28.51,168.155,86.1165,76.4901
7/16/13,28.56,15.96,12.89,28.41,167.525,85.73,76.2
7/17/13,28.6,15.98,12.92,28.44,167.9501,85.9156,76.53
7/18/13,28.73,16.09,12.94,28.63,168.87,86.702,76.66
7/19/13,28.77,16.12,12.92,28.73,169.17,86.92,76.67
7/22/13,28.81,16.15,12.96,28.79,169.5,87.09,76.819
7/23/13,28.81,16.15,12.92,28.81,169.14,87.19,76.476
7/24/13,28.69,16.06,12.9,28.61,168.52,86.484,76.324
7/25/13,28.75,16.09,12.92,28.77,168.93,86.6643,76.6252
7/26/13,28.75,16.1,12.93,28.81,169.11,86.6744,76.65
7/29/13,28.67,16.06,12.9,28.67,168.59,86.52,76.55
7/30/13,28.68,16.06,12.94,28.71,168.588,86.37,76.7212
7/31/13,28.7,16.07,12.96,28.73,168.71,87.09,76.511
8/1/13,28.97,16.29,13.14,29.06,170.66,87.3501,77.54
8/2/13,28.99,16.31,13.17,29.02,170.95,87.46,77.54
8/5/13,28.9,16.29,13.16,29.04,170.7,87.43,77.57
8/6/13,28.76,16.22,13.06,28.78,169.73,86.8899,77.18
8/7/13,28.69,16.16,13.01,28.61,169.18,86.6,77
8/8/13,28.8,16.24,13.08,28.84,169.8,86.984,77.214
8/9/13,28.73,16.2,13.02,28.81,169.31,86.8183,76.998
8/12/13,28.68,16.14,13.04,28.76,169.111,86.4,76.9
8/13/13,28.73,16.17,13.11,28.72,169.61,86.6401,77.27
8/14/13,28.58,16.1,13.03,28.71,168.74,86.334,76.88
8/15/13,28.18,15.89,12.82,28.37,166.38,85.111,75.716
8/16/13,28.09,15.85,12.79,28.3,165.83,84.906,75.51
8/19/13,27.94,15.75,12.74,28.06,164.77,84.27,75.23
8/20/13,28.01,15.83,12.8,28.32,165.58,84.56,75.4798
8/21/13,27.83,15.69,12.72,28.09,164.56,84.35,75.52
8/22/13,28.05,15.83,12.85,28.35,166.06,84.7099,75.8465
8/23/13,28.25,15.89,12.88,28.4,166.62,85.02,76.07
8/26/13,28.07,15.8,12.85,28.26,166,84.51,75.921
8/27/13,27.68,15.55,12.61,27.77,163.33,83.26,74.56
8/28/13,27.74,15.54,12.64,27.82,163.91,83.649,75.087
8/29/13,27.78,15.6,12.71,27.9,164.17,83.66,75.0901
8/30/13,27.68,15.55,12.64,27.72,163.65,83.31,74.822
9/3/13,27.7,15.57,12.7,27.86,164.39,83.46,75.15
9/4/13,27.88,15.67,12.8,28.1,165.75,84.129,75.821
9/5/13,27.89,15.68,12.84,28.15,165.96,84.3842,75.8701
9/6/13,27.9,15.7,12.84,28.25,166.04,84.7799,76.299
9/9/13,28.12,15.81,12.97,28.74,167.634,85.17,76.77
9/10/13,28.36,15.9,13.07,28.91,168.87,85.98,77.156
9/11/13,28.5,15.93,13.11,28.9,169.4,86.215,77.238
9/12/13,28.39,15.89,13.09,28.75,168.95,85.82,77.259
9/13/13,28.52,15.96,13.13,28.88,169.33,86.22,77.429
9/16/13,28.72,16.06,13.21,29.12,170.31,86.776,77.722
9/17/13,28.82,16.13,13.29,29.26,171.07,87.19,78.1112
9/18/13,29.19,16.27,13.42,29.56,173.051,88.12,79.13
9/19/13,29.14,16.11,13.43,29.47,172.76,87.7439,79.174
9/20/13,28.92,16.01,13.34,29.22,170.72,86.6099,78.3976
9/23/13,28.8,15.95,13.3,29.1,169.93,86.13,78.042
9/24/13,28.72,15.94,13.28,29.16,169.53,85.8501,77.97
9/25/13,28.66,15.89,13.23,29.16,169.04,85.9,77.58
9/26/13,28.55,15.93,13.3,29.2,169.69,85.7799,77.856
9/27/13,28.43,15.86,13.25,29.06,168.909,85.5,77.758
9/30/13,28.26,15.79,13.17,28.97,168.01,84.9,77.27
10/1/13,28.42,15.89,13.3,29.19,169.34,85.322,77.86
10/2/13,28.37,15.84,13.28,29.21,169.18,85.3296,77.86
10/3/13,28.15,15.73,13.16,29.03,167.62,84.82,77.29
10/4/13,28.29,15.82,13.26,29.2,168.89,85.2944,77.78
10/7/13,28.08,15.71,13.13,29.01,167.43,84.741,77.08
10/8/13,27.8,15.59,12.93,28.71,165.48,83.87,76.1283
10/9/13,27.78,15.62,12.93,28.68,165.6,84.31,75.95
10/10/13,28.36,15.93,13.24,29.24,169.17,85.78,77.4401
10/11/13,28.54,16,13.31,29.42,170.26,86.23,78.13
10/14/13,28.64,16.03,13.38,29.52,170.94,86.68,78.4899
10/15/13,28.45,15.92,13.3,29.3,169.7,86.06,77.99
10/16/13,28.76,16.12,13.48,29.62,172.07,86.99,78.952
10/17/13,29.02,16.26,13.57,29.91,173.22,87.79,79.53
10/18/13,29.14,16.35,13.68,30.06,174.388,88.13,80.1096
10/21/13,29.16,16.33,13.67,30.04,174.4,88.14,80.23
10/22/13,29.34,16.42,13.76,30.28,175.41,88.69,80.7765
10/23/13,29.19,16.35,13.72,30.08,174.57,88.21,80.4
10/24/13,29.26,16.4,13.78,30.29,175.15,88.41,80.8
10/25/13,29.45,16.51,13.85,30.49,175.95,88.7999,81.07
10/28/13,29.48,16.56,13.86,30.49,176.23,88.83,81.218
10/29/13,29.65,16.65,13.93,30.58,177.17,89.36,81.56
10/30/13,29.51,16.58,13.86,30.4,176.29,89.02,81.266
10/31/13,29.41,16.52,13.82,30.16,175.79,88.76,81.16
11/1/13,29.49,16.56,13.84,30.22,176.21,88.9325,81.23
11/4/13,29.59,16.61,13.89,30.44,176.83,89.192,81.51
11/5/13,29.52,16.57,13.87,30.28,176.27,89,81.35
11/6/13,29.77,16.66,13.91,30.35,177.17,89.576,81.52
11/7/13,29.43,16.46,13.69,29.86,174.93,89.16,80.37
11/8/13,29.75,16.64,13.88,30.21,177.29,89.47,81.131
11/11/13,29.77,16.64,13.89,30.23,177.32,89.726,81.42
11/12/13,29.68,16.58,13.87,30.13,176.96,89.34,81.4
11/13/13,29.86,16.71,14.02,30.38,178.38,90,82.05
11/14/13,29.97,16.83,14.1,30.46,179.27,90.2921,82.676
11/15/13,30.1,16.87,14.14,30.49,180.05,90.79,83.019
11/18/13,30.07,16.83,14.07,30.29,179.42,90.62,82.49
11/19/13,30.02,16.76,14.02,30.22,179.03,90.65,82.2601
11/20/13,29.91,16.7,13.97,30.15,178.47,90.0301,81.9401
11/21/13,30.13,16.82,14.11,30.42,179.91,91.03,82.7412
11/22/13,30.25,16.88,14.2,30.57,180.81,91.499,83.09
11/25/13,30.17,16.84,14.17,30.54,180.63,91.108,83.04
11/26/13,30.12,16.83,14.21,30.55,180.68,91.25,83.4485
11/27/13,30.15,16.84,14.27,30.61,181.12,91.18,83.564
11/29/13,30.11,16.82,14.28,30.56,181,91.589,83.63
12/2/13,30.02,16.75,14.24,30.56,180.53,90.7612,83.306
12/3/13,29.92,16.72,14.21,30.46,179.75,90.51,82.881
12/4/13,29.86,16.69,14.19,30.42,179.73,90.43,83.12
12/5/13,29.7,16.61,14.14,30.33,178.94,89.796,82.886
12/6/13,30.09,16.83,14.29,30.61,180.94,90.99,83.8099
12/9/13,30.16,16.86,14.32,30.71,181.4,91.2732,83.792
12/10/13,30.04,16.78,14.28,30.67,180.75,90.93,83.74
12/11/13,29.71,16.65,14.13,30.35,178.72,89.7,82.786
12/12/13,29.6,16.59,14.1,30.31,178.13,89.56,82.53
12/13/13,29.61,16.36,13.44,28.88,178.11,89.6927,82.41
12/16/13,29.8,16.46,13.55,29.05,179.216,90.204,83.019
12/17/13,28.67,16.41,13.51,29.01,178.65,89.855,82.81
12/18/13,29.16,16.66,13.7,29.38,181.7,91.23,83.951
12/19/13,29.14,16.63,13.66,29.32,181.49,91.228,84.06
12/20/13,29.25,16.71,13.76,29.63,181.56,91.29,84.2
12/23/13,29.35,16.76,13.88,29.76,182.53,91.61,84.77
12/24/13,29.47,16.81,13.92,29.87,182.93,91.7244,84.84
12/26/13,29.63,16.86,13.99,29.91,183.855,92.1927,85.22
12/27/13,29.68,16.88,13.97,29.97,183.845,92.283,85.1608
12/30/13,29.69,16.91,13.96,29.97,183.82,92.5265,85.04
12/31/13,29.76,16.94,14.02,30.05,184.69,92.6,85.571
1/2/14,29.44,16.75,13.91,29.8,182.92,92.05,84.6
1/3/14,29.46,16.77,13.89,29.83,182.885,92.154,84.82
1/6/14,29.38,16.73,13.84,29.69,182.36,91.95,84.37
1/7/14,29.54,16.81,13.94,29.84,183.48,92.4399,84.931
1/8/14,29.46,16.79,13.95,29.87,183.52,92.2499,85.0999
1/9/14,29.46,16.84,13.95,29.88,183.64,91.8624,84.99
1/10/14,29.51,16.92,13.99,29.97,184.14,92.469,85.1935
1/13/14,29.22,16.73,13.78,29.66,181.685,91.35,84.0499
1/14/14,29.44,16.84,13.96,29.95,183.67,92.03,85.279
1/15/14,29.58,16.89,14.02,30.09,184.66,92.6,85.641
1/16/14,29.6,16.91,13.97,30.1,184.42,92.519,85.57
1/17/14,29.45,16.84,13.91,30,183.635,92.084,85.3076
1/21/14,29.51,16.92,13.97,30.12,184.18,92,85.726
1/22/14,29.52,16.96,14.01,30.27,184.3,92.1699,85.9902
1/23/14,29.26,16.83,13.9,30.02,182.79,91.1496,85.06
1/24/14,28.71,16.54,13.59,29.4,178.89,89.6499,83.5699
1/27/14,28.61,16.49,13.48,29.22,178.01,89.468,82.84
1/28/14,28.78,16.57,13.56,29.45,179.07,89.81,83.1
1/29/14,28.58,16.4,13.42,29.18,177.35,89.106,82.28
1/30/14,28.77,16.53,13.63,29.4,179.23,89.7648,83.51
1/31/14,28.57,16.46,13.57,29.18,178.18,89.14,82.9
2/3/14,27.94,16.09,13.22,28.49,174.17,86.894,80.89
2/4/14,28.05,16.18,13.31,28.74,175.385,87.5,81.74
2/5/14,28.01,16.18,13.28,28.65,175.17,87.34,81.73
2/6/14,28.32,16.38,13.46,28.95,177.48,88.416,82.7
2/7/14,28.65,16.53,13.66,29.23,179.68,89.3899,84.12
2/10/14,28.7,16.58,13.68,29.34,180.01,89.16,84.38
2/11/14,29.04,16.76,13.83,29.61,181.98,90.5,85.2374
2/12/14,29.04,16.76,13.87,29.68,182.07,90.43,85.3
2/13/14,29.18,16.87,13.96,29.93,183.01,90.82,85.898
2/14/14,29.37,16.95,14.01,30.03,184.02,91.343,85.9542
2/18/14,29.38,17,14.05,30.22,184.24,91.5782,86.32
2/19/14,29.21,16.96,13.95,30.07,183.02,90.84,85.7581
2/20/14,29.43,17.07,14.05,30.26,184.1,91.6614,86.258
2/21/14,29.37,17.08,14.03,30.27,183.89,91.2645,86.14
2/24/14,29.52,17.16,14.11,30.41,184.91,92.0191,86.818
2/25/14,29.5,17.15,14.11,30.37,184.84,91.576,86.596
2/26/14,29.5,17.14,14.11,30.41,184.85,91.63,86.5766
2/27/14,29.64,17.2,14.19,30.5,185.82,92.05,87.12
2/28/14,29.75,17.29,14.22,30.64,186.29,92.29,87.214
3/3/14,29.48,17.14,14.11,30.39,184.98,91.65,86.5
3/4/14,29.89,17.4,14.34,30.81,187.58,92.9615,87.94
3/5/14,29.83,17.35,14.35,30.8,187.75,93.0529,88.07
3/6/14,29.9,17.38,14.35,30.91,188.18,93.502,88.14
3/7/14,29.94,17.42,14.33,30.94,188.26,93.2826,87.9
3/10/14,29.92,17.39,14.33,30.91,188.16,93.44,87.952
3/11/14,29.76,17.32,14.26,30.72,187.23,93.0865,87.64
3/12/14,29.78,17.34,14.29,30.78,187.28,92.78,87.64
3/13/14,29.5,17.19,14.1,30.52,185.18,92.36,86.5
3/14/14,29.45,17.18,14.06,30.56,184.66,92.27,86.142
3/17/14,29.72,17.3,14.21,30.72,186.33,92.86,86.864
3/18/14,29.92,17.38,14.33,30.94,187.66,93.424,87.77
3/19/14,29.69,17.29,14.22,30.76,186.66,93.0681,87.1168
3/20/14,29.91,17.32,14.28,30.96,187.747,93.6167,87.36
3/21/14,29.91,17.29,14.18,30.99,186.2,93.061,86.6564
3/24/14,29.9,17.25,14.09,30.83,185.43,93.09,86.17
3/25/14,30.11,17.33,14.15,30.91,186.31,93.65,86.41
3/26/14,29.98,17.26,14.02,30.71,184.97,93.05,85.71
3/27/14,30.01,17.25,13.98,30.68,184.58,93.1582,85.28
3/28/14,29.98,17.37,14.03,30.87,185.49,93.34,85.59
3/31/14,30.23,17.5,14.17,31.17,187.01,94.35,86.35
4/1/14,30.32,17.56,14.33,31.41,188.25,94.64,87.18
4/2/14,30.4,17.6,14.36,31.56,188.88,95.0148,87.45
4/3/14,30.41,17.61,14.3,31.51,188.63,95,87.23
4/4/14,30.18,17.47,14.03,31.17,186.4,94.482,85.8
4/7/14,29.94,17.36,13.88,30.8,184.34,93.58,84.54
4/8/14,30.06,17.43,13.93,30.95,185.1,93.675,85.021
4/9/14,30.31,17.54,14.16,31.22,187.09,94.47,86.2835
4/10/14,29.79,17.27,13.79,30.63,183.155,93.1713,84.13
4/11/14,29.59,17.13,13.32,30.28,181.51,92.36,83.2948
4/14/14,29.79,17.26,13.43,30.44,182.9401,92.8574,83.83
4/15/14,29.96,17.35,13.5,30.55,184.2,93.44,84.5
4/16/14,30.22,17.49,13.68,30.78,186.125,94.41,85.496
4/17/14,30.27,17.52,13.71,30.8,186.39,94.55,85.69
4/21/14,30.36,17.54,13.79,30.94,187.04,94.68,86.09
4/22/14,30.42,17.6,13.89,31.14,187.89,94.88,86.56
4/23/14,30.4,17.59,13.84,31.26,187.45,94.92,86.27
4/24/14,30.42,17.55,13.86,31.35,187.83,94.93,86.43
4/25/14,30.3,17.46,13.69,31.12,186.29,94.71,85.491
4/28/14,30.51,17.53,13.73,31.02,186.875,94.92,85.94
4/29/14,30.63,17.52,13.82,31.14,187.75,95.2,86.34
4/30/14,30.72,17.63,13.9,31.32,188.31,95.38,86.5101
5/1/14,30.67,17.61,13.91,31.35,188.325,95.37,86.6221
5/2/14,30.58,17.61,13.91,31.4,188.06,95.038,86.67
5/5/14,30.58,17.62,13.96,31.38,188.42,94.944,86.91
5/6/14,30.37,17.49,13.84,31.2,186.78,94.35,86.379
5/7/14,30.61,17.7,13.89,31.5,187.88,95.235,86.356
5/8/14,30.56,17.68,13.84,31.35,187.675,95.02,86.19
5/9/14,30.57,17.69,13.88,31.37,187.96,95.09,86.57
5/12/14,30.76,17.81,14.05,31.71,189.785,95.85,87.564
5/13/14,30.79,17.81,14.06,31.61,189.96,95.87,87.554
5/14/14,30.71,17.71,13.98,31.42,189.06,95.6886,87.1208
5/15/14,30.51,17.55,13.85,31.17,187.4,94.63,86.3
5/16/14,30.61,17.59,13.91,31.33,188.05,94.91,86.766
5/19/14,30.64,17.61,13.98,31.44,188.74,95.01,87.2401
5/20/14,30.48,17.51,13.88,31.21,187.55,94.55,86.631
5/21/14,30.72,17.6,14.01,31.35,189.13,95.13,87.42
5/22/14,30.76,17.65,14.04,31.39,189.59,95.31,87.87
5/23/14,30.84,17.68,14.12,31.54,190.35,95.5001,88.34
5/27/14,30.95,17.74,14.23,31.77,191.52,95.9159,88.878
5/28/14,30.95,17.73,14.21,31.78,191.38,95.938,88.7212
5/29/14,31.09,17.81,14.3,31.9,192.37,96.389,89.28
5/30/14,31.17,17.88,14.31,31.94,192.68,96.68,89.472
6/2/14,31.2,17.9,14.32,32.02,192.895,96.53,89.45
6/3/14,31.18,17.9,14.28,32.08,192.8,96.78,89.4784
6/4/14,31.2,17.96,14.32,32.2,193.19,96.82,89.6561
6/5/14,31.39,18.06,14.39,32.45,194.45,97.33,90.3
6/6/14,31.51,18.12,14.45,32.63,195.375,97.94,90.63
6/9/14,31.57,18.14,14.44,32.74,195.58,98,90.78
6/10/14,31.61,18.12,14.43,32.7,195.6,97.99,90.7
6/11/14,31.48,18.02,14.39,32.57,194.92,97.62,90.45
6/12/14,31.35,17.93,14.27,32.39,193.54,97.0575,89.71
6/13/14,31.48,17.99,14.3,32.49,194.13,97.4905,89.8208
6/16/14,31.52,18,14.3,32.51,194.29,97.54,90.0032
6/17/14,31.58,18.07,14.33,32.67,194.83,97.88,90.23
6/18/14,31.78,18.19,14.43,32.87,196.255,98.69,90.94
6/19/14,31.85,18.17,14.44,32.94,196.48,98.8,90.858
6/20/14,31.76,18.19,14.46,33.06,195.94,98.5,90.72
6/23/14,31.73,18.14,14.45,32.99,195.88,98.55,90.5825
6/24/14,31.51,18.03,14.36,32.71,194.7,97.91,90.15
6/25/14,31.61,18.05,14.46,32.82,195.58,98.09,90.8392
6/26/14,31.56,18.06,14.45,32.75,195.44,97.9299,90.71
6/27/14,31.61,18.09,14.5,32.89,195.82,97.9956,90.98
6/30/14,31.59,18.11,14.5,32.96,195.72,97.85,90.91
7/1/14,31.74,18.18,14.64,33.07,197.03,98.33,91.82
7/2/14,31.73,18.12,14.67,32.96,197.23,98.44,91.81
7/3/14,31.87,18.19,14.75,33.11,198.2,98.92,92.3235
7/7/14,31.78,18.13,14.68,32.81,197.51,98.57,91.95
7/8/14,31.62,18.05,14.57,32.63,196.24,98.1999,91.24
7/9/14,31.69,18.1,14.63,32.74,197.12,98.5983,91.72
7/10/14,31.59,18.01,14.58,32.55,196.34,98.22,91.28
7/11/14,31.59,18.01,14.61,32.49,196.61,98.1193,91.45
7/14/14,31.7,18.03,14.7,32.54,197.6,98.59,92.0684
7/15/14,31.66,18,14.65,32.4,197.23,98.63,91.75
7/16/14,31.86,18.06,14.68,32.51,197.96,99.125,91.9801
7/17/14,31.5,17.86,14.5,32.09,195.71,98.2,90.95
7/18/14,31.75,18.01,14.68,32.43,197.7099,98.855,91.93
7/21/14,31.68,17.97,14.65,32.31,197.34,98.68,91.71
7/22/14,31.81,18,14.75,32.44,198.2,99.0808,92.19
7/23/14,31.81,17.98,14.81,32.5,198.64,99.18,92.48
7/24/14,31.83,18.01,14.81,32.59,198.65,99.27,92.42
7/25/14,31.68,17.92,14.76,32.43,197.72,98.82,91.91
7/28/14,31.69,17.91,14.77,32.45,197.8,98.9989,91.95
7/29/14,31.53,17.85,14.71,32.4,196.95,98.61,91.65
7/30/14,31.44,17.78,14.72,32.47,196.98,98.363,91.721
7/31/14,30.81,17.48,14.41,32.01,193.09,96.5,89.83
8/1/14,30.7,17.48,14.38,31.96,192.5,96.3844,89.62
8/4/14,30.83,17.54,14.48,32.14,193.89,96.9405,90.3
8/5/14,30.55,17.4,14.36,32.01,192.01,95.83,89.52
8/6/14,30.59,17.34,14.36,32.14,192.07,95.96,89.43
8/7/14,30.44,17.27,14.25,31.93,191.03,95.5,88.99
8/8/14,30.75,17.44,14.41,32.21,193.24,96.61,89.96
8/11/14,30.82,17.5,14.47,32.35,193.795,96.82,90.33
8/12/14,30.8,17.47,14.45,32.26,193.53,96.68,90.12
8/13/14,31,17.54,14.57,32.38,194.84,97.1301,90.83
8/14/14,31.12,17.61,14.63,32.52,195.76,97.4838,91.21
8/15/14,31.11,17.59,14.64,32.5,195.72,97.46,91.48
8/18/14,31.33,17.72,14.79,32.74,197.36,98.05,92.231
8/19/14,31.5,17.8,14.87,32.91,198.39,98.524,92.92
8/20/14,31.58,17.88,14.91,33,198.92,98.816,93.15
8/21/14,31.69,17.93,14.94,33.1,199.5,99.3936,93.172
8/22/14,31.6,17.88,14.93,33.11,199.19,99.029,93.21
8/25/14,31.76,17.97,15.02,33.23,200.2,99.4,93.63
8/26/14,31.77,17.97,15.02,33.28,200.33,99.533,93.74
8/27/14,31.81,17.99,15.04,33.32,200.25,99.58,93.53
8/28/14,31.8,17.97,15.02,33.25,200.14,99.48,93.491
8/29/14,31.91,18.04,15.09,33.41,200.71,99.7196,93.6675
9/2/14,31.81,18.03,15.11,33.41,200.61,99.65,93.76
9/3/14,31.84,18.05,15.06,33.35,200.5,99.85,93.537
9/4/14,31.81,18.07,15.03,33.24,200.2101,99.618,93.35
9/5/14,31.98,18.14,15.1,33.41,201.11,100.08,93.794
9/8/14,31.83,18.07,15.08,33.31,200.59,99.7125,93.71
9/9/14,31.66,17.99,14.99,33.12,199.32,99.363,93.045
9/10/14,31.75,18.06,15.08,33.19,200.07,99.24,93.7
9/11/14,31.78,18.11,15.08,33.32,200.3,99.48,93.463
9/12/14,31.61,18,14.98,33.07,199.13,98.8799,93.16
9/15/14,31.67,18.03,14.93,33,198.981,99.22,92.8087
9/16/14,31.87,18.12,15.07,33.2,200.48,99.84,93.6069
9/17/14,31.88,18.09,15.08,33.21,200.75,99.94,94.05
9/18/14,32.05,18.1,15.17,33.25,201.82,100.47,94.23
9/19/14,31.89,18.1,15.15,33.08,200.7,99.91,94.05
9/22/14,31.69,17.97,15.01,32.7,199.15,99.15,93.0432
9/23/14,31.45,17.85,14.92,32.47,198.01,98.47,92.7608
9/24/14,31.63,17.95,15.07,32.59,199.56,99.1,93.4386
9/25/14,31.17,17.75,14.82,32.12,196.34,97.74,91.92
9/26/14,31.37,17.84,14.98,32.3,197.9,98.22,92.79
9/29/14,31.3,17.82,14.95,32.26,197.54,97.9625,92.57
9/30/14,31.23,17.78,14.9,32.08,197.02,97.803,92.5
10/1/14,30.85,17.62,14.66,31.69,194.35,96.493,91.168
10/2/14,30.79,17.59,14.67,31.73,194.38,96.5099,91.15
10/3/14,31.05,17.73,14.83,31.95,196.52,97.5385,92.17
10/6/14,31.04,17.71,14.78,31.87,196.29,97.519,91.95
10/7/14,30.57,17.5,14.57,31.38,193.26,96,90.54
10/8/14,31.09,17.76,14.84,31.8,196.64,97.165,92.21
10/9/14,30.47,17.44,14.54,31.04,192.74,95.55,90.45
10/10/14,30.14,17.32,14.29,30.69,190.54,95.1,89.1577
10/13/14,29.75,17.11,14.02,30.28,187.4099,93.48,87.47
10/14/14,29.76,17.17,14.03,30.43,187.7,93.301,87.524
10/15/14,29.51,16.99,13.95,30.37,186.43,92.65,87.14
10/16/14,29.48,16.97,13.95,30.54,186.27,92.53,87.1
10/17/14,29.86,17.17,14.15,30.84,188.47,93.8799,88.23
10/20/14,30.07,17.3,14.32,31.12,190.3,94.47,89.189
10/21/14,30.61,17.54,14.64,31.71,194.07,96.06,91.03
10/22/14,30.45,17.49,14.53,31.39,192.69,95.75,90.34
10/23/14,30.75,17.62,14.73,31.75,194.93,96.395,91.7
10/24/14,31.01,17.75,14.84,31.86,196.43,97.0512,92.4
10/27/14,30.98,17.77,14.83,31.71,196.16,96.88,92.31
10/28/14,31.32,17.9,15.02,32.12,198.41,97.813,93.4
10/29/14,31.33,17.91,14.98,32.06,198.11,97.79,93.265
10/30/14,31.48,18.05,15.07,32.15,199.38,98.33,93.94
10/31/14,31.85,18.17,15.26,32.48,201.66,99.36,95.04
11/3/14,31.82,18.17,15.26,32.42,201.77,99.35,95.11
11/4/14,31.79,18.15,15.21,32.24,201.07,99.0931,94.81
11/5/14,32.02,18.33,15.27,32.44,202.34,99.844,95.24
11/6/14,32.11,18.36,15.35,32.61,203.15,100.326,95.6
11/7/14,32.19,18.36,15.33,32.7,203.34,100.4299,95.46
11/10/14,32.26,18.43,15.38,32.69,203.98,100.78,95.84
11/11/14,32.27,18.45,15.39,32.71,204.175,100.7281,95.99
11/12/14,32.22,18.4,15.43,32.71,203.96,100.6419,96.1
11/13/14,32.25,18.42,15.46,32.55,204.19,100.56,96.158
11/14/14,32.26,18.39,15.46,32.6,204.24,100.69,96.198
11/17/14,32.31,18.44,15.47,32.63,204.37,101.12,96.05
11/18/14,32.44,18.53,15.57,32.83,205.55,101.448,96.77
11/19/14,32.4,18.54,15.53,32.69,205.22,101.34,96.59
11/20/14,32.47,18.55,15.57,32.89,205.58,101.53,96.71
11/21/14,32.65,18.64,15.64,33.08,206.68,102.12,97.15
11/24/14,32.65,18.66,15.73,33.14,207.26,102.22,97.64
11/25/14,32.58,18.64,15.72,33.12,207.11,102.01,97.672
11/26/14,32.72,18.7,15.78,33.12,207.64,102.18,98.01
11/28/14,32.64,18.73,15.75,32.88,207.2,101.6599,97.95
12/1/14,32.55,18.62,15.59,32.58,205.76,101.52,97.05
12/2/14,32.74,18.69,15.7,32.72,207.085,102.1299,97.5389
12/3/14,32.86,18.73,15.78,32.93,207.89,102.58,97.87
12/4/14,32.85,18.71,15.78,32.74,207.66,102.335,97.91
12/5/14,32.9,18.75,15.79,32.87,208,102.38,97.9425
12/8/14,32.66,18.71,15.67,32.7,206.61,101.94,97.28
12/9/14,32.55,18.68,15.66,32.85,206.47,101.51,97.35
12/10/14,32.05,18.42,15.39,32.25,203.1601,100.134,95.78
12/11/14,32.17,18.53,15.45,32.35,204.19,100.555,96.24
12/12/14,31.61,17.81,14.38,27.67,200.89,98.79,94.84
12/15/14,31.39,17.71,14.32,27.54,199.51,98.242,94.37
12/16/14,31.26,17.65,14.17,27.58,197.91,97.78,93.19
12/17/14,30.57,17.92,14.43,28.12,201.79,99.58,95.03
12/18/14,31.32,18.29,14.78,28.64,206.78,101.92,97.27
12/19/14,31.39,18.33,14.85,28.8,206.52,102.07,97.55
12/22/14,31.55,18.42,14.89,28.84,207.47,102.16,97.85
12/23/14,31.63,18.49,14.88,28.99,207.75,102.9114,97.63
12/24/14,31.63,18.51,14.9,29.02,207.77,102.81,97.81
12/26/14,31.69,18.56,14.97,29.08,208.44,102.92,98.14
12/29/14,31.7,18.59,14.98,29.16,208.72,103.09,98.3099
12/30/14,31.53,18.48,14.89,29.08,207.6,102.7686,97.6
12/31/14,31.21,18.3,14.74,28.82,205.54,101.55,96.84
1/2/15,31.18,18.28,14.74,28.8,205.43,101.396,96.59
1/5/15,30.61,17.97,14.5,28.24,201.72,99.5996,95.11
1/6/15,30.39,17.85,14.37,27.95,199.82,98.8,94.374
1/7/15,30.72,18.06,14.58,28.2,202.31,99.43,95.51
1/8/15,31.28,18.34,14.86,28.68,205.9,101.27,97.29
1/9/15,31.02,18.15,14.74,28.46,204.25,100.53,96.5501
1/12/15,30.84,18.09,14.61,28.3,202.65,99.46,95.84
1/13/15,30.79,18.08,14.58,28.27,202.08,99.0524,95.74
1/14/15,30.63,18,14.51,28.15,200.86,98.34,95.32
1/15/15,30.46,17.99,14.35,27.99,199.0199,97.524,94.32
1/16/15,30.89,18.16,14.55,28.35,201.63,98.93,95.64
1/20/15,30.91,18.16,14.62,28.27,202.055,98.75,95.88
1/21/15,31.05,18.25,14.67,28.45,203.08,99.48,96.35
1/22/15,31.46,18.46,14.9,28.85,206.1,100.8,97.8
1/23/15,31.21,18.35,14.86,28.72,204.97,100.08,97.558
1/26/15,31.3,18.42,14.91,28.97,205.45,100.14,97.9
1/27/15,30.9,18.3,14.7,28.8,202.74,99.3,96.17
1/28/15,30.46,18.07,14.55,28.38,200.14,97.58,95.18
1/29/15,30.75,18.22,14.71,28.58,201.9902,98.35,96.27
1/30/15,30.26,17.96,14.53,28.34,199.45,97.01,94.99
2/2/15,30.67,18.16,14.66,28.68,201.92,98.54,95.9
2/3/15,31.14,18.4,14.85,29.1,204.84,100.26,96.84
2/4/15,30.96,18.33,14.82,29.07,204.06,99.6901,96.58
2/5/15,31.27,18.46,14.97,29.6,206.12,101.01,97.7
2/6/15,31.15,18.4,14.9,29.48,205.55,100.97,96.96
2/9/15,31.02,18.29,14.84,29.36,204.63,100.69,96.53
2/10/15,31.3,18.44,15.02,29.55,206.81,101.31,97.77
2/11/15,31.23,18.39,15.07,29.53,206.93,101.2728,98.09
2/12/15,31.59,18.52,15.2,29.72,208.92,102.175,99
2/13/15,31.67,18.52,15.27,29.85,209.78,102.58,99.5
2/17/15,31.73,18.56,15.29,29.83,210.11,102.8035,99.615
2/18/15,31.67,18.59,15.33,29.81,210.13,102.38,99.95
2/19/15,31.59,18.55,15.34,29.78,209.98,102.24,99.89
2/20/15,31.75,18.63,15.45,29.89,211.239,102.408,100.64
2/23/15,31.74,18.61,15.47,29.83,211.209,102.58,100.88
2/24/15,31.88,18.69,15.5,29.92,211.81,102.971,100.9
2/25/15,31.82,18.66,15.47,29.93,211.63,102.83,100.85
2/26/15,31.78,18.61,15.48,29.84,211.38,102.64,101.02
2/27/15,31.67,18.62,15.42,29.77,210.66,102.49,100.66
3/2/15,31.79,18.66,15.54,29.82,211.99,102.68,101.47
3/3/15,31.66,18.58,15.47,29.72,211.12,102.3654,100.922
3/4/15,31.52,18.5,15.41,29.62,210.2301,101.836,100.52
3/5/15,31.53,18.57,15.4,29.66,210.46,102.03,100.739
3/6/15,31.06,18.33,15.2,29.43,207.5,100.584,99.25
3/9/15,31.18,18.39,15.27,29.45,208.36,101.16,99.7
3/10/15,30.64,18.12,15.03,29.07,204.98,99.5299,98.1
3/11/15,30.58,18.11,14.98,29.18,204.5,99.31,97.722
3/12/15,30.94,18.37,15.15,29.53,207.1,100.7,98.813
3/13/15,30.76,18.24,15.07,29.39,205.8272,99.9287,98.35
3/16/15,31.13,18.45,15.3,29.63,208.58,101.2,99.662
3/17/15,31.04,18.4,15.27,29.61,207.96,100.72,99.57
3/18/15,31.48,18.6,15.45,29.9,210.46,102.08,100.5301
3/19/15,31.22,18.43,15.43,29.75,209.5,101.24,100.6728
3/20/15,31.52,18.66,15.58,30,210.41,101.7436,101.17
3/23/15,31.52,18.67,15.54,30.02,210,101.65,100.81
3/24/15,31.31,18.56,15.46,29.89,208.82,100.891,100.46
3/25/15,31.05,18.48,15.17,29.5,205.76,99.98,98.45
3/26/15,30.75,18.43,15.13,29.4,205.27,99.6499,98.25
3/27/15,30.87,18.53,15.18,29.46,205.74,99.59,98.61
3/30/15,31.26,18.73,15.36,29.74,208.25,101.2,99.53
3/31/15,30.99,18.61,15.22,29.65,206.43,100.42,98.59
4/1/15,30.9,18.59,15.16,29.61,205.7,99.932,98.08
4/2/15,31.02,18.67,15.18,29.76,206.435,100.48,98.49
4/6/15,31.22,18.76,15.28,29.95,207.83,101.18,99.0401
4/7/15,31.22,18.7,15.24,29.83,207.28,101.31,98.895
4/8/15,31.22,18.7,15.32,29.87,207.975,100.8936,99.33
4/9/15,31.35,18.78,15.37,29.89,208.9,101.2894,99.6601
4/10/15,31.59,18.83,15.21,29.99,210.04,102.28,100.08
4/13/15,31.4,18.76,15.12,29.91,209.09,101.8601,99.76
4/14/15,31.51,18.77,15.12,29.96,209.49,102.05,99.56
4/15/15,31.72,18.81,15.2,30.21,210.43,102.85,100.06
4/16/15,31.68,18.77,15.2,30.15,210.37,102.59,99.99
4/17/15,31.37,18.59,15,29.84,207.95,101.45,98.82
4/20/15,31.63,18.72,15.17,30.06,209.85,102.175,99.9577
4/21/15,31.53,18.7,15.19,29.96,209.6,101.7416,100.1
4/22/15,31.66,18.75,15.28,30.06,210.63,102.0301,100.71
4/23/15,31.71,18.8,15.33,30.16,211.16,102.6501,101.06
4/24/15,31.8,18.81,15.39,30.19,211.6499,102.35,101.34
4/27/15,31.69,18.74,15.31,29.95,210.77,102.0593,100.84
4/28/15,31.91,18.81,15.32,30.03,211.44,102.44,100.99
4/29/15,31.79,18.76,15.21,29.98,210.57,102.1815,100.41
4/30/15,31.54,18.64,15.02,29.83,208.46,101.75,98.95
5/1/15,31.79,18.76,15.23,30.04,210.72,102.55,100.28
5/4/15,31.88,18.82,15.26,30.17,211.32,103.096,100.42
5/5/15,31.56,18.63,15.08,29.83,208.9,102.12,99.12
5/6/15,31.43,18.59,15.02,29.84,208.04,101.43,98.69
5/7/15,31.49,18.62,15.1,29.95,208.87,101.98,99.34
5/8/15,31.94,18.83,15.3,30.23,211.62,103.15,100.71
5/11/15,31.79,18.78,15.24,30.2,210.605,102.792,100.24
5/12/15,31.69,18.73,15.18,30.1,209.98,102.4877,99.97
5/13/15,31.73,18.71,15.19,30.09,210.02,102.419,99.85
5/14/15,32.06,18.89,15.37,30.24,212.21,103.07,101.2399
5/15/15,32.07,18.91,15.37,30.25,212.44,103.2,101.27
5/18/15,32.11,18.97,15.43,30.4,213.1,103.6,101.73
5/19/15,32.09,19,15.41,30.36,213.03,103.4,101.58
5/20/15,32.13,18.98,15.4,30.47,212.88,103.596,101.49
5/21/15,32.17,19.04,15.44,30.51,213.5,103.8,101.66
5/22/15,32.04,18.96,15.41,30.46,212.99,103.68,101.695
5/26/15,31.73,18.8,15.23,30.18,210.7,102.25,100.501
5/27/15,31.98,18.93,15.41,30.39,212.7,103.26,101.7
5/28/15,32.01,18.93,15.39,30.34,212.46,103.05,101.51
5/29/15,31.83,18.82,15.29,30.26,211.14,102.71,100.84
6/1/15,31.82,18.8,15.32,30.24,211.57,102.95,101.06
6/2/15,31.76,18.8,15.3,30.28,211.36,102.59,100.99
6/3/15,31.8,18.85,15.34,30.35,211.92,103.04,101.05
6/4/15,31.49,18.74,15.21,30.08,210.1292,101.9055,100.17
6/5/15,31.41,18.69,15.17,30.15,209.77,102,100.08
6/8/15,31.23,18.62,15.07,30.03,208.48,101.553,99.46
6/9/15,31.27,18.65,15.04,30.03,208.45,101.605,99.18
6/10/15,31.64,18.86,15.23,30.33,210.95,102.895,100.49
6/11/15,31.71,18.9,15.28,30.41,211.63,102.982,100.77
6/12/15,31.44,18.79,15.18,30.23,210.01,102.23,100.0018
6/15/15,31.27,18.7,15.11,30.13,209.11,101.862,99.54
6/16/15,31.45,18.81,15.2,30.25,210.25,102.32,100.11
6/17/15,31.53,18.85,15.24,30.28,210.59,102.61,100.483
6/18/15,31.86,18.93,15.4,30.49,212.78,103.2439,101.65
6/19/15,31.47,18.85,15.35,30.41,210.81,102.1911,100.76
6/22/15,31.62,18.96,15.44,30.54,211.89,102.7799,101.3408
6/23/15,31.62,18.96,15.46,30.56,212.04,102.948,101.35
6/24/15,31.38,18.88,15.34,30.34,210.5,102.06,100.751
6/25/15,31.24,18.83,15.32,30.3,209.86,101.65,100.67
6/26/15,31.28,18.89,15.28,30.3,209.82,101.76,100.36
6/29/15,30.67,18.54,14.94,29.66,205.42,99.813,98.2
6/30/15,30.67,18.52,14.99,29.71,205.85,99.97,98.62
7/1/15,30.89,18.67,15.11,29.86,207.5,100.51,98.98
7/2/15,30.91,18.65,15.09,29.84,207.31,100.53,99.31
7/6/15,30.78,18.57,15.04,29.67,206.72,99.64,98.97
7/7/15,31,18.73,15.12,29.76,208.02,100.51,99.57
7/8/15,30.59,18.52,14.88,29.32,204.53,98.95,98.1199
7/9/15,30.61,18.57,14.89,29.33,204.9,99.452,98.246
7/10/15,30.99,18.83,15.09,29.61,207.48,100.32,99.5701
7/13/15,31.26,18.95,15.29,29.8,209.77,101.26,100.72
7/14/15,31.39,18.99,15.36,29.85,210.68,101.712,101.2
7/15/15,31.34,18.92,15.36,29.67,210.61,101.55,101.08
7/16/15,31.58,19.07,15.48,29.75,212.3,102.23,102.13
7/17/15,31.46,18.97,15.55,29.55,212.48,101.78,102.65
7/20/15,31.43,18.98,15.58,29.41,212.59,101.66,103.05
7/21/15,31.23,18.91,15.51,29.31,211.75,101.0697,102.7507
7/22/15,31.1,18.92,15.43,29.32,211.37,101.07,102.23
7/23/15,30.95,18.82,15.32,29.11,210.18,100.455,101.599
7/24/15,30.65,18.79,15.13,28.91,208,99.136,100.85
7/27/15,30.51,18.71,15.04,28.71,206.79,98.5162,100.17
7/28/15,30.84,18.89,15.22,28.97,209.33,99.89,101.46
7/29/15,31.12,19.02,15.32,29.22,210.77,100.599,102.12
7/30/15,31.17,19.07,15.34,29.28,210.82,100.6904,102.22
7/31/15,31.12,19.11,15.36,29.26,210.5,100.402,102.0959
8/3/15,31.05,19.11,15.31,29.16,209.79,99.529,101.758
8/4/15,30.98,19.09,15.28,29.24,209.38,99.632,101.79
8/5/15,31.13,19.19,15.36,29.24,210.07,100.01,102.1006
8/6/15,30.98,19.12,15.17,29.02,208.35,99.6599,101.047
8/7/15,30.86,19.11,15.14,28.92,207.95,99.203,100.74
8/10/15,31.26,19.29,15.33,29.39,210.57,100.64,101.883
8/11/15,30.98,19.15,15.19,29.17,208.67,99.798,101.03
8/12/15,31.04,19.11,15.2,29.24,208.92,99.6065,100.98
8/13/15,30.98,19.09,15.18,29.1,208.66,99.645,101.096
8/14/15,31.11,19.2,15.21,29.26,209.42,99.62,101.502
8/17/15,31.22,19.23,15.33,29.39,210.59,100.44,102.19
8/18/15,31.15,19.22,15.29,29.25,209.98,100.11,101.918
8/19/15,30.87,19.09,15.19,29.02,208.32,99.3599,101.49
8/20/15,30.31,18.82,14.85,28.53,203.97,97.45,99.05
8/21/15,29.49,18.4,14.36,28.01,197.83,94.4901,95.84
8/24/15,28.39,17.82,13.83,26.98,189.5,90.7799,92.01
8/25/15,27.88,17.6,13.71,26.66,187.27,89.17,90.9
8/26/15,28.87,18.02,14.27,27.18,194.46,92.14,94.82
8/27/15,29.54,18.37,14.56,27.83,199.27,94.345,96.94
8/28/15,29.56,18.35,14.58,28.01,199.28,94.57,96.768
8/31/15,29.36,18.24,14.43,27.94,197.67,94.31,95.9
9/1/15,28.49,17.79,14.02,27.2,191.77,91.49,93.31
9/2/15,28.93,18.02,14.32,27.51,195.41,92.91,95.15
9/3/15,29.05,18.1,14.32,27.66,195.55,93.13,95.0274
9/4/15,28.56,17.84,14.14,27.32,192.59,92.0499,93.74
9/8/15,29.29,18.22,14.49,27.86,197.43,93.91,96.0101
9/9/15,28.88,18.01,14.32,27.59,194.79,92.56,94.65
9/10/15,29,18.04,14.43,27.64,195.85,92.8952,95.34
9/11/15,29.09,18.09,14.51,27.63,196.74,93.274,95.7388
9/14/15,28.98,18.05,14.45,27.58,196.01,92.85,95.5101
9/15/15,29.35,18.22,14.63,27.83,198.46,94.1399,96.8
9/16/15,29.64,18.41,14.74,28.12,200.18,95.03,97.4073
9/17/15,29.56,18.36,14.74,28.13,199.73,94.39,97.43
9/18/15,28.86,18.06,14.55,27.7,195.45,92.137,95.77
9/21/15,29,18.15,14.59,27.81,196.46,92.73,96.09
9/22/15,28.65,17.92,14.41,27.38,193.91,91.56,95
9/23/15,28.58,17.92,14.39,27.28,193.6,91.3092,94.9
9/24/15,28.56,17.91,14.33,27.26,192.9,90.96,94.4792
9/25/15,28.7,18,14.28,27.28,192.85,91.4,94.14
9/28/15,28.17,17.67,13.91,26.62,188.01,89.58,91.48
9/29/15,28.29,17.7,13.9,26.63,188.12,89.13,91.5
9/30/15,28.78,17.97,14.15,26.97,191.63,90.68,93.24
10/1/15,28.73,17.92,14.17,26.83,192.13,90.835,93.3
10/2/15,29.11,18.1,14.37,27.23,195,91.799,95.15
10/5/15,29.7,18.4,14.6,27.81,198.47,94.2201,96.65
10/6/15,29.67,18.32,14.49,27.77,197.79,94.344,96.05
10/7/15,29.93,18.44,14.61,28.09,199.41,94.9499,96.77
10/8/15,30.24,18.6,14.7,28.36,201.21,96.02,97.55
10/9/15,30.16,18.59,14.75,28.36,201.33,95.7268,97.85
10/12/15,30.15,18.57,14.78,28.34,201.52,95.5506,98.07
10/13/15,29.96,18.47,14.68,28.16,200.25,95.22,97.41
10/14/15,29.89,18.38,14.58,28.04,199.29,94.659,96.95
10/15/15,30.3,18.59,14.79,28.37,202.35,96.06,98.38
10/16/15,30.48,18.63,14.87,28.42,203.27,96.62,98.679
10/19/15,30.39,18.59,14.91,28.29,203.37,96.26,99.21
10/20/15,30.41,18.61,14.85,28.42,203.09,96.46,98.9
10/21/15,30.31,18.57,14.74,28.13,201.85,95.75,98.39
10/22/15,30.94,18.89,14.96,28.41,205.26,97.51,99.88
10/23/15,31.18,18.88,15.18,28.58,207.51,97.99,101.55
10/26/15,31.08,18.83,15.19,28.42,207,97.531,101.55
10/27/15,30.93,18.76,15.19,28.21,206.6,97.0565,101.377
10/28/15,31.32,18.92,15.35,28.63,208.95,98.389,102.49
10/29/15,31.22,18.87,15.34,28.5,208.83,98.234,102.6401
10/30/15,31.12,18.78,15.3,28.5,207.93,97.83,102.12
11/2/15,31.44,18.92,15.47,28.84,210.39,99.2699,103.34
11/3/15,31.53,18.94,15.5,28.83,211,99.49,103.4
11/4/15,31.46,18.88,15.48,28.74,210.36,98.875,103.35
11/5/15,31.41,18.88,15.49,28.78,210.15,98.72,103.1
11/6/15,31.31,18.77,15.48,28.79,210.04,99.08,103
11/9/15,31.02,18.63,15.33,28.5,208.08,98.2,102.0001
11/10/15,31.09,18.68,15.32,28.56,208.56,98.298,101.93
11/11/15,31.05,18.68,15.25,28.4,207.74,98,101.77
11/12/15,30.61,18.43,15.07,27.98,204.84,96.5376,100.65
11/13/15,30.36,18.28,14.83,27.86,202.54,95.8487,99.12
11/16/15,30.82,18.52,15.01,28.11,205.62,97.1265,100.52
11/17/15,30.79,18.49,15.02,28.11,205.47,96.97,100.662
11/18/15,31.18,18.69,15.28,28.54,208.73,98.53,102.15
11/19/15,31.25,18.72,15.26,28.54,208.55,98.38,102.23
11/20/15,31.3,18.71,15.36,28.61,209.3108,98.4399,102.81
11/23/15,31.23,18.73,15.37,28.61,209.07,98.21,102.71
11/24/15,31.29,18.77,15.38,28.73,209.35,98.58,102.79
11/25/15,31.26,18.8,15.4,28.78,209.32,98.44,102.87
11/27/15,31.29,18.82,15.41,28.73,209.56,98.5476,102.88
11/30/15,31.21,18.76,15.31,28.75,208.69,98.36,102.27
12/1/15,31.53,18.89,15.47,28.95,210.68,99.24,103.34
12/2/15,31.15,18.7,15.34,28.54,208.529,97.89,102.49
12/3/15,30.73,18.48,15.12,28.19,205.61,96.657,100.9
12/4/15,31.28,18.74,15.43,28.58,209.62,98.2699,103.04
12/7/15,31.07,18.67,15.35,28.24,208.35,97.59,102.42
12/8/15,30.8,18.54,15.29,28,206.949,96.7409,102.3
12/9/15,30.67,18.45,15.11,27.8,205.34,96.2,101.15
12/10/15,30.72,18.46,15.16,27.91,205.87,96.32,101.32
12/11/15,30.19,17.34,14.43,27.48,201.88,94.5,99.41
12/14/15,30.32,17.33,14.49,24.45,202.9008,94.8468,100.03
12/15/15,30.69,17.51,14.58,24.76,205.0308,96.33,100.69
12/16/15,29.88,17.73,14.79,25.06,208.03,97.65,102.29
12/17/15,29.48,17.53,14.59,24.7,204.86,96.5258,100.81
12/18/15,29,17.3,14.35,24.47,200.0208,93.94,98.3701
12/21/15,29.18,17.41,14.46,24.62,201.67,94.3499,99.29
12/22/15,29.44,17.57,14.57,24.9,203.5,95.66,99.97
12/23/15,29.88,17.79,14.7,25.26,206.02,97.08,100.84
12/24/15,29.82,17.77,14.68,25.28,205.68,96.99,100.895
12/28/15,29.74,17.72,14.67,25.17,205.21,96.52,100.7
12/29/15,30.03,17.85,14.83,25.34,207.4,97.4481,101.95
12/30/15,29.84,17.74,14.72,25.12,205.93,96.67,101.3
12/31/15,29.56,17.58,14.56,24.94,203.87,95.92,100.17
1/4/16,29.17,17.42,14.35,24.69,201.0192,94.76,98.174
1/5/16,29.29,17.45,14.36,24.74,201.36,94.975,98.52
1/6/16,28.89,17.27,14.2,24.39,198.82,93.61,97.57
1/7/16,28.28,16.97,13.86,23.95,194.05,91.48,95.05
1/8/16,27.96,16.83,13.72,23.71,191.923,90.3932,94.1899
1/11/16,28.02,16.86,13.73,23.63,192.11,90.31,94.46
1/12/16,28.2,16.95,13.88,23.69,193.6608,90.79,95.39
1/13/16,27.64,16.68,13.46,23.23,188.83,88.79,92.71
1/14/16,28.11,16.83,13.67,23.5,191.93,90.33,94.15
1/15/16,27.51,16.58,13.38,23.08,187.81,88.31,92.186
1/19/16,27.52,16.65,13.39,22.91,188.06,88.4501,92.38
1/20/16,27.12,16.42,13.32,22.71,185.65,87.01,91.53
1/21/16,27.28,16.49,13.38,22.82,186.69,87.47,91.85
1/22/16,27.82,16.75,13.67,23.24,190.52,88.94,93.95
1/25/16,27.42,16.51,13.51,22.79,187.64,87.44,92.79
1/26/16,27.87,16.75,13.67,23.23,190.2,88.94,93.75
1/27/16,27.74,16.76,13.43,23.17,188.13,88.515,92.21
1/28/16,27.93,16.89,13.46,23.26,189.11,88.97,92.92
1/29/16,28.63,17.21,13.75,23.91,193.7208,90.99,95
2/1/16,28.54,17.21,13.79,23.91,193.65,91.1008,95.22
2/2/16,28.07,16.99,13.53,23.41,190.16,89.2,93.58
2/3/16,28.29,17.1,13.57,23.82,191.3,90.0302,93.56
2/4/16,28.35,17.12,13.58,23.99,191.6,90.72,93.48
2/5/16,28.06,17.02,13.28,23.65,187.95,89.4544,90.88
2/8/16,27.85,16.87,13.1,23.32,185.42,88.78,89.53
2/9/16,27.83,16.85,13.09,23.03,185.43,88.5,89.69
2/10/16,27.75,16.81,13.11,22.97,185.27,88.12,89.95
2/11/16,27.43,16.59,13,22.67,182.86,86.8172,89.19
2/12/16,27.97,16.85,13.2,23.19,186.63,88.66,90.57
2/16/16,28.37,17.09,13.48,23.54,189.78,90.07,92.36
2/17/16,28.73,17.29,13.72,23.91,192.88,91.4413,93.99
2/18/16,28.68,17.3,13.67,23.89,192.09,91.2311,93.34
2/19/16,28.63,17.28,13.68,23.76,192,90.8814,93.51
2/22/16,28.96,17.43,13.9,24.13,194.78,92.37,94.83
2/23/16,28.6,17.31,13.76,23.87,192.32,91.302,93.75
2/24/16,28.7,17.34,13.84,24,193.2,91.51,94.26
2/25/16,29.03,17.53,13.98,24.23,195.54,92.44,95.4
2/26/16,28.91,17.47,13.96,24.35,195.0892,92.43,95.22
2/29/16,28.69,17.4,13.86,24.31,193.56,91.74,94.28
3/1/16,29.27,17.61,14.19,24.72,198.11,93.67,96.72
3/2/16,29.43,17.7,14.21,25.03,199,94.2094,96.77
3/3/16,29.53,17.85,14.25,25.35,199.775,94.9901,96.8
3/4/16,29.65,17.96,14.27,25.54,200.43,95.6198,97.03
3/7/16,29.75,17.97,14.26,25.83,200.59,95.88,96.67
3/8/16,29.53,17.87,14.14,25.27,198.4,94.7502,96.03
3/9/16,29.74,17.95,14.22,25.41,199.38,94.9944,96.45
3/10/16,29.71,17.96,14.21,25.48,199.54,95.0199,96.4
3/11/16,30.1,18.18,14.44,26,202.76,96.77,97.95
3/14/16,30.03,18.15,14.45,25.89,202.5,96.675,98.16
3/15/16,30.02,18.13,14.4,25.71,202.17,96.24,98.08
3/16/16,29.95,18.24,14.52,26.02,203.34,96.83,98.74
3/17/16,30.22,18.33,14.56,26.35,204.63,97.6174,99.04
3/18/16,30.28,18.37,14.62,26.44,204.38,97.6899,98.88
3/21/16,30.29,18.35,14.64,26.43,204.67,97.6345,99.14
3/22/16,30.24,18.28,14.64,26.43,204.56,97.3775,99.23
3/23/16,30.08,18.24,14.55,26.02,203.2092,96.62,98.73
3/24/16,30.08,18.22,14.55,26.05,203.12,96.482,98.81
3/28/16,30.1,18.26,14.56,26.1,203.24,96.565,98.8
3/29/16,30.32,18.4,14.73,26.43,205.1208,97.0899,99.97
3/30/16,30.46,18.46,14.78,26.49,206.02,97.52,100.44
3/31/16,30.39,18.43,14.77,26.55,205.52,97.51,100.53
4/1/16,30.52,18.51,14.87,26.58,206.92,97.5778,101.31
4/4/16,30.44,18.46,14.82,26.36,206.25,97.29,100.94
4/5/16,30.15,18.26,14.69,26.14,204.1892,96.25,100
4/6/16,30.42,18.34,14.86,26.45,206.42,97.1401,101.28
4/7/16,30.12,18.17,14.66,26.15,203.95,96,99.97
4/8/16,30.29,18.28,14.67,26.33,204.4992,96.3399,100.12
4/11/16,30.22,18.25,14.62,26.37,204.0201,96.3501,99.64
4/12/16,30.55,18.44,14.75,26.75,205.92,97.44,100.41
4/13/16,30.78,18.54,14.9,27.05,208.0008,98.6,101.19
4/14/16,30.79,18.53,14.89,27.01,208.01,98.7599,101.3
4/15/16,30.74,18.55,14.89,27.05,207.78,98.36,101.2
4/18/16,30.97,18.64,14.97,27.23,209.2392,99.15,101.84
4/19/16,31.16,18.75,14.96,27.44,209.9,99.92,101.71
4/20/16,31.1,18.69,14.96,27.52,210.1,100.22,101.65
4/21/16,30.85,18.51,14.93,27.38,208.97,99.5267,101.27
4/22/16,30.89,18.61,14.89,27.67,208.97,100.24,100.71
4/25/16,30.85,18.58,14.88,27.47,208.61,99.59,100.6999
4/26/16,30.94,18.64,14.89,27.73,208.9192,100.32,100.48
4/27/16,31.09,18.78,14.85,27.9,209.35,101,100.36
4/28/16,30.86,18.68,14.68,27.55,207.4475,99.99,99.34
4/29/16,30.7,18.66,14.59,27.42,206.3308,99.47,98.96
5/2/16,30.89,18.79,14.71,27.51,207.97,99.9721,99.9
5/3/16,30.58,18.62,14.6,27.14,206.1592,98.87,99.18
5/4/16,30.4,18.52,14.52,26.9,205.01,98.2393,98.8
5/5/16,30.38,18.51,14.51,26.91,204.97,98.15,98.79
5/6/16,30.49,18.57,14.57,27.03,205.72,98.3799,99.3
5/9/16,30.46,18.57,14.61,26.88,205.8892,98.2907,99.56
5/10/16,30.84,18.76,14.77,27.24,208.45,99.4401,100.88
5/11/16,30.68,18.68,14.61,27.1,206.5,98.8339,99.91
5/12/16,30.73,18.73,14.57,27.02,206.56,98.58,99.68
5/13/16,30.45,18.57,14.47,26.79,204.76,97.7799,99.23
5/16/16,30.73,18.68,14.61,27.07,206.78,98.53,100.17
5/17/16,30.43,18.49,14.45,26.96,204.8508,97.6401,98.99
5/18/16,30.39,18.42,14.43,26.88,204.91,97.9,98.95
5/19/16,30.31,18.38,14.36,26.81,204.2,97.534,98.5201
5/20/16,30.46,18.43,14.46,27.11,205.49,98.19,99.0801
5/23/16,30.38,18.38,14.42,27.15,205.21,98.23,98.96
5/24/16,30.78,18.57,14.63,27.42,207.87,99.26,100.5601
5/25/16,31.03,18.66,14.72,27.69,209.28,100.26,101.11
5/26/16,31.01,18.69,14.73,27.67,209.34,100.05,101.25
5/27/16,31.14,18.74,14.81,27.76,210.24,100.1459,101.6605
5/31/16,31.1,18.71,14.82,27.81,209.84,100.33,101.62
6/1/16,31.14,18.74,14.82,27.85,210.27,100.4822,101.6849
6/2/16,31.22,18.81,14.89,27.98,210.91,100.8,101.98
6/3/16,31.21,18.86,14.84,27.95,210.28,100.2997,101.7
6/6/16,31.37,18.94,14.89,28.16,211.35,101.2484,102.03
6/7/16,31.46,19,14.9,28.25,211.68,101.66,102.04
6/8/16,31.53,19.05,14.94,28.26,212.37,101.75,102.29
6/9/16,31.47,19.01,14.9,28.08,212.08,101.57,102.33
6/10/16,31.24,18.88,14.75,27.52,210.07,100.5,101.3087
6/13/16,31,18.76,14.61,27.25,208.4492,99.89,100.654
6/14/16,30.93,18.69,14.58,27.09,208.04,99.42,100.58
6/15/16,30.85,18.68,14.56,27.2,207.75,99.35,100.32
6/16/16,30.79,18.67,14.61,27.18,208.37,99.6239,100.74
6/17/16,30.77,18.71,14.53,27.28,206.52,99.15,99.69
6/20/16,30.96,18.82,14.62,27.58,207.85,99.83,100.21
6/21/16,31.09,18.85,14.62,27.56,208.44,100.0599,100.46
6/22/16,31.03,18.82,14.62,27.56,208.1,99.905,100.31
6/23/16,31.45,19.07,14.79,28.05,210.81,100.8727,101.36
6/24/16,30.38,18.45,14.28,26.91,203.13,97.855,98.04
6/27/16,29.93,18.19,14.01,26.08,199.6,95.6,96.42
6/28/16,30.4,18.38,14.24,26.64,203.1997,97.16,98.0608
6/29/16,30.88,18.67,14.46,27.25,206.66,98.97,99.74
6/30/16,31.39,18.99,14.64,27.69,209.475,100.41,100.91
7/1/16,31.43,19.07,14.7,27.81,209.9208,100.64,101.2927
7/5/16,31.25,18.9,14.62,27.34,208.41,99.65,100.88
7/6/16,31.4,18.92,14.72,27.55,209.66,100.0808,101.49
7/7/16,31.3,18.87,14.74,27.58,209.526,99.88,101.35
7/8/16,31.72,19.08,14.97,28.11,212.65,101.49,102.93
7/11/16,31.83,19.14,15.05,28.19,213.4,101.78,103.3
7/12/16,32.03,19.23,15.14,28.59,214.95,102.86,103.78
7/13/16,32.09,19.25,15.12,28.55,214.92,102.97,103.76
7/14/16,32.21,19.3,15.2,28.6,216.12,103.5179,104.26
7/15/16,32.19,19.29,15.18,28.58,215.83,103.37,104.18
7/18/16,32.21,19.31,15.24,28.65,216.4092,103.609,104.46
7/19/16,32.12,19.26,15.22,28.49,216.19,103.3099,104.32
7/20/16,32.24,19.24,15.32,28.61,217.085,103.7099,105.07
7/21/16,32.09,19.21,15.29,28.55,216.265,103.19,104.65
7/22/16,32.23,19.32,15.36,28.7,217.24,103.7392,105.11
7/25/16,32.12,19.29,15.34,28.55,216.65,103.181,104.895
7/26/16,32.15,19.32,15.33,28.73,216.75,103.54,104.81
7/27/16,31.99,19.23,15.35,28.66,216.52,103.13,104.9
7/28/16,32.01,19.28,15.37,28.68,216.77,103.187,105.32
7/29/16,32.1,19.3,15.4,28.8,217.12,103.2244,105.54
8/1/16,31.97,19.21,15.43,28.48,216.94,102.521,105.66
8/2/16,31.83,19.1,15.32,28.27,215.5492,101.9986,105.09
8/3/16,31.89,19.11,15.36,28.53,216.18,102.2701,105.28
8/4/16,31.92,19.12,15.38,28.53,216.4097,102.551,105.4
8/5/16,32.12,19.21,15.47,28.84,218.18,103.4734,106.1
8/8/16,32.11,19.21,15.44,28.87,218.05,103.59,105.87
8/9/16,32.09,19.22,15.45,28.83,218.18,103.53,106.0388
8/10/16,32.01,19.22,15.42,28.72,217.64,103.245,105.84
8/11/16,32.19,19.28,15.49,28.92,218.65,103.9244,106.45
8/12/16,32.13,19.27,15.48,28.88,218.46,103.7801,106.18
8/15/16,32.2,19.28,15.53,29.09,219.09,104.23,106.52
8/16/16,32.05,19.18,15.43,28.94,217.96,103.82,105.78
8/17/16,32.15,19.22,15.44,28.95,218.37,104.0003,106.0661
8/18/16,32.25,19.28,15.46,29.11,218.86,104.3756,105.92
8/19/16,32.15,19.21,15.46,29.06,218.54,104.2,106.05
8/22/16,32.13,19.2,15.45,29.02,218.53,103.92,105.99
8/23/16,32.17,19.22,15.5,29.17,218.97,104.23,106.45
8/24/16,32.07,19.16,15.39,28.9,217.85,103.6383,105.59
8/25/16,32.07,19.18,15.36,28.94,217.7,103.59,105.4401
8/26/16,31.98,19.09,15.34,28.9,217.29,103.38,105.48
8/29/16,32.18,19.18,15.4,29.09,218.3608,104.1222,105.74