Date,IBOV
1/3/05,25722.01
1/4/05,24848.04
1/5/05,24691.8
1/6/05,24366.93
1/7/05,24747.22
1/10/05,24291.89
1/11/05,24369.87
1/12/05,24509.6
1/13/05,24805.74
1/14/05,24924.13
1/17/05,24515.22
1/18/05,24089.19
1/19/05,24271.23
1/20/05,23609.97
1/21/05,23818.37
1/24/05,24197.72
1/26/05,24530.16
1/27/05,24029.7
1/28/05,23968.09
1/31/05,24350.62
2/1/05,24149.46
2/2/05,24605.36
2/3/05,24873.63
2/4/05,25731.94
2/9/05,26313.5
2/10/05,26415.79
2/11/05,26670.52
2/14/05,26531.89
2/15/05,26610.12
2/16/05,26384.08
2/17/05,27090.91
2/18/05,26756.25
2/21/05,26853.05
2/22/05,26740.06
2/23/05,27198.46
2/24/05,28436.17
2/25/05,28425.04
2/28/05,28139.13
3/1/05,27729.98
3/2/05,28199.7
3/3/05,28668.4
3/4/05,29197.19
3/7/05,29455.42
3/8/05,29021.2
3/9/05,28514.46
3/10/05,28567.49
3/11/05,28074.91
3/14/05,28098.89
3/15/05,27587.71
3/16/05,27826.71
3/17/05,28085.83
3/18/05,27593.25
3/21/05,27411.34
3/22/05,26618.06
3/23/05,26248.27
3/24/05,26701.88
3/28/05,26257.32
3/29/05,25842.08
3/30/05,26469.78
3/31/05,26610.65
4/1/05,26773.83
4/4/05,26406.75
4/5/05,26038.44
4/6/05,25695.05
4/7/05,26307.83
4/8/05,25884.63
4/11/05,25899.73
4/12/05,26206.21
4/13/05,26066.11
4/14/05,24984
4/15/05,24655.85
4/18/05,24877.04
4/19/05,25566.17
4/20/05,25062.44
4/22/05,24767.06
4/25/05,25231.5
4/26/05,25304.75
4/27/05,25241.7
4/28/05,24439.71
4/29/05,24843.7
5/2/05,24704.6
5/3/05,24715.63
5/4/05,25474.47
5/5/05,25435.82
5/6/05,25589.2
5/9/05,25464.75
5/10/05,24762.71
5/11/05,24698.66
5/12/05,24117.27
5/13/05,23887.44
5/16/05,24378.5
5/17/05,24412.76
5/18/05,24898.12
5/19/05,24829.01
5/20/05,24522.41
5/23/05,24214.89
5/24/05,24545.24
5/25/05,24478.42
5/27/05,25255.48
5/30/05,25424.22
5/31/05,25207.07
6/1/05,25948.83
6/2/05,26639.83
6/3/05,26365.62
6/6/05,25556.26
6/7/05,25026.1
6/8/05,24701.5
6/9/05,24483.55
6/10/05,24950.95
6/13/05,24901.83
6/14/05,25744.24
6/15/05,25481.38
6/16/05,25750.53
6/17/05,26092.88
6/20/05,26045.5
6/21/05,25721.68
6/22/05,25678.25
6/23/05,24815.58
6/24/05,24916.91
6/27/05,25225.77
6/28/05,25261.04
6/29/05,25126.36
6/30/05,25051.21
7/1/05,25311.44
7/4/05,25044.53
7/5/05,24674.77
7/6/05,24516.86
7/7/05,24449.51
7/8/05,24422.91
7/11/05,25015.58
7/12/05,25536.25
7/13/05,25855.91
7/14/05,25919.95
7/15/05,25221.53
7/18/05,25321.08
7/19/05,25270.6
7/20/05,25704.76
7/21/05,25842.37
7/22/05,25391.23
7/25/05,24530.79
7/26/05,24868.47
7/27/05,25337.82
7/28/05,26068.37
7/29/05,26042.36
8/1/05,26298.07
8/2/05,26788.54
8/3/05,26714.07
8/4/05,26469.9
8/5/05,26517.92
8/8/05,26711.19
8/9/05,27291.44
8/10/05,27116.92
8/11/05,26633.12
8/12/05,26950.74
8/15/05,27375.02
8/16/05,27080.1
8/17/05,27416.12
8/18/05,26899.74
8/19/05,26643.77
8/22/05,27260.68
8/23/05,26769.28
8/24/05,26712.38
8/25/05,27401.63
8/26/05,27094.61
8/29/05,27384.83
8/30/05,27603.74
8/31/05,28044.83
9/1/05,27962.19
9/2/05,28319.11
9/5/05,28522
9/6/05,28854.92
9/8/05,28828.06
9/9/05,29307.91
9/12/05,29086.48
9/13/05,28873.3
9/14/05,29049.99
9/15/05,29366.24
9/16/05,29815.83
9/19/05,30076.02
9/20/05,30058.99
9/21/05,30837.29
9/22/05,30678.43
9/23/05,31294.11
9/26/05,31141.2
9/27/05,30874.94
9/28/05,31317.24
9/29/05,31208.82
9/30/05,31583.79
10/3/05,31856.13
10/4/05,31283.83
10/5/05,30163.52
10/6/05,29227.4
10/7/05,29972.99
10/10/05,30277.22
10/11/05,30614.23
10/13/05,29880.04
10/14/05,29770.22
10/17/05,30241.61
10/18/05,29067.91
10/19/05,29297.11
10/20/05,28344.08
10/21/05,29175.79
10/24/05,29834.99
10/25/05,29498.03
10/26/05,29729.97
10/27/05,29132.52
10/28/05,29318.18
10/31/05,30193.51
11/1/05,30899.71
11/3/05,31099.97
11/4/05,30887.5
11/7/05,30952.24
11/8/05,30970.6
11/9/05,30666.07
11/10/05,30724.6
11/11/05,30510.89
11/14/05,30218.88
11/16/05,30482.12
11/17/05,31087
11/18/05,31102.37
11/21/05,31110.07
11/22/05,31489.01
11/23/05,31942.56
11/24/05,31944.73
11/25/05,31919.66
11/28/05,31357.55
11/29/05,31651.55
11/30/05,31916.76
12/1/05,32617.18
12/2/05,32832.45
12/5/05,32701.17
12/6/05,33223.42
12/7/05,32756.79
12/8/05,32480.04
12/9/05,32921.76
12/12/05,32970.6
12/13/05,33419.65
12/14/05,33629.47
12/15/05,33193.27
12/16/05,33291.82
12/19/05,33005.27
12/20/05,33066.53
12/21/05,33517.05
12/22/05,33512.86
12/23/05,33331.26
12/26/05,33297.52
12/27/05,33370.73
12/28/05,33138.48
12/29/05,33455.94
1/2/06,33507.27
1/3/06,34540.58
1/4/06,35002.37
1/5/06,34936.11
1/6/06,35475.02
1/9/06,35337.33
1/10/06,35049.42
1/11/06,35952.24
1/12/06,35779.3
1/13/06,35897.12
1/16/06,36533.68
1/17/06,36119.37
1/18/06,35805.19
1/19/06,36858.19
1/20/06,36694.65
1/23/06,36631.75
1/24/06,37399.67
1/26/06,38014.36
1/27/06,37822.22
1/30/06,38242.04
1/31/06,38382.8
2/1/06,38484.84
2/2/06,37304.19
2/3/06,37261.73
2/6/06,37321.2
2/7/06,36561.7
2/8/06,36499.41
2/9/06,36882.31
2/10/06,36975.27
2/13/06,36113.95
2/14/06,36626.88
2/15/06,37239.3
2/16/06,38256.39
2/17/06,38421.83
2/20/06,38539.18
2/21/06,38165.97
2/22/06,38246.4
2/23/06,38405.48
2/24/06,38610.39
3/1/06,39177.87
3/2/06,39125.84
3/3/06,39239.75
3/6/06,38353.98
3/7/06,37422.58
3/8/06,37289.08
3/9/06,36312.27
3/10/06,36890.69
3/13/06,36792.98
3/14/06,37541.49
3/15/06,38243.99
3/16/06,38156.64
3/17/06,38049.17
3/20/06,38203.53
3/21/06,37398.01
3/22/06,37850.59
3/23/06,37473.85
3/24/06,37577.05
3/27/06,37641.06
3/28/06,36682.21
3/29/06,37491.57
3/30/06,37776.76
3/31/06,37951.97
4/3/06,38717.07
4/4/06,38802.26
4/5/06,39053.2
4/6/06,39285.04
4/7/06,38926.49
4/10/06,38474.73
4/11/06,37901.19
4/12/06,38427.41
4/13/06,38082.13
4/17/06,38462.48
4/18/06,39572.47
4/19/06,39937.74
4/20/06,39774.59
4/24/06,39751.3
4/25/06,39738.07
4/26/06,40410.06
4/27/06,39751.44
4/28/06,40363.42
5/2/06,41016.58
5/3/06,40919.76
5/4/06,40975.78
5/5/06,41417.27
5/8/06,41515.49
5/9/06,41979.29
5/10/06,41751.5
5/11/06,40847.07
5/12/06,40211.97
5/15/06,39271.45
5/16/06,39416.44
5/17/06,38290.68
5/18/06,37807.15
5/19/06,37732.86
5/22/06,36496.92
5/23/06,36110
5/24/06,35791.96
5/25/06,37568.66
5/26/06,38629.71
5/29/06,38145.15
5/30/06,36412.51
5/31/06,36530.04
6/1/06,37748.3
6/2/06,37942.18
6/5/06,36739.86
6/6/06,36557.8
6/7/06,35264
6/8/06,35437.78
6/9/06,35074.63
6/12/06,33554.52
6/13/06,32847.61
6/14/06,32941.46
6/16/06,34398.92
6/19/06,33897.35
6/20/06,33632.14
6/21/06,34546.64
6/22/06,34316.77
6/23/06,34661.22
6/26/06,34631.24
6/27/06,34375.73
6/28/06,34834.65
6/29/06,36486.67
6/30/06,36630.66
7/3/06,37357.2
7/4/06,37367.34
7/5/06,36378.03
7/6/06,36533.13
7/7/06,36101.98
7/10/06,36140.64
7/11/06,36553.56
7/12/06,36229.71
7/13/06,35354.28
7/14/06,35349.68
7/17/06,34866.31
7/18/06,35130.42
7/19/06,36785.45
7/20/06,35846.84
7/21/06,35510.4
7/24/06,36224.39
7/25/06,36680.83
7/26/06,36594.3
7/27/06,36887.72
7/28/06,37381.06
7/31/06,37077.12
8/1/06,36839.31
8/2/06,37288.4
8/3/06,37451.19
8/4/06,37847.88
8/7/06,37697.55
8/8/06,37600.44
8/9/06,37255.12
8/10/06,37353.76
8/11/06,36944.43
8/14/06,36556.88
8/15/06,37295.93
8/16/06,37677.81
8/17/06,37558.89
8/18/06,37551.71
8/21/06,37160.6
8/22/06,36677.51
8/23/06,35512.1
8/24/06,35797.26
8/25/06,35957.52
8/28/06,36374.51
8/29/06,36303.67
8/30/06,36313.43
8/31/06,36232.22
9/1/06,37329.15
9/4/06,37693.35
9/5/06,37367.96
9/6/06,36709.87
9/8/06,36558.48
9/11/06,35772.49
9/12/06,36146.66
9/13/06,36549.71
9/14/06,36153.6
9/15/06,36169.93
9/18/06,36482.78
9/19/06,35885.68
9/20/06,35196.59
9/21/06,34830.08
9/22/06,34798.8
9/25/06,34972.74
9/26/06,35818.97
9/27/06,36105.64
9/28/06,36486.19
9/29/06,36449.4
10/2/06,37057.75
10/3/06,36437.55
10/4/06,37749.29
10/5/06,37976.86
10/6/06,37940.44
10/9/06,38406.37
10/10/06,38654.69
10/11/06,38322.21
10/13/06,38850.16
10/16/06,39229.06
10/17/06,38897.5
10/18/06,38685.99
10/19/06,38919.75
10/20/06,38642.82
10/23/06,39226.76
10/24/06,39498.98
10/25/06,39562.63
10/26/06,39644.78
10/27/06,39328.47
10/30/06,38900.49
10/31/06,39262.79
11/1/06,39930.05
11/3/06,40435.18
11/6/06,41246.61
11/7/06,41048.31
11/8/06,41334.23
11/9/06,40815.48
11/10/06,40719.92
11/13/06,40605.79
11/14/06,41290.7
11/16/06,41161.87
11/17/06,41029.43
11/21/06,41570.4
11/22/06,41912.92
11/23/06,42069.83
11/24/06,41757.72
11/27/06,40914.63
11/28/06,41043.15
11/29/06,41970.01
11/30/06,41931.84
12/1/06,41327.07
12/4/06,42654.33
12/5/06,43157.28
12/6/06,43096.16
12/7/06,42909.29
12/8/06,42977.58
12/11/06,43297.06
12/12/06,43018.45
12/13/06,43284.52
12/14/06,43754.56
12/15/06,43595.7
12/18/06,43508.73
12/19/06,43589.72
12/20/06,43502.36
12/21/06,43385.02
12/22/06,43355.73
12/26/06,43603.08
12/27/06,44526.36
12/28/06,44473.71
1/2/07,45382.61
1/3/07,44445.29
1/4/07,44019.77
1/5/07,42245.16
1/8/07,42829.93
1/9/07,42006.78
1/10/07,42335.67
1/11/07,42670.32
1/12/07,43094.97
1/15/07,42919.17
1/16/07,42624.22
1/17/07,42735.48
1/18/07,42477.92
1/19/07,43427.64
1/22/07,43553.3
1/23/07,44177.2
1/24/07,44686.73
1/26/07,44412.35
1/29/07,43573.49
1/30/07,44044.23
1/31/07,44641.6
2/1/07,44815.01
2/2/07,44997.83
2/5/07,45286.17
2/6/07,45351.8
2/7/07,44587.96
2/8/07,44891.94
2/9/07,44284.4
2/12/07,43934.75
2/13/07,45197.45
2/14/07,45995.6
2/15/07,45955.07
2/16/07,45849.03
2/21/07,46090.24
2/22/07,46452.26
2/23/07,46015.79
2/26/07,46207.4
2/27/07,43145.33
2/28/07,43892.31
3/1/07,43516.91
3/2/07,42369.84
3/5/07,41179.16
3/6/07,43218.4
3/7/07,42667.18
3/8/07,43465.83
3/9/07,44133.42
3/12/07,44249.23
3/13/07,42749.38
3/14/07,43288.44
3/15/07,43278.19
3/16/07,42730.04
3/19/07,43712.55
3/20/07,44350.87
3/21/07,45630.86
3/22/07,45424.18
3/23/07,45532.53
3/26/07,45644.56
3/27/07,45206.53
3/28/07,44484.1
3/29/07,45355.13
3/30/07,45804.66
4/2/07,45597.48
4/3/07,46288.16
4/4/07,46553.93
4/5/07,46646.57
4/9/07,46854.71
4/10/07,47174.07
4/11/07,46939.19
4/12/07,47346.56
4/13/07,47926.23
4/16/07,48921.21
4/17/07,48755.48
4/18/07,48709.84
4/19/07,48762.13
4/20/07,49408.18
4/23/07,49162.09
4/24/07,49070.86
4/25/07,49675.59
4/26/07,49067.69
4/27/07,49229.6
4/30/07,48956.39
5/2/07,49471.54
5/3/07,50218.22
5/4/07,50597.79
5/7/07,50281.73
5/8/07,50277.69
5/9/07,51300.13
5/10/07,50234.68
5/11/07,50902.38
5/14/07,50510.76
5/15/07,50518.21
5/16/07,51737.56
5/17/07,51631.47
5/18/07,52077.68
5/21/07,52423.45
5/22/07,52208.09
5/23/07,51812.5
5/24/07,50530.65
5/25/07,51617.97
5/28/07,52119.97
5/29/07,51713.18
5/30/07,52527.65
5/31/07,52268.46
6/1/07,53422.67
6/4/07,53242.68
6/5/07,53162.21
6/6/07,52049.31
6/8/07,52329.68
6/11/07,52776.84
6/12/07,51797.14
6/13/07,52993.73
6/14/07,53712.89
6/15/07,54518.63
6/18/07,54730.44
6/19/07,54643.72
6/20/07,54029.24
6/21/07,54656.88
6/22/07,54267.1
6/25/07,54041.57
6/26/07,53851.68
6/27/07,54143.07
6/28/07,54146.59
6/29/07,54392.06
7/2/07,55371.21
7/3/07,55699.69
7/4/07,55696.47
7/5/07,55932.34
7/6/07,56443.73
7/10/07,55882.7
7/11/07,56356.13
7/12/07,57613.05
7/13/07,57644.16
7/16/07,57374.4
7/17/07,57659.65
7/18/07,57555.85
7/19/07,58124.57
7/20/07,57442.74
7/23/07,58036.77
7/24/07,55794.57
7/25/07,56001.3
7/26/07,53893.15
7/27/07,52922.23
7/30/07,54572.61
7/31/07,54182.5
8/1/07,54233.87
8/2/07,54690.92
8/3/07,52846.38
8/6/07,53091.1
8/7/07,53802.48
8/8/07,55241.37
8/9/07,53430.84
8/10/07,52638.13
8/13/07,52434.01
8/14/07,50911.75
8/15/07,49285.3
8/16/07,48015.55
8/17/07,48558.76
8/20/07,49206.36
8/21/07,49815.08
8/22/07,51744.56
8/23/07,51848.23
8/24/07,52997.56
8/27/07,53078.15
8/28/07,51645.33
8/29/07,52734.64
8/30/07,52857.84
8/31/07,54637.24
9/3/07,54832.51
9/4/07,55250.47
9/5/07,54407.83
9/6/07,54569
9/10/07,52652.57
9/11/07,53920.57
9/12/07,53882.71
9/13/07,54908.18
9/14/07,54671
9/17/07,54340.54
9/18/07,56666.3
9/19/07,57264.22
9/20/07,56906.44
9/21/07,57798.79
9/24/07,58719.37
9/25/07,58857.78
9/26/07,59714.83
9/27/07,61052.44
9/28/07,60465.06
10/1/07,62340.34
10/2/07,62017.12
10/3/07,60098.57
10/4/07,60406.72
10/5/07,62318.72
10/8/07,62660.85
10/9/07,63548.69
10/10/07,63197.04
10/11/07,62455.77
10/15/07,62969.44
10/16/07,61717.9
10/17/07,63193.67
10/18/07,63261.33
10/19/07,60894.29
10/22/07,61215.13
10/23/07,62697.14
10/24/07,62624.81
10/25/07,62341.49
10/26/07,64275.58
10/29/07,65044.31
10/30/07,64383.13
10/31/07,65317.7
11/1/07,64050.08
11/5/07,62959.55
11/6/07,64503.43
11/7/07,63500.62
11/8/07,63561.91
11/9/07,64320.56
11/12/07,61526.87
11/13/07,62927.03
11/14/07,64630.87
11/16/07,64609.38
11/19/07,62336.02
11/21/07,60581.54
11/22/07,60653.01
11/23/07,60970.9
11/26/07,59069.17
11/27/07,59431.5
11/28/07,61714.64
11/29/07,62156.34
11/30/07,63006.16
12/3/07,63199.85
12/4/07,63481.53
12/5/07,64927.96
12/6/07,65790.81
12/7/07,65638.54
12/10/07,65445.96
12/11/07,64512.26
12/12/07,64741.69
12/13/07,62860.99
12/14/07,62444.97
12/17/07,59828.21
12/18/07,61096.28
12/19/07,61721.71
12/20/07,61716.2
12/21/07,63097.71
12/26/07,64288.26
12/27/07,63774.38
12/28/07,63886.1
1/2/08,62815.13
1/3/08,62891.97
1/4/08,61036.61
1/7/08,60772.15
1/8/08,62080.73
1/9/08,62673.69
1/10/08,63515.48
1/11/08,61942.36
1/14/08,62187.78
1/15/08,59907.06
1/16/08,58777.45
1/17/08,57036.85
1/18/08,57506.47
1/21/08,53709.11
1/22/08,56097.18
1/23/08,54234.82
1/24/08,57463.31
1/28/08,58593.78
1/29/08,59529.58
1/30/08,60289.41
1/31/08,59490.4
2/1/08,61079.83
2/6/08,58968.53
2/7/08,58965.48
2/8/08,59075.98
2/11/08,60643.22
2/12/08,61805.47
2/13/08,62590.65
2/14/08,61818.99
2/15/08,61271.87
2/18/08,62801.43
2/19/08,62296.54
2/20/08,63747.49
2/21/08,63792.23
2/22/08,64608.78
2/25/08,65000.94
2/26/08,65182.61
2/27/08,65494.85
2/28/08,65555.08
2/29/08,63489.3
3/3/08,64490.46
3/4/08,63655.54
3/5/08,64629.48
3/6/08,62974.65
3/7/08,61867.99
3/10/08,59999.27
3/11/08,62367.72
3/12/08,62176.58
3/13/08,62279.71
3/14/08,61990.99
3/17/08,60011.84
3/18/08,61932.78
3/19/08,58827.36
3/20/08,58987.31
3/24/08,59812.53
3/25/08,61234.06
3/26/08,61415.28
3/27/08,60761.68
3/28/08,60452.12
3/31/08,60968.07
4/1/08,62774.85
4/2/08,63364.36
4/3/08,64175.05
4/4/08,64445.97
4/7/08,64175.58
4/8/08,64539.54
4/9/08,63476.92
4/10/08,63527.11
4/11/08,62585.21
4/14/08,62153.45
4/15/08,62618.39
4/16/08,64151.94
4/17/08,64552.42
4/18/08,64922.67
4/22/08,65412.66
4/23/08,64947.54
4/24/08,64576.26
4/25/08,65187.34
4/28/08,65677.74
4/29/08,63825.74
4/30/08,67868.46
5/2/08,69366.39
5/5/08,70174.88
5/6/08,70195.27
5/7/08,69017.66
5/8/08,69722.25
5/9/08,69645.7
5/12/08,70415.82
5/13/08,70503.25
5/14/08,70026.62
5/15/08,71492.36
5/16/08,72766.93
5/19/08,73438.83
5/20/08,73516.81
5/21/08,72294.8
5/23/08,71451.8
5/26/08,71628.74
5/27/08,70992.06
5/28/08,73153.23
5/29/08,71797.54
5/30/08,72592.5
6/2/08,71897.25
6/3/08,70011.92
6/4/08,68673.14
6/5/08,71209.12
6/6/08,69785.87
6/9/08,69281.2
6/10/08,67774.94
6/11/08,66794.76
6/12/08,67319.63
6/13/08,67203.52
6/16/08,67284.61
6/17/08,68437.5
6/18/08,67090.45
6/19/08,66590.41
6/20/08,64613.79
6/23/08,64640.45
6/24/08,64167.77
6/25/08,65853.34
6/26/08,63946.92
6/27/08,64321.11
6/30/08,65017.58
7/1/08,63396.19
7/2/08,61106.22
7/3/08,59273.38
7/4/08,59365.35
7/7/08,59088.2
7/8/08,59535.95
7/10/08,60252.74
7/11/08,60148.26
7/14/08,60720.9
7/15/08,61015.09
7/16/08,62056.47
7/17/08,60108.72
7/18/08,59988.1
7/21/08,60771.79
7/22/08,59647.32
7/23/08,59420.86
7/24/08,57434.37
7/25/08,57199.14
7/28/08,56869.02
7/29/08,58042.87
7/30/08,59997.64
7/31/08,59505.17
8/1/08,57630.35
8/4/08,55609.07
8/5/08,56470.59
8/6/08,57542.49
8/7/08,57017.55
8/8/08,56584.4
8/11/08,54720.25
8/12/08,54502.97
8/13/08,54573.18
8/14/08,55138.35
8/15/08,54244.03
8/18/08,53326.54
8/19/08,53638.69
8/20/08,55377.15
8/21/08,55934.69
8/22/08,55850.13
8/25/08,54477.25
8/26/08,54358.7
8/27/08,55519.24
8/28/08,56382.22
8/29/08,55680.41
9/1/08,55162.14
9/2/08,54404.41
9/3/08,53527.01
9/4/08,51408.54
9/5/08,51939.6
9/8/08,50717.97
9/9/08,48435.3
9/10/08,49633.16
9/11/08,51270.4
9/12/08,52392.86
9/15/08,48416.33
9/16/08,49228.92
9/17/08,45908.51
9/18/08,48422.75
9/19/08,53055.38
9/22/08,51540.58
9/23/08,49593.17
9/24/08,49842.99
9/25/08,51828.46
9/26/08,50782.99
9/29/08,46028.06
9/30/08,49541.27
10/1/08,49798.65
10/2/08,46145.1
10/3/08,44517.32
10/6/08,42100.79
10/7/08,40139.85
10/8/08,38593.54
10/9/08,37080.3
10/10/08,35609.54
10/13/08,40829.13
10/14/08,41569.03
10/15/08,36833.02
10/16/08,36441.72
10/17/08,36399.09
10/20/08,39441.08
10/21/08,39043.39
10/22/08,35069.73
10/23/08,33818.49
10/24/08,31481.55
10/27/08,29435.11
10/28/08,33386.65
10/29/08,34845.21
10/30/08,37448.77
10/31/08,37256.84
11/3/08,38249.44
11/4/08,40254.8
11/5/08,37785.66
11/6/08,36361.91
11/7/08,36665.11
11/10/08,36776.27
11/11/08,37261.9
11/12/08,34373.99
11/13/08,35993.33
11/14/08,35789.1
11/17/08,35717.21
11/18/08,34094.66
11/19/08,33404.55
11/21/08,31250.6
11/24/08,34188.83
11/25/08,34812.86
11/26/08,36469.61
11/27/08,36212.65
11/28/08,36595.87
12/1/08,34740.5
12/2/08,35000.84
12/3/08,35296.7
12/4/08,35127.77
12/5/08,35347.39
12/8/08,38284.91
12/9/08,37968.11
12/10/08,39004.4
12/11/08,38519.07
12/12/08,39373.86
12/15/08,38320.19
12/16/08,39993.46
12/17/08,39947.43
12/18/08,39536.27
12/19/08,39131.23
12/22/08,37618.5
12/23/08,36470.78
12/26/08,36864.13
12/29/08,37060.16
12/30/08,37550.31
1/2/09,40244.22
1/5/09,41518.66
1/6/09,42312.28
1/7/09,40820.25
1/8/09,41990.55
1/9/09,41582.94
1/12/09,39403.47
1/13/09,39544.23
1/14/09,37981.77
1/15/09,39151.08
1/16/09,39341.54
1/19/09,38828.32
1/20/09,37272.07
1/21/09,38542.9
1/22/09,37894.33
1/23/09,38132.35
1/26/09,38509.45
1/27/09,38698.92
1/28/09,40227.45
1/29/09,39638.42
1/30/09,39300.79
2/2/09,38666.44
2/3/09,39746.76
2/4/09,40129.04
2/5/09,41108.65
2/6/09,42755.5
2/9/09,42100.12
2/10/09,41207.43
2/11/09,40845.62
2/12/09,40500.79
2/13/09,41673.62
2/16/09,41841.32
2/17/09,39846.97
2/18/09,39674.39
2/19/09,39730.33
2/20/09,38714.64
2/25/09,38231.58
2/26/09,38180.18
2/27/09,38183.31
3/2/09,36234.69
3/3/09,36467.56
3/4/09,38402.24
3/5/09,37368.93
3/6/09,37105.09
3/9/09,36741.35
3/10/09,38794.55
3/11/09,38804.8
3/12/09,39151.86
3/13/09,39015.37
3/16/09,38607.2
3/17/09,39510.72
3/18/09,40142.29
3/19/09,40453.43
3/20/09,40076.41
3/23/09,42438.55
3/24/09,41475.83
3/25/09,41799.3
3/26/09,42588.66
3/27/09,41907.29
3/30/09,40653.13
3/31/09,40925.87
4/1/09,41976.33
4/2/09,43736.45
4/3/09,44390.98
4/6/09,44167.26
4/7/09,43824.53
4/8/09,44181.98
4/9/09,45538.71
4/13/09,45991.89
4/14/09,45418.18
4/15/09,45272.65
4/16/09,46024.78
4/17/09,45778.28
4/20/09,44433.15
4/22/09,44888.2
4/23/09,45801.17
4/24/09,46771.79
4/27/09,45819.71
4/28/09,45821.44
4/29/09,47226.79
4/30/09,47289.53
5/4/09,50404.53
5/5/09,50669.78
5/6/09,51499.48
5/7/09,50058.06
5/8/09,51395.99
5/11/09,50976.39
5/12/09,50325.78
5/13/09,48679.19
5/14/09,49446.02
5/15/09,49007.21
5/18/09,51463.02
5/19/09,51346.61
5/20/09,51245.09
5/21/09,50087.33
5/22/09,50568.49
5/25/09,50816.24
5/26/09,51840.8
5/27/09,51791.61
5/28/09,53040.74
5/29/09,53197.73
6/1/09,54486.29
6/2/09,53999.52
6/3/09,52086.63
6/4/09,53463.9
6/5/09,53341.01
6/8/09,53630.39
6/9/09,53157.13
6/10/09,53410.93
6/12/09,53558.23
6/15/09,52033.82
6/16/09,51205.78
6/17/09,51045.84
6/18/09,50903.02
6/19/09,51373.77
6/22/09,49494.8
6/23/09,49813.58
6/24/09,49672.12
6/25/09,51514.81
6/26/09,51485.61
6/29/09,52137.58
6/30/09,51465.46
7/1/09,51543.78
7/2/09,51024.94
7/3/09,50934.69
7/6/09,50622.47
7/7/09,49456.7
7/8/09,49177.55
7/10/09,49220.78
7/13/09,49186.93
7/14/09,48872.58
7/15/09,51296.66
7/16/09,51918.2
7/17/09,52072.49
7/20/09,53154.93
7/21/09,53233.57
7/22/09,53072.57
7/23/09,54249.36
7/24/09,54457.29
7/27/09,54548.99
7/28/09,54471.54
7/29/09,53734.53
7/30/09,54478.43
7/31/09,54765.72
8/3/09,55997.81
8/4/09,56038.07
8/5/09,56384.08
8/6/09,55754.88
8/7/09,56329.51
8/10/09,56830.01
8/11/09,55761.16
8/12/09,56588.26
8/13/09,57047.98
8/14/09,56638
8/17/09,55218.37
8/18/09,55748.92
8/19/09,56156.28
8/20/09,56831.48
8/21/09,57728.59
8/24/09,57775.37
8/25/09,57421.43
8/26/09,57765.69
8/27/09,57703.85
8/28/09,57700.57
8/31/09,56488.98
9/1/09,55814.96
9/2/09,55385.72
9/3/09,55707.17
9/4/09,56652.28
9/8/09,57854.8
9/9/09,57909.95
9/10/09,58535.79
9/11/09,58366.38
9/14/09,58867.55
9/15/09,59263.86
9/16/09,60410.66
9/17/09,60236.03
9/18/09,60703.01
9/21/09,60928.02
9/22/09,61493.39
9/23/09,60496.19
9/24/09,60046.28
9/25/09,60355.73
9/28/09,61316.62
9/29/09,61235.26
9/30/09,61517.89
10/1/09,60459.33
10/2/09,61171.99
10/5/09,62369.3
10/6/09,62670.59
10/7/09,62638.28
10/8/09,63759.87
10/9/09,64071.01
10/13/09,64645.59
10/14/09,66201.13
10/15/09,66703.32
10/16/09,66200.49
10/19/09,67239.45
10/20/09,65303.11
10/21/09,65485.59
10/22/09,66134.97
10/23/09,65058.84
10/26/09,65085.55
10/27/09,63161.04
10/28/09,60162.31
10/29/09,63720.58
10/30/09,61545.5
11/3/09,62643.23
11/4/09,63912.57
11/5/09,64815.72
11/6/09,64466.13
11/9/09,66214.35
11/10/09,66303.49
11/11/09,66431.24
11/12/09,64447.93
11/13/09,65325.63
11/16/09,66627.1
11/17/09,67405.98
11/18/09,66515.66
11/19/09,66327.28
11/23/09,66809.4
11/24/09,67317
11/25/09,67917.08
11/26/09,66391.8
11/27/09,67082.15
11/30/09,67044.44
12/1/09,68408.4
12/2/09,68614.79
12/3/09,68314.82
12/4/09,67603.52
12/7/09,68512.19
12/8/09,67728.51
12/9/09,68011.99
12/10/09,68728.29
12/11/09,69267.47
12/14/09,69349.4
12/15/09,69310.81
12/16/09,68622.4
12/17/09,67067.96
12/18/09,66794.21
12/21/09,65925.19
12/22/09,67417.93
12/23/09,67588.86
12/28/09,67901.7
12/29/09,68296.04
12/30/09,68588.41
1/4/10,70045.08
1/5/10,70239.82
1/6/10,70729.34
1/7/10,70451.12
1/8/10,70262.7
1/11/10,70433.49
1/12/10,70075.78
1/13/10,70385.47
1/14/10,69801.42
1/15/10,68978.3
1/18/10,69400.93
1/19/10,69908.59
1/20/10,68200.07
1/21/10,66270.14
1/22/10,66220.04
1/26/10,65523.73
1/27/10,65069.79
1/28/10,65587.81
1/29/10,65401.77
2/1/10,66571.74
2/2/10,67163.21
2/3/10,67108.56
2/4/10,63934.01
2/5/10,62762.7
2/8/10,63153.09
2/9/10,64718.17
2/10/10,65051.42
2/11/10,66128.94
2/12/10,65854.97
2/17/10,67284.57
2/18/10,67836.08
2/19/10,67597.43
2/22/10,67184.16
2/23/10,66108.33
2/24/10,65794.77
2/25/10,66121.04
2/26/10,66503.27
3/1/10,67227.93
3/2/10,67779.16
3/3/10,67641.34
3/4/10,67814.71
3/5/10,68846.5
3/8/10,68575.47
3/9/10,69576.38
3/10/10,69979.28
3/11/10,69884.61
3/12/10,69341.38
3/15/10,69023.75
3/16/10,69942.21
3/17/10,69723.24
3/18/10,69697.33
3/19/10,68828.98
3/22/10,69041.73
3/23/10,69386.72
3/24/10,68913.4
3/25/10,68441.66
3/26/10,68682.66
3/29/10,69939.12
3/30/10,69959.58
3/31/10,70371.54
4/1/10,71136.34
4/5/10,71289.68
4/6/10,71095.65
4/7/10,70792.94
4/8/10,71784.78
4/9/10,71417.27
4/12/10,70614.36
4/13/10,70792.4
4/14/10,71034.85
4/15/10,70524.35
4/16/10,69421.35
4/19/10,69097.58
4/20/10,69318.44
4/22/10,69386.41
4/23/10,69509.49
4/26/10,68871.94
4/27/10,66511.1
4/28/10,66655.71
4/29/10,67978.05
4/30/10,67529.73
5/3/10,67119.41
5/4/10,64869.32
5/5/10,64914.17
5/6/10,63414.22
5/7/10,62870.88
5/10/10,65452.68
5/11/10,64424.89
5/12/10,65223.63
5/13/10,64788.22
5/14/10,63412.47
5/17/10,62866.26
5/18/10,60841.08
5/19/10,59689.32
5/20/10,58192.08
5/21/10,60259.33
5/24/10,59915.14
5/25/10,59184.08
5/26/10,60190.36
5/27/10,62091.77
5/28/10,61946.99
5/31/10,63046.51
6/1/10,61840.99
6/2/10,62942.91
6/4/10,61675.75
6/7/10,61182.92
6/8/10,61793.64
6/9/10,61478.61
6/10/10,63048.8
6/11/10,63605.38
6/14/10,63532.85
6/15/10,64442.27
6/16/10,64750.71
6/17/10,64540.91
6/18/10,64437.58
6/21/10,64829.03
6/22/10,64810.62
6/23/10,65160.33
6/24/10,63936.7
6/25/10,64823.83
6/28/10,64225.22
6/29/10,61977.91
6/30/10,60935.9
7/1/10,61236.2
7/2/10,61429.79
7/5/10,60865.27
7/6/10,62064.75
7/7/10,63283.8
7/8/10,63476.32
7/12/10,62960.1
7/13/10,63685.56
7/14/10,63479.46
7/15/10,63489.37
7/16/10,62339.27
7/19/10,63297.04
7/20/10,64462.5
7/21/10,64476.84
7/22/10,65748.1
7/23/10,66322.99
7/26/10,66443.26
7/27/10,66674.44
7/28/10,66808.25
7/29/10,66953.83
7/30/10,67515.4
8/2/10,68517.46
8/3/10,67997.36
8/4/10,68272
8/5/10,68411.72
8/6/10,68094.76
8/9/10,67862.28
8/10/10,67223.23
8/11/10,65790.29
8/12/10,65966.17
8/13/10,66264.43
8/16/10,66701.89
8/17/10,67583.77
8/18/10,67638.38
8/19/10,66887.13
8/20/10,66677.16
8/23/10,65981.86
8/24/10,65156.36
8/25/10,64803.43
8/26/10,63867.48
8/27/10,65585.14
8/30/10,64260.79
8/31/10,65145.45
9/1/10,67072.53
9/2/10,66808.08
9/3/10,66678.62
9/6/10,66747.3
9/8/10,66407.28
9/9/10,66624.1
9/10/10,66806.79
9/13/10,68030.58
9/14/10,67691.85
9/15/10,68106.85
9/16/10,67662.99
9/17/10,67089.12
9/20/10,68190.46
9/21/10,67719.13
9/22/10,68325.18
9/23/10,68794.32
9/24/10,68196.48
9/27/10,68815.97
9/28/10,69227.63
9/29/10,69228.24
9/30/10,69429.78
10/1/10,70229.35
10/4/10,70384.92
10/5/10,71283.11
10/6/10,70541.37
10/7/10,69918.4
10/8/10,70808.8
10/11/10,70946.49
10/13/10,71674.9
10/14/10,71692.29
10/15/10,71830.18
10/18/10,71735.53
10/19/10,69863.58
10/20/10,70404.68
10/21/10,69652.1
10/22/10,69529.73
10/25/10,69580.28
10/26/10,70740.39
10/27/10,70568.94
10/28/10,70320.13
10/29/10,70673.3
11/1/10,71560.93
11/3/10,71904.77
11/4/10,72995.69
11/5/10,72606.58
11/8/10,72657.37
11/9/10,71679.47
11/10/10,71638.38
11/11/10,71195.16
11/12/10,70367.15
11/16/10,69192.41
11/17/10,69708.63
11/18/10,70781.4
11/19/10,70897.9
11/22/10,69632.5
11/23/10,67952.55
11/24/10,69629.36
11/25/10,69361.63
11/26/10,68226.1
11/29/10,67908.18
11/30/10,67705.4
12/1/10,69345.85
12/2/10,69527.07
12/3/10,69766.09
12/6/10,69551.81
12/7/10,69337.64
12/8/10,68174.92
12/9/10,67879.46
12/10/10,68341.83
12/13/10,69126.32
12/14/10,68742.97
12/15/10,67870.14
12/16/10,67306.39
12/17/10,67981.22
12/20/10,67263.6
12/21/10,68214.86
12/22/10,68470.76
12/23/10,68485.96
12/27/10,67803.16
12/28/10,68040.94
12/29/10,68952.42
12/30/10,69304.81
1/3/11,69962.32
1/4/11,70317.79
1/5/11,71091.03
1/6/11,70578.83
1/7/11,70057.2
1/10/11,70127.04
1/11/11,70423.44
1/12/11,71632.9
1/13/11,70721.44
1/14/11,70940.22
1/17/11,70609.07
1/18/11,70919.75
1/19/11,70058.08
1/20/11,69561.53
1/21/11,69133.09
1/24/11,69426.57
1/26/11,68709.22
1/27/11,68050.71
1/28/11,66697.57
1/31/11,66574.88
2/1/11,67847.34
2/2/11,66688.48
2/3/11,66764.84
2/4/11,65269.15
2/7/11,65362.04
2/8/11,65771.33
2/9/11,64217.52
2/10/11,64577.83
2/11/11,65755.66
2/14/11,66557.55
2/15/11,66341.39
2/16/11,67576.62
2/17/11,67684.99
2/18/11,68066.82
2/21/11,67258.66
2/22/11,66439.83
2/23/11,66910.48
2/24/11,66948.99
2/25/11,66902.53
2/28/11,67383.22
3/1/11,66242.63
3/2/11,67281.51
3/3/11,68145.53
3/4/11,68012.1
3/9/11,67263.75
3/10/11,66040.66
3/11/11,66684.6
3/14/11,67169.25
3/15/11,67005.22
3/16/11,66002.57
3/17/11,66215.93
3/18/11,66879.89
3/21/11,66689.61
3/22/11,67578.33
3/23/11,67795.51
3/24/11,67532.97
3/25/11,67765.94
3/28/11,67192.82
3/29/11,67418.76
3/30/11,67997.06
3/31/11,68586.7
4/1/11,69268.29
4/4/11,69703.8
4/5/11,69837.52
4/6/11,69036.91
4/7/11,69176.12
4/8/11,68718.01
4/11/11,68164.36
4/12/11,66896.23
4/13/11,66486.49
4/14/11,66278.89
4/15/11,66684.21
4/18/11,65415.49
4/19/11,66158.09
4/20/11,67058.02
4/25/11,66972.37
4/26/11,67144.26
4/27/11,66264.47
4/28/11,65673.21
4/29/11,66132.86
5/2/11,65462.75
5/3/11,64318.18
5/4/11,63615.5
5/5/11,63407.01
5/6/11,64417.34
5/9/11,64621.97
5/10/11,64876.88
5/11/11,63775.82
5/12/11,64003.16
5/13/11,63235.3
5/16/11,62829.68
5/17/11,63673.34
5/18/11,62840.61
5/19/11,62367.36
5/20/11,62596.52
5/23/11,62345.18
5/24/11,63336.75
5/25/11,63388.44
5/26/11,64098.57
5/27/11,64294.96
5/30/11,63953.93
5/31/11,64620.08
6/1/11,63411.48
6/2/11,64218.08
6/3/11,64340.5
6/6/11,63067.73
6/7/11,63217.85
6/8/11,63032.97
6/9/11,63468.82
6/10/11,62697.16
6/13/11,62022.92
6/14/11,62204.83
6/15/11,61603.74
6/16/11,60880.62
6/17/11,61059.98
6/20/11,61168.24
6/21/11,61423.61
6/22/11,61194.09
6/24/11,61016.72
6/27/11,61216.98
6/28/11,62303.37
6/29/11,62333.97
6/30/11,62403.64
7/1/11,63394.34
7/4/11,63891.31
7/5/11,63038.81
7/6/11,62565.46
7/7/11,62207.33
7/8/11,61513.24
7/11/11,60223.63
7/12/11,59704.75
7/13/11,60669.89
7/14/11,59679.35
7/15/11,59478.01
7/18/11,58837.61
7/19/11,59082.13
7/20/11,59119.71
7/21/11,60262.95
7/22/11,60270.47
7/25/11,59970.54
7/26/11,59339.9
7/27/11,58288.46
7/28/11,58708.25
7/29/11,58823.45
8/1/11,58535.74
8/2/11,57310.78
8/3/11,56017.22
8/4/11,52811.36
8/5/11,52949.22
8/8/11,48668.29
8/9/11,51150.9
8/10/11,51395.29
8/11/11,53343.11
8/12/11,53473.35
8/15/11,54651.83
8/16/11,54323.61
8/17/11,55073.02
8/18/11,53134.1
8/19/11,52447.63
8/22/11,52440.23
8/23/11,53786.63
8/24/11,53795.7
8/25/11,52953.3
8/26/11,53350.79
8/29/11,54860.73
8/30/11,55385.03
8/31/11,56495.12
9/1/11,58118.2
9/2/11,56531.62
9/5/11,54998.41
9/6/11,56607.3
9/8/11,57623.63
9/9/11,55778.39
9/12/11,55685.47
9/13/11,55543.97
9/14/11,56286.04
9/15/11,56381.46
9/16/11,57210.11
9/19/11,57102.78
9/20/11,56378.63
9/21/11,55981.9
9/22/11,53280.28
9/23/11,53230.36
9/26/11,53747.52
9/27/11,53920.36
9/28/11,53270.36
9/29/11,53384.67
9/30/11,52324.42
10/3/11,50791.53
10/4/11,50686.34
10/5/11,51013.85
10/6/11,52290.37
10/7/11,51243.62
10/10/11,53273.11
10/11/11,53838.47
10/13/11,54601.07
10/14/11,55030.45
10/17/11,53911.33
10/18/11,55031.93
10/19/11,54966.13
10/20/11,54009.98
10/21/11,55255.23
10/24/11,56891.97
10/25/11,56285.99
10/26/11,57143.79
10/27/11,59270.13
10/28/11,59513.13
10/31/11,58338.39
11/1/11,57322.75
11/3/11,58196.3
11/4/11,58669.92
11/7/11,59198.77
11/8/11,59026.13
11/9/11,57549.74
11/10/11,57321.81
11/11/11,58546.97
11/14/11,58258.23
11/16/11,58559.99
11/17/11,56988.9
11/18/11,56731.34
11/21/11,56284.59
11/22/11,55878.44
11/23/11,54972.08
11/24/11,55279.88
11/25/11,54894.49
11/28/11,56017.35
11/29/11,55299.76
11/30/11,56874.98
12/1/11,58143.42
12/2/11,57885.85
12/5/11,58910.48
12/6/11,59536.16
12/7/11,58662.83
12/8/11,57455.02
12/9/11,58236.46
12/12/11,57346.86
12/13/11,57494.85
12/14/11,56646.87
12/15/11,56331.15
12/16/11,56096.93
12/19/11,55298.33
12/20/11,56864.85
12/21/11,56653.37
12/22/11,57347.87
12/23/11,57701.07
12/26/11,57669.48
12/27/11,58005.2
12/28/11,56533.76
12/29/11,56754.08
1/2/12,57829.27
1/3/12,59264.87
1/4/12,59364.95
1/5/12,58546.08
1/6/12,58600.37
1/9/12,59082.88
1/10/12,59805.96
1/11/12,59962.4
1/12/12,59920.78
1/13/12,59146.58
1/16/12,59956.46
1/17/12,60645.9
1/18/12,61722.86
1/19/12,61926.69
1/20/12,62312.13
1/23/12,62386.24
1/24/12,62486.22
1/26/12,62953.06
1/27/12,62904.2
1/30/12,62770.01
1/31/12,63072.31
2/1/12,64567.18
2/2/12,64593.1
2/3/12,65217.37
2/6/12,65223.72
2/7/12,65917.02
2/8/12,65831.16
2/9/12,65530.49
2/10/12,63997.86
2/13/12,65691.53
2/14/12,65038.53
2/15/12,65368.49
2/16/12,66141.7
2/17/12,66203.5
2/22/12,66092.77
2/23/12,65819.62
2/24/12,65942.73
2/27/12,65241.49
2/28/12,65958.78
2/29/12,65811.73
3/1/12,66809.8
3/2/12,67781.6
3/5/12,66964.03
3/6/12,65114.15
3/7/12,66016.76
3/8/12,66908.39
3/9/12,66703.96
3/12/12,66384.76
3/13/12,68394.33
3/14/12,68257.22
3/15/12,67749.49
3/16/12,67684.13
3/19/12,67730.31
3/20/12,67295.56
3/21/12,66860.05
3/22/12,65828.19
3/23/12,65812.95
3/26/12,66684.59
3/27/12,66037.35
3/28/12,65079.34
3/29/12,64871.99
3/30/12,64510.97
4/2/12,65216.25
4/3/12,64284.26
4/4/12,63528.65
4/5/12,63691.18
4/9/12,62923.21
4/10/12,61738.28
4/11/12,61293.14
4/12/12,63058
4/13/12,62105.6
4/16/12,61954.55
4/17/12,62698.87
4/18/12,63010.48
4/19/12,62618.41
4/20/12,62494.08
4/23/12,61539.38
4/24/12,61971.14
4/25/12,61750.38
4/26/12,62198.06
4/27/12,61691.21
4/30/12,61820.26
5/2/12,62423.56
5/3/12,62104.15
5/4/12,60820.93
5/7/12,61220.43
5/8/12,60365.48
5/9/12,59786.12
5/10/12,59702.05
5/11/12,59445.21
5/14/12,57539.61
5/15/12,56237.97
5/16/12,55887.57
5/17/12,54038.2
5/18/12,54513.16
5/21/12,56590.24
5/22/12,55038.75
5/23/12,54619.48
5/24/12,54063
5/25/12,54463.16
5/28/12,55212.69
5/29/12,54633.06
5/30/12,53797.91
5/31/12,54490.41
6/1/12,53402.9
6/4/12,53416.75
6/5/12,52481.44
6/6/12,54156.04
6/8/12,54429.85
6/11/12,54001.45
6/12/12,55049.03
6/13/12,55650.51
6/14/12,55351.67
6/15/12,56104.69
6/18/12,56195.21
6/19/12,57195.49
6/20/12,57166.55
6/21/12,55505.17
6/22/12,55439.5
6/25/12,53805.38
6/26/12,53836.57
6/27/12,53108.93
6/28/12,52652.25
6/29/12,54354.63
7/2/12,54692.79
7/3/12,55780.32
7/4/12,56076.82
7/5/12,56379.06
7/6/12,55394.05
7/10/12,53705.82
7/11/12,53569.14
7/12/12,53420.87
7/13/12,54330.51
7/16/12,53401.8
7/17/12,53909.47
7/18/12,54583.13
7/19/12,55346.65
7/20/12,54194.79
7/23/12,53033.96
7/24/12,52638.63
7/25/12,52607.54
7/26/12,54002.72
7/27/12,56553.12
7/30/12,57240.92
7/31/12,56097.05
8/1/12,56291.93
8/2/12,55520.4
8/3/12,57255.22
8/6/12,58344.61
8/7/12,57725.66
8/8/12,58950.98
8/9/12,58797.13
8/10/12,59280.93
8/13/12,59122.74
8/14/12,58082.92
8/15/12,58189.28
8/16/12,59445.79
8/17/12,59082.37
8/20/12,59283.09
8/21/12,58917.73
8/22/12,59380.76
8/23/12,58511.55
8/24/12,58425.76
8/27/12,58111.46
8/28/12,58406.4
8/29/12,57369.19
8/30/12,57256.43
8/31/12,57061.45
9/3/12,57281.45
9/4/12,56233.9
9/5/12,56863.91
9/6/12,58321.24
9/10/12,58404.1
9/11/12,59422.55
9/12/12,59921.8
9/13/12,61958.12
9/14/12,62105.47
9/17/12,61805.98
9/18/12,61804.33
9/19/12,61651.83
9/20/12,61687.97
9/21/12,61320.07
9/24/12,61909.99
9/25/12,60501.1
9/26/12,60478.05
9/27/12,60239.79
9/28/12,59175.86
10/1/12,59570.8
10/2/12,59222.08
10/3/12,58627.33
10/4/12,58458
10/5/12,58571.59
10/8/12,59317.15
10/9/12,58939.46
10/10/12,58456.28
10/11/12,59161.72
10/15/12,59601.71
10/16/12,59743.87
10/17/12,60087.29
10/18/12,59733.9
10/19/12,58922.04
10/22/12,58700.3
10/23/12,57690.24
10/24/12,57160.74
10/25/12,57836.78
10/26/12,57276.81
10/29/12,57176.58
10/30/12,57683.76
10/31/12,57068.18
11/1/12,58382.68
11/5/12,58209.76
11/6/12,59458.59
11/7/12,58517.35
11/8/12,57524.45
11/9/12,57357.71
11/12/12,57064.31
11/13/12,57486.07
11/14/12,56279.36
11/16/12,55402.33
11/19/12,56450.86
11/21/12,56242.12
11/22/12,56436.97
11/23/12,57574.03
11/26/12,56737.1
11/27/12,56248.09
11/28/12,56539.4
11/29/12,57852.53
11/30/12,57474.57
12/3/12,58202.35
12/4/12,57563.23
12/5/12,57678.62
12/6/12,57656.42
12/7/12,58487.32
12/10/12,59248.23
12/11/12,59623.34
12/12/12,59474.18
12/13/12,59316.75
12/14/12,59604.92
12/17/12,59566.52
12/18/12,60460.73
12/19/12,60998.34
12/20/12,61276.12
12/21/12,61007.03
12/26/12,60959.79
12/27/12,60415.95
12/28/12,60952.08
1/2/13,62550.1
1/3/13,63312.46
1/4/13,62523.06
1/7/13,61932.54
1/8/13,61127.84
1/9/13,61578.58
1/10/13,61678.31
1/11/13,61497.43
1/14/13,62080.79
1/15/13,61727.61
1/16/13,61787.35
1/17/13,62194.06
1/18/13,61956.14
1/21/13,61899.71
1/22/13,61692.29
1/23/13,61966.26
1/24/13,61169.83
1/28/13,60027.07
1/29/13,60406.33
1/30/13,59336.7
1/31/13,59761.49
2/1/13,60351.16
2/4/13,59575.66
2/5/13,59444.97
2/6/13,58951.07
2/7/13,58372.46
2/8/13,58497.83
2/13/13,58405.74
2/14/13,58077.31
2/15/13,57903.3
2/18/13,57613.9
2/19/13,57314.4
2/20/13,56177.6
2/21/13,56154.68
2/22/13,56697.06
2/25/13,56617.56
2/26/13,56948.87
2/27/13,57273.88
2/28/13,57424.29
3/1/13,56883.99
3/4/13,56499.17
3/5/13,55950.73
3/6/13,57940.14
3/7/13,58846.81
3/8/13,58432.75
3/11/13,58544.79
3/12/13,58208.61
3/13/13,57385.9
3/14/13,57281.02
3/15/13,56869.28
3/18/13,56972.96
3/19/13,56361.24
3/20/13,56030.03
3/21/13,55576.67
3/22/13,55243.4
3/25/13,54873.12
3/26/13,55671.39
3/27/13,56034.29
3/28/13,56352.09
4/1/13,55902.18
4/2/13,54889.1
4/3/13,55562.74
4/4/13,54648.15
4/5/13,55050.6
4/8/13,55092.31
4/9/13,55912.04
4/10/13,56186.56
4/11/13,55400.91
4/12/13,54962.65
4/15/13,52949.93
4/16/13,53990.83
4/17/13,52881.96
4/18/13,53165.91
4/19/13,53928.92
4/22/13,54297.73
4/23/13,54884.75
4/24/13,54984.23
4/25/13,54963.32
4/26/13,54252.04
4/29/13,54887.25
4/30/13,55910.37
5/2/13,55321.93
5/3/13,55488.08
5/6/13,55429.88
5/7/13,56274.66
5/8/13,55804.8
5/9/13,55447.56
5/10/13,55107.8
5/13/13,54447.77
5/14/13,54666.82
5/15/13,54936.41
5/16/13,54772.62
5/17/13,55164.27
5/20/13,55700.77
5/21/13,56265.32
5/22/13,56429.27
5/23/13,56349.91
5/24/13,56406.21
5/27/13,56395.94
5/28/13,56036.26
5/29/13,54634.69
5/31/13,53506.08
6/3/13,53944.36
6/4/13,54017.9
6/5/13,52798.63
6/6/13,52884.83
6/7/13,51618.63
6/10/13,51316.65
6/11/13,49769.93
6/12/13,49180.58
6/13/13,50414.89
6/14/13,49332.34
6/17/13,49088.65
6/18/13,49464.94
6/19/13,47893.06
6/20/13,48214.43
6/21/13,47056.04
6/24/13,45965.05
6/25/13,46893.04
6/26/13,47171.98
6/27/13,47609.46
6/28/13,47457.13
7/1/13,47229.59
7/2/13,45228.95
7/3/13,45044.03
7/4/13,45763.16
7/5/13,45210.49
7/8/13,45075.5
7/10/13,45483.43
7/11/13,46626.26
7/12/13,45533.24
7/15/13,46738.9
7/16/13,46869.29
7/17/13,47407.31
7/18/13,47656.92
7/19/13,47400.23
7/22/13,48574.09
7/23/13,48819.52
7/24/13,48374.23
7/25/13,49066.75
7/26/13,49422.05
7/29/13,49212.33
7/30/13,48561.78
7/31/13,48234.49
8/1/13,49140.78
8/2/13,48474.04
8/5/13,48436.44
8/6/13,47421.85
8/7/13,47446.71
8/8/13,48928.82
8/9/13,49874.9
8/12/13,50299.49
8/13/13,50600.55
8/14/13,50895.92
8/15/13,50908.34
8/16/13,51538.78
8/19/13,51574.09
8/20/13,50507.02
8/21/13,50405.2
8/22/13,51397.66
8/23/13,52197.06
8/26/13,51429.48
8/27/13,50091.55
8/28/13,49866.92
8/29/13,49921.88
8/30/13,50011.75
9/2/13,51835.15
9/3/13,51625.5
9/4/13,51716.16
9/5/13,52351.86
9/6/13,53749.42
9/9/13,54251.85
9/10/13,53979.03
9/11/13,53570.46
9/12/13,53307.09
9/13/13,53797.51
9/16/13,53821.63
9/17/13,54271.25
9/18/13,55702.9
9/19/13,55095.69
9/20/13,54110.03
9/23/13,54602.38
9/24/13,54431.05
9/25/13,54261.11
9/26/13,53782.97
9/27/13,53738.92
9/30/13,52338.19
10/1/13,53179.46
10/2/13,53100.18
10/3/13,52489.86
10/4/13,52848.97
10/7/13,52417.1
10/8/13,52312.44
10/9/13,52547.71
10/10/13,52996.64
10/11/13,53149.62
10/14/13,54170.6
10/15/13,54980.64
10/16/13,55973.03
10/17/13,55358.13
10/18/13,55378.46
10/21/13,56077.43
10/22/13,56460.38
10/23/13,55440.03
10/24/13,54877.15
10/25/13,54154.15
10/28/13,55073.37
10/29/13,54538.8
10/30/13,54172.82
10/31/13,54256.2
11/1/13,54013.24
11/4/13,54436.92
11/5/13,53831.85
11/6/13,53384.6
11/7/13,52740.79
11/8/13,52248.86
11/11/13,52623.87
11/12/13,51804.33
11/13/13,52230.29
11/14/13,53451.6
11/18/13,54307.04
11/19/13,53032.91
11/21/13,52688.02
11/22/13,52800.74
11/25/13,52263.51
11/26/13,51446.91
11/27/13,51861.21
11/28/13,51846.83
11/29/13,52482.49
12/2/13,51244.87
12/3/13,50348.89
12/4/13,50215.79
12/5/13,50787.63
12/6/13,50944.27
12/9/13,51165.38
12/10/13,50993.02
12/11/13,50067.99
12/12/13,50121.61
12/13/13,50051.18
12/16/13,50279.61
12/17/13,50090.35
12/18/13,50563.43
12/19/13,51633.43
12/20/13,51185.74
12/23/13,51356.1
12/26/13,51221.01
12/27/13,51266.56
12/30/13,51507.16
1/2/14,50341.25
1/3/14,50981.09
1/6/14,50973.62
1/7/14,50430.02
1/8/14,50576.64
1/9/14,49321.68
1/10/14,49696.45
1/13/14,49426.9
1/14/14,49703.1
1/15/14,50105.37
1/16/14,49696.28
1/17/14,49181.86
1/20/14,48708.41
1/21/14,48542.07
1/22/14,49299.66
1/23/14,48320.64
1/24/14,47787.38
1/27/14,47701.05
1/28/14,47840.93
1/29/14,47556.78
1/30/14,47244.26
1/31/14,47638.99
2/3/14,46147.52
2/4/14,46964.22
2/5/14,46624.39
2/6/14,47738.09
2/7/14,48073.6
2/10/14,47710.82
2/11/14,48462.79
2/12/14,48216.89
2/13/14,47812.83
2/14/14,48201.11
2/17/14,47576.33
2/18/14,46599.76
2/19/14,47150.83
2/20/14,47288.61
2/21/14,47380.24
2/24/14,47393.5
2/25/14,46715.91
2/26/14,46599.21
2/27/14,47606.75
2/28/14,47094.4
3/5/14,46589
3/6/14,47093.13
3/7/14,46244.07
3/10/14,45533.2
3/11/14,45697.62
3/12/14,45861.81
3/13/14,45443.83
3/14/14,44965.66
3/17/14,45117.8
3/18/14,46150.96
3/19/14,46567.23
3/20/14,47278.48
3/21/14,47380.94
3/24/14,47993.42
3/25/14,48180.14
3/26/14,47965.61
3/27/14,49646.79
3/28/14,49768.06
3/31/14,50414.92
4/1/14,50270.37
4/2/14,51701.05
4/3/14,51408.21
4/4/14,51081.78
4/7/14,52155.28
4/8/14,51629.07
4/9/14,51185.4
4/10/14,51127.48
4/11/14,51867.29
4/14/14,51596.55
4/15/14,50454.35
4/16/14,51200.56
4/17/14,52111.85
4/22/14,51976.86
4/23/14,51569.69
4/24/14,51817.45
4/25/14,51399.35
4/28/14,51383.68
4/29/14,51838.61
4/30/14,51626.69
5/2/14,52980.31
5/5/14,53446.17
5/6/14,53779.74
5/7/14,54052.74
5/8/14,53422.37
5/9/14,53100.34
5/12/14,54052.9
5/13/14,53907.46
5/14/14,54412.54
5/15/14,53855.54
5/16/14,53975.76
5/19/14,53353.1
5/20/14,52366.19
5/21/14,52203.37
5/22/14,52806.22
5/23/14,52626.41
5/26/14,52932.91
5/27/14,52173.98
5/28/14,52639.75
5/29/14,52239.34
5/30/14,51239.34
6/2/14,51605.83
6/3/14,52032.38
6/4/14,51832.98
6/5/14,51558.79
6/6/14,53128.66
6/9/14,54273.16
6/10/14,54604.34
6/11/14,55102.44
6/13/14,54806.64
6/16/14,54629.55
6/17/14,54299.95
6/18/14,55202.54
6/20/14,54638.19
6/23/14,54210.05
6/24/14,54280.78
6/25/14,53425.74
6/26/14,53506.75
6/27/14,53157.3
6/30/14,53168.22
7/1/14,53171.49
7/2/14,53028.78
7/3/14,53874.58
7/4/14,54055.9
7/7/14,53801.83
7/8/14,53634.69
7/10/14,54592.75
7/11/14,54785.93
7/14/14,55743.98
7/15/14,55973.61
7/16/14,55717.36
7/17/14,55637.51
7/18/14,57012.9
7/21/14,57633.92
7/22/14,57983.32
7/23/14,57419.96
7/24/14,57977.56
7/25/14,57821.08
7/28/14,57695.72
7/29/14,57118.81
7/30/14,56877.97
7/31/14,55829.41
8/1/14,55902.87
8/4/14,56616.33
8/5/14,56202.1
8/6/14,56487.18
8/7/14,56188.05
8/8/14,55572.93
8/11/14,56613.32
8/12/14,56442.34
8/13/14,55581.19
8/14/14,55780.41
8/15/14,56963.65
8/18/14,57560.72
8/19/14,58449.29
8/20/14,58878.24
8/21/14,58992.11
8/22/14,58407.32
8/25/14,59735.17
8/26/14,59821.45
8/27/14,60950.57
8/28/14,60290.87
8/29/14,61288.15
9/1/14,61141.27
9/2/14,61895.98
9/3/14,61837.04
9/4/14,60800.02
9/5/14,60681.98
9/8/14,59192.75
9/9/14,58676.34
9/10/14,58198.66
9/11/14,58337.29
9/12/14,56927.81
9/15/14,57948.76
9/16/14,59114.66
9/17/14,59108.19
9/18/14,58374.48
9/19/14,57788.7
9/22/14,56818.11
9/23/14,56540.5
9/24/14,56824.42
9/25/14,55962.08
9/26/14,57212.38
9/29/14,54625.35
9/30/14,54115.98
10/1/14,52858.43
10/2/14,53518.57
10/3/14,54539.55
10/6/14,57115.9
10/7/14,57436.33
10/8/14,57058.48
10/9/14,57267.53
10/10/14,55311.59
10/13/14,57956.53
10/14/14,58015.46
10/15/14,56135.27
10/16/14,54298.33
10/17/14,55723.79
10/20/14,54302.57
10/21/14,52432.43
10/22/14,52411.03
10/23/14,50713.26
10/24/14,51940.73
10/27/14,50503.66
10/28/14,52330.03
10/29/14,51049.32
10/30/14,52336.83
10/31/14,54628.6
11/3/14,53947.21
11/4/14,54383.59
11/5/14,53698.42
11/6/14,52637.06
11/7/14,53222.85
11/10/14,52725.38
11/11/14,52474.27
11/12/14,52978.89
11/13/14,51846.03
11/14/14,51772.4
11/17/14,51256.99
11/18/14,52061.86
11/19/14,53402.81
11/21/14,56084.04
11/24/14,55406.91
11/25/14,55560.81
11/26/14,55098.47
11/27/14,54721.32
11/28/14,54724
12/1/14,52276.58
12/2/14,51612.47
12/3/14,52320.48
12/4/14,51426.87
12/5/14,51992.89
12/8/14,50274.07
12/9/14,50193.47
12/10/14,49548.08
12/11/14,49861.81
12/12/14,48001.98
12/15/14,47018.68
12/16/14,47007.51
12/17/14,48713.64
12/18/14,48495.7
12/19/14,49650.98
12/22/14,50120.86
12/23/14,50889.81
12/26/14,50144.63
12/29/14,50593.82
12/30/14,50007.41
1/2/15,48512.22
1/5/15,47516.82
1/6/15,48000.92
1/7/15,49462.91
1/8/15,49943.3
1/9/15,48840.25
1/12/15,48139.74
1/13/15,48041.67
1/14/15,47645.87
1/15/15,48026.31
1/16/15,49016.52
1/19/15,47758.01
1/20/15,47876.66
1/21/15,49224.08
1/22/15,49442.62
1/23/15,48775.3
1/26/15,48576.55
1/27/15,48591.23
1/28/15,47694.54
1/29/15,47762.24
1/30/15,46907.68
2/2/15,47650.73
2/3/15,48963.66
2/4/15,49301.05
2/5/15,49233.85
2/6/15,48792.27
2/9/15,49382.58
2/10/15,48510.28
2/11/15,48239.67
2/12/15,49532.72
2/13/15,50635.92
2/18/15,51280.36
2/19/15,51294.03
2/20/15,51237.7
2/23/15,51280.64
2/24/15,51874.17
2/25/15,51811.02
2/26/15,51760.54
2/27/15,51583.09
3/2/15,51020.81
3/3/15,51304.1
3/4/15,50468.05
3/5/15,50365.2
3/6/15,49981.19
3/9/15,49181.01
3/10/15,48293.4
3/11/15,48905.58
3/12/15,48880.4
3/13/15,48595.81
3/16/15,48848.21
3/17/15,50285.12
3/18/15,51526.19
3/19/15,50953.53
3/20/15,51966.58
3/23/15,51908.46
3/24/15,51506.07
3/25/15,51858.3
3/26/15,50579.85
3/27/15,50094.66
3/30/15,51243.45
3/31/15,51150.16
4/1/15,52321.76
4/2/15,53123.02
4/6/15,53737.26
4/7/15,53729.16
4/8/15,53661.11
4/9/15,53802.66
4/10/15,54214.11
4/13/15,54239.77
4/14/15,53981.92
4/15/15,54918.74
4/16/15,54674.21
4/17/15,53954.79
4/20/15,53761.27
4/22/15,54617.36
4/23/15,55684.85
4/24/15,56594.22
4/27/15,55534.5
4/28/15,55812.03
4/29/15,55325.29
4/30/15,56229.38
5/4/15,57353.98
5/5/15,58051.61
5/6/15,57103.14
5/7/15,56921.39
5/8/15,57149.33
5/11/15,57197.1
5/12/15,56792.05
5/13/15,56372.04
5/14/15,56656.57
5/15/15,57248.63
5/18/15,56204.23
5/19/15,55498.82
5/20/15,54901.02
5/21/15,55112.05
5/22/15,54377.29
5/25/15,54609.25
5/26/15,53629.78
5/27/15,54236.25
5/28/15,53976.28
5/29/15,52760.48
6/1/15,53031.32
6/2/15,54236.43
6/3/15,53522.91
6/5/15,52973.38
6/8/15,52809.64
6/9/15,52815.99
6/10/15,53876.45
6/11/15,53688.52
6/12/15,53347.53
6/15/15,53137.53
6/16/15,53702.15
6/17/15,53248.54
6/18/15,54238.59
6/19/15,53749.41
6/22/15,53863.68
6/23/15,53772.43
6/24/15,53842.54
6/25/15,53175.67
6/26/15,54016.97
6/29/15,53014.21
6/30/15,53080.88
7/1/15,52757.54
7/2/15,53106.19
7/3/15,52519.41
7/6/15,52149.37
7/7/15,52343.71
7/8/15,51781.75
7/10/15,52590.72
7/13/15,53119.47
7/14/15,53239.18
7/15/15,52902.28
7/16/15,53069.75
7/17/15,52341.8
7/20/15,51600.08
7/21/15,51474.28
7/22/15,50915.79
7/23/15,49806.63
7/24/15,49245.85
7/27/15,48735.54
7/28/15,49601.6
7/29/15,50245.14
7/30/15,49897.4
7/31/15,50864.77
8/3/15,50138.05
8/4/15,50058.49
8/5/15,50287.27
8/6/15,50011.32
8/7/15,48577.32
8/10/15,49353
8/11/15,49072.34
8/12/15,48388.05
8/13/15,48009.57
8/14/15,47508.41
8/17/15,47217.43
8/18/15,47450.58
8/19/15,46588.39
8/20/15,46649.23
8/21/15,45719.64
8/24/15,44336.47
8/25/15,44544.86
8/26/15,46038.08
8/27/15,47715.27
8/28/15,47153.87
8/31/15,46625.52
9/1/15,45477.06
9/2/15,46463.96
9/3/15,47365.87
9/4/15,46497.72
9/8/15,46762.07
9/9/15,46657.1
9/10/15,46503.99
9/11/15,46400.5
9/14/15,47281.52
9/15/15,47364.07
9/16/15,48553.1
9/17/15,48551.08
9/18/15,47264.08
9/21/15,46590.2
9/22/15,46264.61
9/23/15,45340.11
9/24/15,45291.96
9/25/15,44831.46
9/28/15,43956.63
9/29/15,44131.82
9/30/15,45059.34
10/1/15,45313.27
10/2/15,47033.46
10/5/15,47598.07
10/6/15,47735.11
10/7/15,48914.32
10/8/15,49106.56
10/9/15,49338.41
10/13/15,47362.64
10/14/15,46710.44
10/15/15,47161.15
10/16/15,47236.11
10/19/15,47447.31
10/20/15,47076.55
10/21/15,47025.87
10/22/15,47772.14
10/23/15,47596.59
10/26/15,47209.32
10/27/15,47042.95
10/28/15,46740.85
10/29/15,45628.35
10/30/15,45868.82
11/3/15,48053.67
11/4/15,47710.1
11/5/15,48046.76
11/6/15,46918.52
11/9/15,46194.92
11/10/15,46206.57
11/11/15,47065.01
11/12/15,46883.58
11/13/15,46517.04
11/16/15,46846.88
11/17/15,47247.8
11/18/15,47435.58
11/19/15,48138.89
11/23/15,48150.27
11/24/15,48284.19
11/25/15,46866.63
11/26/15,47145.63
11/27/15,45872.91
11/30/15,45120.36
12/1/15,45046.75
12/2/15,44914.53
12/3/15,46393.26
12/4/15,45360.76
12/7/15,45222.7
12/8/15,44443.26
12/9/15,46108.03
12/10/15,45630.71
12/11/15,45262.72
12/14/15,44747.31
12/15/15,44872.47
12/16/15,45015.84
12/17/15,45261.48
12/18/15,43910.6
12/21/15,43199.95
12/22/15,43469.52
12/23/15,44014.93
12/28/15,43764.34
12/29/15,43653.97
12/30/15,43349.96
1/4/16,42141.04
1/5/16,42419.32
1/6/16,41773.14
1/7/16,40694.72
1/8/16,40612.21
1/11/16,39950.49
1/12/16,39513.83
1/13/16,38944.44
1/14/16,39500.11
1/15/16,38569.13
1/18/16,37937.27
1/19/16,38057.02
1/20/16,37645.48
1/21/16,37717.11
1/22/16,38031.22
1/26/16,37497.48
1/27/16,38376.37
1/28/16,38630.19
1/29/16,40405.99
2/1/16,40570.04
2/2/16,38596.17
2/3/16,39588.82
2/4/16,40821.73
2/5/16,40592.09
2/10/16,40376.58
2/11/16,39318.3
2/12/16,39808.05
2/15/16,40092.89
2/16/16,40947.7
2/17/16,41630.82
2/18/16,41477.63
2/19/16,41543.41
2/22/16,43234.86
2/23/16,42520.94
2/24/16,42084.56
2/25/16,41887.9
2/26/16,41593.08
2/29/16,42793.86
3/1/16,44121.79
3/2/16,44893.48
3/3/16,47193.39
3/4/16,49084.87
3/7/16,49246.1
3/8/16,49102.14
3/9/16,48665.09
3/10/16,49571.11
3/11/16,49638.68
3/14/16,48867.34
3/15/16,47130.02
3/16/16,47763.43
3/17/16,50913.79
3/18/16,50814.66
3/21/16,51171.55
3/22/16,51010.2
3/23/16,49690.05
3/24/16,49657.39
3/28/16,50838.23
3/29/16,51154.99
3/30/16,51248.93
3/31/16,50055.27
4/1/16,50561.53
4/4/16,48779.98
4/5/16,49053.62
4/6/16,48096.24
4/7/16,48513.1
4/8/16,50292.93
4/11/16,50165.47
4/12/16,52001.86
4/13/16,53149.84
4/14/16,52411.02
4/15/16,53227.74
4/18/16,52894.08
4/19/16,53710.05
4/20/16,53630.93
4/22/16,52907.88
4/25/16,51861.71
4/26/16,53082.5
4/27/16,54477.78
4/28/16,54311.96
4/29/16,53910.51
5/2/16,53561.54
5/3/16,52260.19
5/4/16,52552.8
5/5/16,51671.04
5/6/16,51717.82
5/9/16,50990.07
5/10/16,53070.91
5/11/16,52764.46
5/12/16,53241.32
5/13/16,51804.31
5/16/16,51802.92
5/17/16,50839.45
5/18/16,50561.7
5/19/16,50132.53
5/20/16,49722.75
5/23/16,49330.42
5/24/16,49345.19
5/25/16,49482.86
5/27/16,49051.49
5/30/16,48964.34
5/31/16,48471.71
6/1/16,49012.65
6/2/16,49887.24
6/3/16,50619.5
6/6/16,50431.8
6/7/16,50487.86
6/8/16,51629.29
6/9/16,51118.46
6/10/16,49422.16
6/13/16,49660.79
6/14/16,48648.29
6/15/16,48914.74
6/16/16,49411.62
6/17/16,49533.84
6/20/16,50329.36
6/21/16,50837.8
6/22/16,50156.3
6/23/16,51559.82
6/24/16,50105.26
6/27/16,49245.53
6/28/16,50006.56
6/29/16,51001.91
6/30/16,51526.93
7/1/16,52233.04
7/4/16,52568.66
7/5/16,51842.27
7/6/16,51901.81
7/7/16,52014.66
7/8/16,53140.74
7/11/16,53960.11
7/12/16,54256.41
7/13/16,54598.29
7/14/16,55480.87
7/15/16,55578.24
7/18/16,56484.21
7/19/16,56698.06
7/20/16,56578.05
7/21/16,56641.49
7/22/16,57002.08
7/25/16,56872.73
7/26/16,56782.75
7/27/16,56852.84
7/28/16,56667.12
7/29/16,57308.21
8/1/16,56755.76
8/2/16,56162.38
8/3/16,57076.91
8/4/16,57593.89
8/5/16,57661.14
8/8/16,57635.43
8/9/16,57689.41
8/10/16,56919.78
8/11/16,58299.57
8/12/16,58298.41
8/15/16,59145.98
8/16/16,58855.43
8/17/16,59323.83
8/18/16,59166.02
8/19/16,59098.92
8/22/16,57781.24
8/23/16,58020.04
8/24/16,57717.88
8/25/16,57722.14
8/26/16,57716.25
8/29/16,58610.39
8/30/16,58575.42
8/31/16,57901.11
9/1/16,58236.27
9/2/16,59616.4
9/5/16,59566.34
9/6/16,60129.44
9/8/16,60231.66
9/9/16,57999.73
9/12/16,58586.11
9/13/16,56820.77
9/14/16,57059.46
9/15/16,57909.49
9/16/16,57079.76
9/19/16,57350.38
9/20/16,57736.46