Date,IMAB
1/3/05,973.794
1/4/05,974.279
1/5/05,974.87
1/6/05,975.13
1/7/05,975.713
1/10/05,975.971
1/11/05,976.565
1/12/05,976.973
1/13/05,977.08
1/14/05,978.507
1/17/05,979.119
1/18/05,979.719
1/19/05,980.456
1/20/05,980.778
1/21/05,981.843
1/24/05,982.289
1/25/05,983.25
1/26/05,983.435
1/27/05,983.875
1/28/05,984.935
1/31/05,984.904
2/1/05,985.616
2/2/05,984.659
2/3/05,985.588
2/4/05,985.915
2/9/05,986.45
2/10/05,987.109
2/11/05,986.618
2/14/05,985.11
2/15/05,985.849
2/16/05,986.283
2/17/05,986.628
2/18/05,987.163
2/21/05,988.032
2/22/05,988.156
2/23/05,987.948
2/24/05,989.437
2/25/05,989.856
2/28/05,990.296
3/1/05,990.51
3/2/05,990.497
3/3/05,991.542
3/4/05,992.39
3/7/05,992.607
3/8/05,992.946
3/9/05,993.292
3/10/05,994.155
3/11/05,993.682
3/14/05,993.378
3/15/05,993.726
3/16/05,994.255
3/17/05,994.947
3/18/05,995.531
3/21/05,995.653
3/22/05,995.835
3/23/05,996.251
3/24/05,997.385
3/28/05,997.752
3/29/05,998.572
3/30/05,999.405
3/31/05,1000
4/1/05,1000.61
4/4/05,1001.303
4/5/05,1001.869
4/6/05,1002.671
4/7/05,1003.291
4/8/05,1003.974
4/11/05,1004.611
4/12/05,1005.232
4/13/05,1005.811
4/14/05,1006.423
4/15/05,1006.975
4/18/05,1007.69
4/19/05,1008.343
4/20/05,1008.987
4/22/05,1009.52
4/25/05,1010.185
4/26/05,1010.846
4/27/05,1011.516
4/28/05,1012.861
4/29/05,1013.636
5/2/05,1014.399
5/3/05,1015.064
5/4/05,1015.765
5/5/05,1016.518
5/6/05,1017.334
5/9/05,1018.095
5/10/05,1018.783
5/11/05,1019.892
5/12/05,1020.554
5/13/05,1021.306
5/16/05,1022.148
5/17/05,1022.842
5/18/05,1023.415
5/19/05,1024.075
5/20/05,1024.691
5/23/05,1025.299
5/24/05,1025.917
5/25/05,1026.636
5/27/05,1027.035
5/30/05,1027.715
5/31/05,1028.35
6/1/05,1028.701
6/2/05,1029.273
6/3/05,1029.981
6/6/05,1029.025
6/7/05,1029.602
6/8/05,1030.188
6/9/05,1030.736
6/10/05,1030.763
6/13/05,1031.148
6/14/05,1031.565
6/15/05,1031.877
6/16/05,1031.653
6/17/05,1032.09
6/20/05,1031.875
6/21/05,1032.422
6/22/05,1032.837
6/23/05,1032.942
6/24/05,1032.335
6/27/05,1032.631
6/28/05,1033.053
6/29/05,1033.332
6/30/05,1033.654
7/1/05,1033.872
7/4/05,1033.229
7/5/05,1033.671
7/6/05,1033.231
7/7/05,1033.534
7/8/05,1033.242
7/11/05,1033.587
7/12/05,1033.822
7/13/05,1034.077
7/14/05,1034.465
7/15/05,1035.097
7/18/05,1035.868
7/19/05,1036.679
7/20/05,1037.509
7/21/05,1038.165
7/22/05,1038.822
7/25/05,1039.024
7/26/05,1039.553
7/27/05,1040.173
7/28/05,1040.671
7/29/05,1041.208
8/1/05,1041.741
8/2/05,1042.278
8/3/05,1042.726
8/4/05,1043.021
8/5/05,1043.6
8/8/05,1044.215
8/9/05,1044.616
8/10/05,1045.139
8/11/05,1045.684
8/12/05,1046.226
8/15/05,1046.788
8/16/05,1047.249
8/17/05,1047.802
8/18/05,1048.328
8/19/05,1048.82
8/22/05,1049.406
8/23/05,1049.927
8/24/05,1050.385
8/25/05,1050.827
8/26/05,1050.776
8/29/05,1051.324
8/30/05,1051.792
8/31/05,1052.263
9/1/05,1052.729
9/2/05,1053.116
9/5/05,1053.741
9/6/05,1053.991
9/8/05,1054.456
9/9/05,1054.887
9/12/05,1055.361
9/13/05,1055.81
9/14/05,1056.18
9/15/05,1056.672
9/16/05,1056.819
9/19/05,1057.517
9/20/05,1057.923
9/21/05,1058.295
9/22/05,1058.872
9/23/05,1059.847
9/26/05,1060.488
9/27/05,1060.993
9/28/05,1061.343
9/29/05,1061.747
9/30/05,1058.257
10/3/05,1057.733
10/4/05,1057.128
10/5/05,1057.525
10/6/05,1058.068
10/7/05,1058.626
10/10/05,1059.255
10/11/05,1059.845
10/13/05,1060.189
10/14/05,1060.456
10/17/05,1060.895
10/18/05,1061.335
10/19/05,1061.982
10/20/05,1062.768
10/21/05,1063.479
10/24/05,1064.319
10/25/05,1064.905
10/26/05,1065.592
10/27/05,1066.224
10/28/05,1066.94
10/31/05,1067.756
11/1/05,1068.447
11/3/05,1069.286
11/4/05,1070.066
11/7/05,1070.725
11/8/05,1071.517
11/9/05,1072.321
11/10/05,1075.038
11/11/05,1076.001
11/14/05,1076.855
11/16/05,1077.751
11/17/05,1078.491
11/18/05,1079.096
11/21/05,1079.723
11/22/05,1080.408
11/23/05,1081.04
11/24/05,1081.997
11/25/05,1083.06
11/28/05,1084.994
11/29/05,1085.947
11/30/05,1088.513
12/1/05,1088.698
12/2/05,1089.231
12/5/05,1090.035
12/6/05,1091.903
12/7/05,1093.112
12/8/05,1093.551
12/9/05,1094.015
12/12/05,1094.405
12/13/05,1095.825
12/14/05,1096.604
12/15/05,1098.298
12/16/05,1099.087
12/19/05,1100.174
12/20/05,1100.885
12/21/05,1101.862
12/22/05,1103.43
12/23/05,1105.39
12/26/05,1106.42
12/27/05,1106.742
12/28/05,1107.12
12/29/05,1107.751
12/30/05,1108.356
1/2/06,1108.831
1/3/06,1109.895
1/4/06,1110.9
1/5/06,1112.966
1/6/06,1114.318
1/9/06,1116.875
1/10/06,1121.468
1/11/06,1122.398
1/12/06,1126.63
1/13/06,1128.364
1/16/06,1129.445
1/17/06,1131.344
1/18/06,1131.999
1/19/06,1133.692
1/20/06,1133.509
1/23/06,1134.225
1/24/06,1134.784
1/25/06,1135.533
1/26/06,1135.884
1/27/06,1136.2
1/30/06,1137.142
1/31/06,1138.141
2/1/06,1139.05
2/2/06,1139.955
2/3/06,1141.465
2/6/06,1143.987
2/7/06,1146.124
2/8/06,1148.102
2/9/06,1151.614
2/10/06,1156.54
2/13/06,1166.833
2/14/06,1170.202
2/15/06,1167.401
2/16/06,1171.407
2/17/06,1180.806
2/20/06,1187.778
2/21/06,1189.439
2/22/06,1191.465
2/23/06,1196.735
2/24/06,1198.462
3/1/06,1201.459
3/2/06,1207.673
3/3/06,1219.191
3/6/06,1215.816
3/7/06,1206.782
3/8/06,1203.397
3/9/06,1206.12
3/10/06,1208.96
3/13/06,1206.982
3/14/06,1207.505
3/15/06,1212.928
3/16/06,1214.079
3/17/06,1212.582
3/20/06,1209.994
3/21/06,1204.209
3/22/06,1204.962
3/23/06,1201.747
3/24/06,1199.405
3/27/06,1195.281
3/28/06,1190.179
3/29/06,1193.245
3/30/06,1195.035
3/31/06,1193.862
4/3/06,1196.062
4/4/06,1197.611
4/5/06,1200.414
4/6/06,1199.275
4/7/06,1196.587
4/10/06,1191.678
4/11/06,1190.903
4/12/06,1191.304
4/13/06,1191.756
4/17/06,1193.053
4/18/06,1198.82
4/19/06,1200.605
4/20/06,1198.719
4/24/06,1196.57
4/25/06,1196.842
4/26/06,1198.495
4/27/06,1198.135
4/28/06,1199.304
5/2/06,1200.318
5/3/06,1199.818
5/4/06,1200.137
5/5/06,1200.342
5/8/06,1199.22
5/9/06,1199.845
5/10/06,1199.781
5/11/06,1197.094
5/12/06,1193.661
5/15/06,1192.386
5/16/06,1193.652
5/17/06,1188.93
5/18/06,1185.946
5/19/06,1179.532
5/22/06,1163.864
5/23/06,1160.536
5/24/06,1140.487
5/25/06,1159.736
5/26/06,1169.284
5/29/06,1166.984
5/30/06,1158.58
5/31/06,1158.718
6/1/06,1163.393
6/2/06,1164.687
6/5/06,1162.886
6/6/06,1160.734
6/7/06,1159.668
6/8/06,1160.005
6/9/06,1160.305
6/12/06,1157.485
6/13/06,1156.786
6/14/06,1156.897
6/16/06,1160.825
6/19/06,1160.748
6/20/06,1161.285
6/21/06,1164.24
6/22/06,1165.053
6/23/06,1165.957
6/26/06,1165.91
6/27/06,1166
6/28/06,1167.227
6/29/06,1174.204
6/30/06,1179.398
7/3/06,1184.189
7/4/06,1188.807
7/5/06,1185.726
7/6/06,1190.294
7/7/06,1191.393
7/10/06,1193.674
7/11/06,1194.946
7/12/06,1194.427
7/13/06,1193.674
7/14/06,1196.169
7/17/06,1202.842
7/18/06,1204.136
7/19/06,1208.745
7/20/06,1210.11
7/21/06,1209.568
7/24/06,1209.611
7/25/06,1213.691
7/26/06,1216.117
7/27/06,1216.177
7/28/06,1219.624
7/31/06,1219.597
8/1/06,1219.459
8/2/06,1220.654
8/3/06,1222.179
8/4/06,1226.206
8/7/06,1230.394
8/8/06,1234.512
8/9/06,1236.169
8/10/06,1238.203
8/11/06,1239.379
8/14/06,1236.799
8/15/06,1239.557
8/16/06,1241.695
8/17/06,1242.739
8/18/06,1241.699
8/21/06,1242.157
8/22/06,1244.24
8/23/06,1241.845
8/24/06,1239.987
8/25/06,1238.392
8/28/06,1238.898
8/29/06,1238.523
8/30/06,1239.475
8/31/06,1246.625
9/1/06,1250.097
9/4/06,1251.588
9/5/06,1249.921
9/6/06,1247.049
9/8/06,1248.009
9/11/06,1247.376
9/12/06,1248.294
9/13/06,1249.9
9/14/06,1251.619
9/15/06,1253.903
9/18/06,1255.859
9/19/06,1255.545
9/20/06,1254.226
9/21/06,1246.41
9/22/06,1249.719
9/25/06,1248.527
9/26/06,1251.496
9/27/06,1250.815
9/28/06,1251.163
9/29/06,1253.881
10/2/06,1259.281
10/3/06,1259.237
10/4/06,1261.738
10/5/06,1263.089
10/6/06,1265.826
10/9/06,1268.078
10/10/06,1270.313
10/11/06,1270.124
10/13/06,1272.645
10/16/06,1272.923
10/17/06,1272.815
10/18/06,1273.987
10/19/06,1275.438
10/20/06,1277.103
10/23/06,1277.475
10/24/06,1277.396
10/25/06,1279.856
10/26/06,1282.125
10/27/06,1285.951
10/30/06,1287.164
10/31/06,1288.492
11/1/06,1291.931
11/3/06,1293.426
11/6/06,1293.565
11/7/06,1295.09
11/8/06,1294.929
11/9/06,1295.604
11/10/06,1297.512
11/13/06,1298.709
11/14/06,1302.15
11/16/06,1305.511
11/17/06,1304.889
11/20/06,1305.521
11/21/06,1307.583
11/22/06,1309.022
11/23/06,1310.676
11/24/06,1312.137
11/27/06,1311.372
11/28/06,1311.971
11/29/06,1313.639
11/30/06,1315.022
12/1/06,1315.429
12/4/06,1315.583
12/5/06,1317.609
12/6/06,1318.733
12/7/06,1322.569
12/8/06,1325.214
12/11/06,1329.353
12/12/06,1329.295
12/13/06,1331.378
12/14/06,1332.842
12/15/06,1336.721
12/18/06,1340.091
12/19/06,1338.998
12/20/06,1341.781
12/21/06,1342.663
12/22/06,1344.667
12/26/06,1347.407
12/27/06,1349.668
12/28/06,1352.433
12/29/06,1353.153
1/2/07,1360.09
1/3/07,1362.469
1/4/07,1360.839
1/5/07,1359.292
1/8/07,1358.422
1/9/07,1357.744
1/10/07,1358.417
1/11/07,1359.532
1/12/07,1358.859
1/15/07,1358.524
1/16/07,1359.819
1/17/07,1361.605
1/18/07,1364.637
1/19/07,1365.95
1/22/07,1367.387
1/23/07,1367.28
1/24/07,1369.466
1/25/07,1370.282
1/26/07,1369.564
1/29/07,1370.687
1/30/07,1371.587
1/31/07,1373.05
2/1/07,1373.861
2/2/07,1373.629
2/5/07,1375.241
2/6/07,1376.026
2/7/07,1376.658
2/8/07,1377.233
2/9/07,1378.452
2/12/07,1380.948
2/13/07,1383.032
2/14/07,1386.888
2/15/07,1390.638
2/16/07,1392.688
2/21/07,1395.327
2/22/07,1397.842
2/23/07,1397.084
2/26/07,1398.91
2/27/07,1391.928
2/28/07,1392.023
3/1/07,1389.616
3/2/07,1388.482
3/5/07,1387.641
3/6/07,1394.797
3/7/07,1396.458
3/8/07,1397.172
3/9/07,1398.943
3/12/07,1400.695
3/13/07,1399.15
3/14/07,1401.052
3/15/07,1401.581
3/16/07,1402.403
3/19/07,1403.818
3/20/07,1404.562
3/21/07,1410.861
3/22/07,1412.254
3/23/07,1412.912
3/26/07,1414.148
3/27/07,1414.662
3/28/07,1414.842
3/29/07,1417.547
3/30/07,1422.244
4/2/07,1425.328
4/3/07,1430.884
4/4/07,1433.763
4/5/07,1437.494
4/9/07,1441.113
4/10/07,1444.884
4/11/07,1444.166
4/12/07,1445.13
4/13/07,1449.967
4/16/07,1453.202
4/17/07,1457.739
4/18/07,1460.503
4/19/07,1478.446
4/20/07,1482.861
4/23/07,1483.057
4/24/07,1481.099
4/25/07,1483.867
4/26/07,1483.005
4/27/07,1482.323
4/30/07,1483.812
5/2/07,1488.757
5/3/07,1492.158
5/4/07,1494.889
5/7/07,1495.032
5/8/07,1495.116
5/9/07,1497.26
5/10/07,1496.227
5/11/07,1498.387
5/14/07,1499.895
5/15/07,1502.989
5/16/07,1518.162
5/17/07,1525.841
5/18/07,1525.434
5/21/07,1528.085
5/22/07,1528.341
5/23/07,1524.063
5/24/07,1514.185
5/25/07,1520.759
5/28/07,1523.057
5/29/07,1518.898
5/30/07,1519.044
5/31/07,1522.341
6/1/07,1527.497
6/4/07,1521.851
6/5/07,1522.133
6/6/07,1521.889
6/8/07,1524.65
6/11/07,1526.089
6/12/07,1522.858
6/13/07,1524.086
6/14/07,1528.597
6/15/07,1533.358
6/18/07,1534.566
6/19/07,1537.485
6/20/07,1535.232
6/21/07,1536.311
6/22/07,1532.447
6/25/07,1522.223
6/26/07,1523.761
6/27/07,1528.234
6/28/07,1530.016
6/29/07,1529.505
7/2/07,1532.041
7/3/07,1531.735
7/4/07,1526.654
7/5/07,1525.879
7/6/07,1529.798
7/9/07,1530.383
7/10/07,1528.795
7/11/07,1531.948
7/12/07,1535.299
7/13/07,1536.479
7/16/07,1534.844
7/17/07,1536.825
7/18/07,1537.08
7/19/07,1532.959
7/20/07,1531.973
7/23/07,1531.625
7/24/07,1525.961
7/25/07,1524.355
7/26/07,1511.674
7/27/07,1514.836
7/30/07,1515.861
7/31/07,1514.919
8/1/07,1508.454
8/2/07,1512.278
8/3/07,1504.788
8/6/07,1502.726
8/7/07,1506.448
8/8/07,1510.032
8/9/07,1501.721
8/10/07,1502.326
8/13/07,1504.252
8/14/07,1494.525
8/15/07,1480.276
8/16/07,1440.733
8/17/07,1464.503
8/20/07,1460.708
8/21/07,1460.057
8/22/07,1468.47
8/23/07,1482.724
8/24/07,1490.407
8/27/07,1493.222
8/28/07,1486.748
8/29/07,1498.98
8/30/07,1500.329
8/31/07,1506.232
9/3/07,1511.454
9/4/07,1513.826
9/5/07,1508.241
9/6/07,1511.919
9/10/07,1506.999
9/11/07,1511.516
9/12/07,1514.788
9/13/07,1515.942
9/14/07,1522.899
9/17/07,1521.287
9/18/07,1532.054
9/19/07,1535.732
9/20/07,1536.981
9/21/07,1538.67
9/24/07,1535.907
9/25/07,1539.195
9/26/07,1540.027
9/27/07,1540.602
9/28/07,1543.469
10/1/07,1546.812
10/2/07,1547.659
10/3/07,1547.125
10/4/07,1546.347
10/5/07,1548.806
10/8/07,1549.17
10/9/07,1554.832
10/10/07,1552.623
10/11/07,1552.233
10/15/07,1553.99
10/16/07,1551.977
10/17/07,1550.977
10/18/07,1548.123
10/19/07,1542.807
10/22/07,1527.739
10/23/07,1536.98
10/24/07,1532.031
10/25/07,1530.768
10/26/07,1535.887
10/29/07,1539.234
10/30/07,1539.661
10/31/07,1539.675
11/1/07,1536.436
11/5/07,1531.57
11/6/07,1536.153
11/7/07,1529.468
11/8/07,1523.402
11/9/07,1529.552
11/12/07,1523.482
11/13/07,1522.626
11/14/07,1529.682
11/16/07,1529.271
11/19/07,1528.664
11/20/07,1529.294
11/21/07,1528.537
11/22/07,1529.876
11/23/07,1530.457
11/26/07,1530.085
11/27/07,1528.501
11/28/07,1530.433
11/29/07,1528.186
11/30/07,1532.232
12/3/07,1532.258
12/4/07,1529.433
12/5/07,1526.351
12/6/07,1531.274
12/7/07,1534.889
12/10/07,1533.859
12/11/07,1538.302
12/12/07,1538.159
12/13/07,1530.443
12/14/07,1534.142
12/17/07,1534.924
12/18/07,1539.76
12/19/07,1543.054
12/20/07,1540.535
12/21/07,1542.03
12/24/07,1543.061
12/26/07,1542.384
12/27/07,1538.739
12/28/07,1542.15
12/31/07,1543.185
1/2/08,1547.619
1/3/08,1553.774
1/4/08,1552.464
1/7/08,1555.285
1/8/08,1558.299
1/9/08,1558.438
1/10/08,1557.305
1/11/08,1560.062
1/14/08,1560.433
1/15/08,1562.322
1/16/08,1561.298
1/17/08,1560.075
1/18/08,1562.012
1/21/08,1555.495
1/22/08,1558.419
1/23/08,1557.003
1/24/08,1564.141
1/25/08,1565.024
1/28/08,1567.269
1/29/08,1567.297
1/30/08,1565.304
1/31/08,1564.471
2/1/08,1564.562
2/6/08,1564.689
2/7/08,1567.128
2/8/08,1567.914
2/11/08,1570.378
2/12/08,1573.133
2/13/08,1574.982
2/14/08,1574.43
2/15/08,1573.286
2/18/08,1579.739
2/19/08,1578.979
2/20/08,1582.332
2/21/08,1588.519
2/22/08,1592.31
2/25/08,1591.739
2/26/08,1596.783
2/27/08,1597.777
2/28/08,1599.175
2/29/08,1598.336
3/3/08,1601.093
3/4/08,1600.679
3/5/08,1604.084
3/6/08,1595.351
3/7/08,1588.464
3/10/08,1580.394
3/11/08,1588.601
3/12/08,1586.038
3/13/08,1571.702
3/14/08,1565.064
3/17/08,1560.228
3/18/08,1569.029
3/19/08,1562.783
3/20/08,1561.135
3/24/08,1560.52
3/25/08,1560.246
3/26/08,1559.421
3/27/08,1561.854
3/28/08,1566.885
3/31/08,1566.393
4/1/08,1572.075
4/2/08,1575.98
4/3/08,1582.809
4/4/08,1584.524
4/7/08,1581.714
4/8/08,1584.193
4/9/08,1586.984
4/10/08,1586.918
4/11/08,1586.999
4/14/08,1586.703
4/15/08,1586.297
4/16/08,1584.609
4/17/08,1588.86
4/18/08,1584.891
4/22/08,1577.705
4/23/08,1587.422
4/24/08,1587.371
4/25/08,1589.766
4/28/08,1586.188
4/29/08,1586.519
4/30/08,1606.667
5/2/08,1622.082
5/5/08,1618.938
5/6/08,1610.219
5/7/08,1602.818
5/8/08,1605.511
5/9/08,1603.017
5/12/08,1610.195
5/13/08,1613.117
5/14/08,1608.808
5/15/08,1610.722
5/16/08,1614.858
5/19/08,1613.193
5/20/08,1617.144
5/21/08,1616.917
5/23/08,1616.159
5/26/08,1614.208
5/27/08,1610.513
5/28/08,1611.994
5/29/08,1622.28
5/30/08,1626.472
6/2/08,1622.531
6/3/08,1627.672
6/4/08,1627.224
6/5/08,1626.374
6/6/08,1618.849
6/9/08,1608.527
6/10/08,1610.833
6/11/08,1617.269
6/12/08,1619.862
6/13/08,1621.213
6/16/08,1623.672
6/17/08,1624.799
6/18/08,1623.426
6/19/08,1624.146
6/20/08,1620.954
6/23/08,1623.256
6/24/08,1625.838
6/25/08,1630.258
6/26/08,1629.235
6/27/08,1629.997
6/30/08,1629.354
7/1/08,1628.551
7/2/08,1625.375
7/3/08,1624.224
7/4/08,1620.675
7/7/08,1625.922
7/8/08,1627.347
7/9/08,1628.425
7/10/08,1624.924
7/11/08,1620.513
7/14/08,1621.114
7/15/08,1628.242
7/16/08,1627.61
7/17/08,1625.58
7/18/08,1628.136
7/21/08,1625.102
7/22/08,1628.274
7/23/08,1629.833
7/24/08,1633.122
7/25/08,1637.16
7/28/08,1639.216
7/29/08,1639.199
7/30/08,1642.938
7/31/08,1643.436
8/1/08,1645.614
8/4/08,1645.711
8/5/08,1648.058
8/6/08,1647.762
8/7/08,1645.196
8/8/08,1644.249
8/11/08,1641.252
8/12/08,1640.373
8/13/08,1641.172
8/14/08,1644.276
8/15/08,1647.356
8/18/08,1647.793
8/19/08,1648.458
8/20/08,1648.085
8/21/08,1648.524
8/22/08,1648.36
8/25/08,1648.305
8/26/08,1648.989
8/27/08,1650.382
8/28/08,1651.237
8/29/08,1652.632
9/1/08,1653.643
9/2/08,1652.086
9/3/08,1651.275
9/4/08,1644.76
9/5/08,1648.194
9/8/08,1647.798
9/9/08,1645.477
9/10/08,1650.693
9/11/08,1650.167
9/12/08,1650.673
9/15/08,1647.116
9/16/08,1642.907
9/17/08,1622.384
9/18/08,1595.104
9/19/08,1625.481
9/22/08,1625.018
9/23/08,1614.312
9/24/08,1611.917
9/25/08,1620.194
9/26/08,1623.243
9/29/08,1616.334
9/30/08,1625.088
10/1/08,1633.178
10/2/08,1618.83
10/3/08,1617.976
10/6/08,1600.093
10/7/08,1589.088
10/8/08,1587.728
10/9/08,1592.315
10/10/08,1575.466
10/13/08,1594.285
10/14/08,1592.21
10/15/08,1585.675
10/16/08,1584.962
10/17/08,1580.132
10/20/08,1577.705
10/21/08,1577.191
10/22/08,1548.256
10/23/08,1544.588
10/24/08,1526.97
10/27/08,1530.476
10/28/08,1544.847
10/29/08,1560.616
10/30/08,1562.498
10/31/08,1562.774
11/3/08,1566.405
11/4/08,1574.121
11/5/08,1576.314
11/6/08,1574.708
11/7/08,1587.809
11/10/08,1589.523
11/11/08,1592.212
11/12/08,1594.917
11/13/08,1584.333
11/14/08,1592.746
11/17/08,1594.752
11/18/08,1597.206
11/19/08,1598.175
11/20/08,1599.143
11/21/08,1599.818
11/24/08,1602.082
11/25/08,1608.653
11/26/08,1610.271
11/27/08,1611.467
11/28/08,1615.235
12/1/08,1628.318
12/2/08,1644.148
12/3/08,1646.577
12/4/08,1648.754
12/5/08,1657.811
12/8/08,1662.672
12/9/08,1662.141
12/10/08,1668.654
12/11/08,1672.045
12/12/08,1674.617
12/15/08,1676.461
12/16/08,1676.639
12/17/08,1689.384
12/18/08,1703.5
12/19/08,1700.5
12/22/08,1701.108
12/23/08,1704.242
12/24/08,1705.034
12/26/08,1706.9
12/29/08,1707.893
12/30/08,1712.598
12/31/08,1713.39
1/2/09,1718.182
1/5/09,1729.129
1/6/09,1732.946
1/7/09,1729.894
1/8/09,1737.674
1/9/09,1749.088
1/12/09,1749.442
1/13/09,1758.007
1/14/09,1756.531
1/15/09,1762.155
1/16/09,1763.245
1/19/09,1768.628
1/20/09,1773.178
1/21/09,1776.535
1/22/09,1783.818
1/23/09,1778.853
1/26/09,1775.305
1/27/09,1781.227
1/28/09,1786.74
1/29/09,1780.792
1/30/09,1787.324
2/2/09,1792.355
2/3/09,1794.836
2/4/09,1794.104
2/5/09,1792.604
2/6/09,1796.206
2/9/09,1793.641
2/10/09,1789.603
2/11/09,1788.965
2/12/09,1783.747
2/13/09,1789.063
2/16/09,1790.338
2/17/09,1791.107
2/18/09,1791.301
2/19/09,1795.859
2/20/09,1795.176
2/25/09,1796.677
2/26/09,1804.292
2/27/09,1811.539
3/2/09,1814.8
3/3/09,1813.519
3/4/09,1808.524
3/5/09,1811.189
3/6/09,1817.164
3/9/09,1819.879
3/10/09,1821.259
3/11/09,1825.193
3/12/09,1825.326
3/13/09,1821.882
3/16/09,1821.438
3/17/09,1822.35
3/18/09,1830.219
3/19/09,1842.436
3/20/09,1846.754
3/23/09,1845.88
3/24/09,1842.24
3/25/09,1838.73
3/26/09,1840.378
3/27/09,1840.932
3/30/09,1842.185
3/31/09,1840.89
4/1/09,1842.951
4/2/09,1840.863
4/3/09,1837.402
4/6/09,1839.141
4/7/09,1840.149
4/8/09,1840.044
4/9/09,1838.677
4/13/09,1836.62
4/14/09,1839.634
4/15/09,1836.386
4/16/09,1832.022
4/17/09,1828.019
4/20/09,1827.178
4/22/09,1831.731
4/23/09,1835.441
4/24/09,1835.367
4/27/09,1833.336
4/28/09,1836.31
4/29/09,1837.22
4/30/09,1837.205
5/4/09,1838.531
5/5/09,1840.933
5/6/09,1843.24
5/7/09,1846.723
5/8/09,1848.411
5/11/09,1852.179
5/12/09,1853.68
5/13/09,1856.487
5/14/09,1864.732
5/15/09,1878.333
5/18/09,1890.765
5/19/09,1896.198
5/20/09,1910.276
5/21/09,1904.059
5/22/09,1908.675
5/25/09,1911.52
5/26/09,1915.488
5/27/09,1914.303
5/28/09,1915.8
5/29/09,1920.117
6/1/09,1926.579
6/2/09,1932.705
6/3/09,1934.043
6/4/09,1935.271
6/5/09,1928.399
6/8/09,1922.314
6/9/09,1897.754
6/10/09,1905.949
6/12/09,1923.499
6/15/09,1926.039
6/16/09,1930.287
6/17/09,1931.137
6/18/09,1925.741
6/19/09,1921.238
6/22/09,1922.063
6/23/09,1926.197
6/24/09,1927.04
6/25/09,1930.606
6/26/09,1933.17
6/29/09,1928.354
6/30/09,1929.081
7/1/09,1934.078
7/2/09,1937.908
7/3/09,1939.446
7/6/09,1942.727
7/7/09,1944.232
7/8/09,1949.296
7/9/09,1950.073
7/10/09,1952.716
7/13/09,1949.131
7/14/09,1953.834
7/15/09,1954.585
7/16/09,1954.599
7/17/09,1957.543
7/20/09,1959.192
7/21/09,1959.775
7/22/09,1961.013
7/23/09,1957.457
7/24/09,1959.229
7/27/09,1959.447
7/28/09,1956.87
7/29/09,1956.528
7/30/09,1952.492
7/31/09,1953.568
8/3/09,1955.42
8/4/09,1957.991
8/5/09,1960.623
8/6/09,1963.856
8/7/09,1963.614
8/10/09,1963.422
8/11/09,1962.918
8/12/09,1963.916
8/13/09,1968.465
8/14/09,1970.613
8/17/09,1975.845
8/18/09,1976.641
8/19/09,1979.705
8/20/09,1980.313
8/21/09,1979.713
8/24/09,1980.177
8/25/09,1982.091
8/26/09,1985.633
8/27/09,1986.772
8/28/09,1984.899
8/31/09,1986.639
9/1/09,1988.687
9/2/09,1987.934
9/3/09,1987.138
9/4/09,1989.483
9/8/09,1989.99
9/9/09,1995.13
9/10/09,1997.222
9/11/09,1999.35
9/14/09,2001.111
9/15/09,2004.295
9/16/09,2001.821
9/17/09,2002.381
9/18/09,2004.279
9/21/09,1998.597
9/22/09,2002.949
9/23/09,2002.756
9/24/09,2001.556
9/25/09,2001.339
9/28/09,2004.941
9/29/09,2005.766
9/30/09,2004.383
10/1/09,2002.512
10/2/09,2005.316
10/5/09,2005.649
10/6/09,2000.484
10/7/09,1995.696
10/8/09,1987.477
10/9/09,1987.233
10/13/09,1987.684
10/14/09,1988.46
10/15/09,1986.286
10/16/09,1981.169
10/19/09,1974.007
10/20/09,1977.482
10/21/09,1980.078
10/22/09,1980.569
10/23/09,1981.886
10/26/09,1984.551
10/27/09,1986.566
10/28/09,1985.677
10/29/09,1984.176
10/30/09,1981.879
11/3/09,1984.321
11/4/09,1984.792
11/5/09,1985.878
11/6/09,1986.24
11/9/09,1985.473
11/10/09,1985.964
11/11/09,1983.588
11/12/09,1980.646
11/13/09,1981.242
11/16/09,1982.538
11/17/09,1990.451
11/18/09,1996.765
11/19/09,1998.06
11/20/09,1998.847
11/23/09,1999.754
11/24/09,2000.865
11/25/09,2001.753
11/26/09,2001.199
11/27/09,2002.787
11/30/09,2002.5
12/1/09,2005.89
12/2/09,2007.234
12/3/09,2007.834
12/4/09,2008.181
12/7/09,2008.789
12/8/09,2008.324
12/9/09,2008.457
12/10/09,2009.617
12/11/09,2013.062
12/14/09,2014.763
12/15/09,2016.398
12/16/09,2017.421
12/17/09,2019.527
12/18/09,2022.692
12/21/09,2026.285
12/22/09,2031.269
12/23/09,2032.737
12/24/09,2033.57
12/28/09,2035.306
12/29/09,2036.365
12/30/09,2037.252
12/31/09,2038.086
1/4/10,2040.86
1/5/10,2044.186
1/6/10,2047.305
1/7/10,2048.377
1/8/10,2050.715
1/11/10,2051.014
1/12/10,2051.206
1/13/10,2053.214
1/14/10,2052.47
1/15/10,2054.29
1/18/10,2055.44
1/19/10,2054.27
1/20/10,2055.71
1/21/10,2053.86
1/22/10,2054.32
1/25/10,2055.84
1/26/10,2057.424
1/27/10,2060.219
1/28/10,2061.119
1/29/10,2062.209
2/1/10,2064.35
2/2/10,2066.883
2/3/10,2071.993
2/4/10,2075.763
2/5/10,2079.303
2/8/10,2081.83
2/9/10,2083.434
2/10/10,2085.978
2/11/10,2087.72
2/12/10,2090.712
2/17/10,2093.258
2/18/10,2095.205
2/19/10,2096.365
2/22/10,2097.73
2/23/10,2099.377
2/24/10,2099.749
2/25/10,2099.567
2/26/10,2098.382
3/1/10,2097.439
3/2/10,2098.725
3/3/10,2098.734
3/4/10,2099.948
3/5/10,2099.193
3/8/10,2095.772
3/9/10,2097.605
3/10/10,2099.355
3/11/10,2100.515
3/12/10,2102.685
3/15/10,2105.853
3/16/10,2108.603
3/17/10,2111.407
3/18/10,2119.663
3/19/10,2122.117
3/22/10,2122.698
3/23/10,2125.028
3/24/10,2125.338
3/25/10,2126.496
3/26/10,2128.629
3/29/10,2132.255
3/30/10,2137.029
3/31/10,2139.773
4/1/10,2144.1
4/5/10,2145.669
4/6/10,2147.037
4/7/10,2154.05
4/8/10,2163.023
4/9/10,2162.375
4/12/10,2163.498
4/13/10,2155.432
4/14/10,2145.354
4/15/10,2142.251
4/16/10,2145.641
4/19/10,2140.373
4/20/10,2130.449
4/22/10,2132.064
4/23/10,2136.624
4/26/10,2138.772
4/27/10,2135.707
4/28/10,2136.082
4/29/10,2153.017
4/30/10,2154.275
5/3/10,2156.296
5/4/10,2153.61
5/5/10,2146.629
5/6/10,2138.27
5/7/10,2123.6
5/10/10,2127.85
5/11/10,2132.634
5/12/10,2136.663
5/13/10,2143.76
5/14/10,2146.642
5/17/10,2147.843
5/18/10,2144.708
5/19/10,2141.238
5/20/10,2141.699
5/21/10,2143.358
5/24/10,2141.659
5/25/10,2141.478
5/26/10,2142.042
5/27/10,2143.801
5/28/10,2144.868
5/31/10,2146.87
6/1/10,2151.492
6/2/10,2155.207
6/4/10,2164.615
6/7/10,2168.097
6/8/10,2167.918
6/9/10,2167.801
6/10/10,2168.789
6/11/10,2167.782
6/14/10,2168.388
6/15/10,2164.303
6/16/10,2168.308
6/17/10,2168.871
6/18/10,2171.568
6/21/10,2172.9
6/22/10,2172.943
6/23/10,2172.026
6/24/10,2171.469
6/25/10,2172.333
6/28/10,2173.415
6/29/10,2171.928
6/30/10,2174.24
7/1/10,2179.117
7/2/10,2180.67
7/5/10,2181.274
7/6/10,2180.461
7/7/10,2178.322
7/8/10,2174.409
7/9/10,2174.963
7/12/10,2170.055
7/13/10,2173.325
7/14/10,2179.246
7/15/10,2185.019
7/16/10,2193.422
7/19/10,2191.255
7/20/10,2190.567
7/21/10,2196.057
7/22/10,2202.711
7/23/10,2198.495
7/26/10,2197.213
7/27/10,2201.645
7/28/10,2202.218
7/29/10,2202.866
7/30/10,2208.624
8/2/10,2206.571
8/3/10,2204.206
8/4/10,2203.697
8/5/10,2206.368
8/6/10,2204.015
8/9/10,2204.354
8/10/10,2205.223
8/11/10,2212.568
8/12/10,2216.718
8/13/10,2226.634
8/16/10,2239.277
8/17/10,2237.783
8/18/10,2240.324
8/19/10,2245.527
8/20/10,2248.493
8/23/10,2250.456
8/24/10,2255.01
8/25/10,2256.802
8/26/10,2254.474
8/27/10,2251.069
8/30/10,2249.295
8/31/10,2252.783
9/1/10,2247.575
9/2/10,2252.2
9/3/10,2251.621
9/6/10,2255.478
9/8/10,2254.658
9/9/10,2256.233
9/10/10,2254.418
9/13/10,2254.06
9/14/10,2256.283
9/15/10,2255.835
9/16/10,2249.131
9/17/10,2245.401
9/20/10,2243.677
9/21/10,2248.586
9/22/10,2249.97
9/23/10,2256.226
9/24/10,2259.207
9/27/10,2258.926
9/28/10,2257.88
9/29/10,2264.016
9/30/10,2264.457
10/1/10,2267.899
10/4/10,2270.307
10/5/10,2271.381
10/6/10,2277.957
10/7/10,2280.472
10/8/10,2281.194
10/11/10,2282.282
10/13/10,2289.186
10/14/10,2307.167
10/15/10,2312.449
10/18/10,2308.457
10/19/10,2292.393
10/20/10,2303.694
10/21/10,2295.836
10/22/10,2295.94
10/25/10,2289.338
10/26/10,2300.396
10/27/10,2295.884
10/28/10,2299.574
10/29/10,2309.625
11/1/10,2314.12
11/3/10,2315.599
11/4/10,2317.765
11/5/10,2321.015
11/8/10,2318.126
11/9/10,2325.377
11/10/10,2335.383
11/11/10,2337.219
11/12/10,2341.722
11/16/10,2331.501
11/17/10,2333.725
11/18/10,2326.539
11/19/10,2326.941
11/22/10,2309.453
11/23/10,2312.528
11/24/10,2318.435
11/25/10,2325.855
11/26/10,2325.641
11/29/10,2322.215
11/30/10,2329.765
12/1/10,2331.182
12/2/10,2331.181
12/3/10,2332.456
12/6/10,2326.406
12/7/10,2328.24
12/8/10,2326.664
12/9/10,2330.077
12/10/10,2343.658
12/13/10,2346.935
12/14/10,2356.298
12/15/10,2361.3
12/16/10,2366.558
12/17/10,2371.35
12/20/10,2370.997
12/21/10,2372.557
12/22/10,2373.17
12/23/10,2373.738
12/24/10,2374.882
12/27/10,2376.297
12/28/10,2379.33
12/29/10,2380.539
12/30/10,2384.316
12/31/10,2385.461
1/3/11,2384.126
1/4/11,2381.249
1/5/11,2379.03
1/6/11,2376.308
1/7/11,2367.867
1/10/11,2363.466
1/11/11,2368.115
1/12/11,2372.013
1/13/11,2378.826
1/14/11,2380.902
1/17/11,2382.131
1/18/11,2385.822
1/19/11,2386.094
1/20/11,2387.447
1/21/11,2386.459
1/24/11,2376.138
1/25/11,2377.434
1/26/11,2376.882
1/27/11,2378.392
1/28/11,2378.392
1/31/11,2378.036
2/1/11,2382.938
2/2/11,2386.964
2/3/11,2383.462
2/4/11,2376.713
2/7/11,2376.014
2/8/11,2388.409
2/9/11,2390.166
2/10/11,2388.193
2/11/11,2386.967
2/14/11,2383.39
2/15/11,2380.34
2/16/11,2386.245
2/17/11,2389.243
2/18/11,2389.976
2/21/11,2388.36
2/22/11,2391.12
2/23/11,2392.112
2/24/11,2388.961
2/25/11,2391.065
2/28/11,2393.316
3/1/11,2396.08
3/2/11,2396.759
3/3/11,2395.706
3/4/11,2397.719
3/9/11,2399.032
3/10/11,2407.354
3/11/11,2409.565
3/14/11,2406.383
3/15/11,2404
3/16/11,2404.421
3/17/11,2405.323
3/18/11,2408.849
3/21/11,2409.555
3/22/11,2414.351
3/23/11,2419.801
3/24/11,2418.774
3/25/11,2419.386
3/28/11,2420.992
3/29/11,2419.309
3/30/11,2426.223
3/31/11,2430.615
4/1/11,2434.368
4/4/11,2435.731
4/5/11,2432.152
4/6/11,2433.029
4/7/11,2434.821
4/8/11,2436.106
4/11/11,2435.079
4/12/11,2437.74
4/13/11,2439.19
4/14/11,2439.899
4/15/11,2440.643
4/18/11,2440.099
4/19/11,2441.048
4/20/11,2440.54
4/25/11,2433.217
4/26/11,2435.803
4/27/11,2438.809
4/28/11,2441.821
4/29/11,2443.955
5/2/11,2448.919
5/3/11,2453.118
5/4/11,2456.185
5/5/11,2459.876
5/6/11,2456.747
5/9/11,2458.744
5/10/11,2459.025
5/11/11,2461.52
5/12/11,2462.99
5/13/11,2467.977
5/16/11,2473.742
5/17/11,2478.326
5/18/11,2481.651
5/19/11,2485.247
5/20/11,2481.277
5/23/11,2479.284
5/24/11,2477.568
5/25/11,2478.366
5/26/11,2480.656
5/27/11,2481.777
5/30/11,2482.122
5/31/11,2480.411
6/1/11,2480.927
6/2/11,2477.537
6/3/11,2476.063
6/6/11,2472.733
6/7/11,2475.172
6/8/11,2481.412
6/9/11,2484.151
6/10/11,2486.468
6/13/11,2488.353
6/14/11,2487.351
6/15/11,2490.187
6/16/11,2489.945
6/17/11,2490.991
6/20/11,2490.53
6/21/11,2490.111
6/22/11,2489.496
6/24/11,2487.863
6/27/11,2482.799
6/28/11,2476.563
6/29/11,2476.09
6/30/11,2472.928
7/1/11,2474.675
7/4/11,2476.292
7/5/11,2474.461
7/6/11,2475.572
7/7/11,2474.896
7/8/11,2475.615
7/11/11,2473.305
7/12/11,2473.317
7/13/11,2474.667
7/14/11,2475.779
7/15/11,2477.148
7/18/11,2479.039
7/19/11,2479.859
7/20/11,2479.779
7/21/11,2481.463
7/22/11,2482.727
7/25/11,2481.291
7/26/11,2485.17
7/27/11,2486.676
7/28/11,2487.976
7/29/11,2489.591
8/1/11,2490.342
8/2/11,2492.673
8/3/11,2492.063
8/4/11,2491.921
8/5/11,2490.587
8/8/11,2492.594
8/9/11,2493.897
8/10/11,2493.71
8/11/11,2491.348
8/12/11,2500.27
8/15/11,2510.292
8/16/11,2522.983
8/17/11,2534.072
8/18/11,2550.153
8/19/11,2560.629
8/22/11,2562.168
8/23/11,2570.754
8/24/11,2575.775
8/25/11,2579.792
8/26/11,2600.936
8/29/11,2626.939
8/30/11,2620.368
8/31/11,2624.685
9/1/11,2665.802
9/2/11,2645.076
9/5/11,2648.075
9/6/11,2650.351
9/8/11,2640.233
9/9/11,2646.616
9/12/11,2650.99
9/13/11,2646.437
9/14/11,2643.573
9/15/11,2645.1
9/16/11,2646.553
9/19/11,2642.278
9/20/11,2635.206
9/21/11,2618.779
9/22/11,2606.825
9/23/11,2616.425
9/26/11,2627.21
9/27/11,2623
9/28/11,2630.983
9/29/11,2631.906
9/30/11,2641.923
10/3/11,2659.305
10/4/11,2660.726
10/5/11,2667.385
10/6/11,2665.727
10/7/11,2672.493
10/10/11,2675.433
10/11/11,2683.627
10/13/11,2682.368
10/14/11,2675.209
10/17/11,2671.803
10/18/11,2675.76
10/19/11,2675.081
10/20/11,2655.71
10/21/11,2661.137
10/24/11,2658.773
10/25/11,2657.793
10/26/11,2665.197
10/27/11,2667.781
10/28/11,2675.55
10/31/11,2683.001
11/1/11,2677.893
11/3/11,2677.855
11/4/11,2679.317
11/7/11,2682.447
11/8/11,2686.197
11/9/11,2701.764
11/10/11,2700.595
11/11/11,2708.066
11/14/11,2712.674
11/16/11,2718.834
11/17/11,2719.755
11/18/11,2721.988
11/21/11,2718.48
11/22/11,2716.235
11/23/11,2715.604
11/24/11,2717.328
11/25/11,2721.474
11/28/11,2721.377
11/29/11,2725.67
11/30/11,2737.302
12/1/11,2730.928
12/2/11,2731.872
12/5/11,2726.54
12/6/11,2731.025
12/7/11,2741.373
12/8/11,2741.524
12/9/11,2745.641
12/12/11,2750.868
12/13/11,2750.856
12/14/11,2747.642
12/15/11,2743.156
12/16/11,2739.486
12/19/11,2738.808
12/20/11,2743.529
12/21/11,2749.18
12/22/11,2737.166
12/23/11,2731.658
12/26/11,2727.202
12/27/11,2734.06
12/28/11,2737.018
12/29/11,2744.651
12/30/11,2745.862
1/2/12,2753.849
1/3/12,2755.257
1/4/12,2745.947
1/5/12,2740.586
1/6/12,2745.011
1/9/12,2742.317
1/10/12,2747.75
1/11/12,2747.724
1/12/12,2744.412
1/13/12,2748.502
1/16/12,2752.247
1/17/12,2750.558
1/18/12,2756.849
1/19/12,2760.946
1/20/12,2775.137
1/23/12,2769.396
1/24/12,2770.531
1/25/12,2771.648
1/26/12,2786.086
1/27/12,2792.739
1/30/12,2798.644
1/31/12,2790.66
2/1/12,2787.485
2/2/12,2783.523
2/3/12,2781.997
2/6/12,2778.744
2/7/12,2787.531
2/8/12,2795.168
2/9/12,2807.598
2/10/12,2818.852
2/13/12,2821.698
2/14/12,2832.688
2/15/12,2834.864
2/16/12,2841.805
2/17/12,2851.541
2/22/12,2853.844
2/23/12,2853.716
2/24/12,2844.055
2/27/12,2840.897
2/28/12,2850.172
2/29/12,2851.31
3/1/12,2852.568
3/2/12,2862.302
3/5/12,2867.097
3/6/12,2869.864
3/7/12,2874.712
3/8/12,2894.129
3/9/12,2907.86
3/12/12,2905.968
3/13/12,2903.154
3/14/12,2892.676
3/15/12,2900.559
3/16/12,2897.422
3/19/12,2888.846
3/20/12,2890.175
3/21/12,2894.629
3/22/12,2895.219
3/23/12,2898.07
3/26/12,2898.309
3/27/12,2904.126
3/28/12,2908.183
3/29/12,2905.932
3/30/12,2905.859
4/2/12,2910.126
4/3/12,2902.497
4/4/12,2906.289
4/5/12,2908.603
4/9/12,2918.965
4/10/12,2933.183
4/11/12,2936.819
4/12/12,2946.537
4/13/12,2951.763
4/16/12,2955.751
4/17/12,2963.63
4/18/12,2968.752
4/19/12,2989.335
4/20/12,2994.854
4/23/12,2997.361
4/24/12,3017.324
4/25/12,3029.91
4/26/12,3029.951
4/27/12,3037.662
4/30/12,3034.3
5/2/12,3065.801
5/3/12,3070.054
5/4/12,3129.331
5/7/12,3185.834
5/8/12,3132.031
5/9/12,3091.326
5/10/12,3145.15
5/11/12,3140.195
5/14/12,3141.435
5/15/12,3142.779
5/16/12,3150.66
5/17/12,3167.648
5/18/12,3179.682
5/21/12,3163.145
5/22/12,3091.682
5/23/12,3106.044
5/24/12,3075.435
5/25/12,3092.773
5/28/12,3102.996
5/29/12,3113.985
5/30/12,3110.669
5/31/12,3093.954
6/1/12,3074.849
6/4/12,3013.106
6/5/12,3023.161
6/6/12,3031.676
6/8/12,3057.451
6/11/12,3028.052
6/12/12,3033.046
6/13/12,3040.643
6/14/12,3045.414
6/15/12,3023.001
6/18/12,3027.861
6/19/12,3038.312
6/20/12,3045.747
6/21/12,3060.948
6/22/12,3062.401
6/25/12,3081.992
6/26/12,3082.561
6/27/12,3077.132
6/28/12,3069.113
6/29/12,3078.495
7/2/12,3088.431
7/3/12,3090.362
7/4/12,3080.833
7/5/12,3068.809
7/6/12,3079.732
7/9/12,3080.345
7/10/12,3089.991
7/11/12,3110.097
7/12/12,3106.159
7/13/12,3119.348
7/16/12,3134.815
7/17/12,3135.977
7/18/12,3144.596
7/19/12,3155.796
7/20/12,3180.554
7/23/12,3189.756
7/24/12,3176.884
7/25/12,3184.255
7/26/12,3180.889
7/27/12,3158.282
7/30/12,3159.617
7/31/12,3167.159
8/1/12,3176.469
8/2/12,3179.359
8/3/12,3177.027
8/6/12,3180.961
8/7/12,3195.053
8/8/12,3201.651
8/9/12,3196.255
8/10/12,3181.211
8/13/12,3184.121
8/14/12,3182.17
8/15/12,3193.985
8/16/12,3180.152
8/17/12,3186.049
8/20/12,3173
8/21/12,3186.447
8/22/12,3182.688
8/23/12,3182.91
8/24/12,3189.329
8/27/12,3199.4
8/28/12,3207.541
8/29/12,3206.585
8/30/12,3215.616
8/31/12,3224.438
9/3/12,3228.045
9/4/12,3228.121
9/5/12,3229.559
9/6/12,3224.139
9/10/12,3218.698
9/11/12,3219.115
9/12/12,3227.112
9/13/12,3229.494
9/14/12,3229.211
9/17/12,3234.78
9/18/12,3231.813
9/19/12,3227.386
9/20/12,3234.979
9/21/12,3236.844
9/24/12,3241.321
9/25/12,3248.739
9/26/12,3248.941
9/27/12,3256.887
9/28/12,3270.712
10/1/12,3278.171
10/2/12,3287.099
10/3/12,3288.55
10/4/12,3294.32
10/5/12,3338.647
10/8/12,3323.299
10/9/12,3328.196
10/10/12,3330.113
10/11/12,3357.84
10/15/12,3358.813
10/16/12,3369.215
10/17/12,3354.648
10/18/12,3362.774
10/19/12,3373.765
10/22/12,3388.847
10/23/12,3397.426
10/24/12,3394.104
10/25/12,3386.258
10/26/12,3388.841
10/29/12,3387.99
10/30/12,3390.459
10/31/12,3394.857
11/1/12,3393.592
11/5/12,3395.311
11/6/12,3391.309
11/7/12,3394.679
11/8/12,3392.097
11/9/12,3387.203
11/12/12,3379.57
11/13/12,3367.936
11/14/12,3349.553
11/16/12,3364.991
11/19/12,3374.561
11/20/12,3375.746
11/21/12,3372.379
11/22/12,3373.016
11/23/12,3382.325
11/26/12,3390.123
11/27/12,3402.204
11/28/12,3400.795
11/29/12,3402.092
11/30/12,3412.892
12/3/12,3418.548
12/4/12,3438.298
12/5/12,3438.219
12/6/12,3469.872
12/7/12,3469.872
12/10/12,3453.695
12/11/12,3444.251
12/12/12,3455.352
12/13/12,3466.24
12/14/12,3467.46
12/17/12,3464.423
12/18/12,3465.63
12/19/12,3470.2
12/20/12,3458.579
12/21/12,3457.363
12/24/12,3459.086
12/26/12,3468.021
12/27/12,3470.177
12/28/12,3476.646
12/31/12,3478.379
1/2/13,3489.935
1/3/13,3509.031
1/4/13,3515.469
1/7/13,3518.061
1/8/13,3509.165
1/9/13,3520.101
1/10/13,3528.011
1/11/13,3534.912
1/14/13,3537.492
1/15/13,3537.901
1/16/13,3541.46
1/17/13,3532.64
1/18/13,3524.259
1/21/13,3542.773
1/22/13,3541.203
1/23/13,3549.034
1/24/13,3526.36
1/25/13,3528.27
1/28/13,3519.374
1/29/13,3517.501
1/30/13,3507.459
1/31/13,3497.101
2/1/13,3493.46
2/4/13,3480.608
2/5/13,3461.065
2/6/13,3448.929
2/7/13,3429.78
2/8/13,3423.298
2/13/13,3426.511
2/14/13,3427.191
2/15/13,3439.011
2/18/13,3434.187
2/19/13,3438.563
2/20/13,3439.167
2/21/13,3446.295
2/22/13,3437.528
2/25/13,3453.143
2/26/13,3461.347
2/27/13,3465.692
2/28/13,3466.434
3/1/13,3477.575
3/4/13,3482.561
3/5/13,3497.241
3/6/13,3500.296
3/7/13,3492.718
3/8/13,3480.304
3/11/13,3474.912
3/12/13,3459.399
3/13/13,3438.228
3/14/13,3447.877
3/15/13,3459.482
3/18/13,3460.245
3/19/13,3467.401
3/20/13,3456.044
3/21/13,3430.738
3/22/13,3428.404
3/25/13,3434
3/26/13,3434.791
3/27/13,3435.938
3/28/13,3401.151
4/1/13,3372.732
4/2/13,3386.439
4/3/13,3367.395
4/4/13,3375.247
4/5/13,3423.263
4/8/13,3414.981
4/9/13,3422.161
4/10/13,3423.796
4/11/13,3415.271
4/12/13,3397.869
4/15/13,3390.511
4/16/13,3393.73
4/17/13,3396.574
4/18/13,3443.866
4/19/13,3454.491
4/22/13,3461.098
4/23/13,3462.166
4/24/13,3454.449
4/25/13,3441.259
4/26/13,3443.17
4/29/13,3447.135
4/30/13,3454.951
5/2/13,3483.73
5/3/13,3472.422
5/6/13,3480.117
5/7/13,3485.954
5/8/13,3488.65
5/9/13,3473.89
5/10/13,3457.751
5/13/13,3464.683
5/14/13,3438.943
5/15/13,3452.781
5/16/13,3463.465
5/17/13,3451.442
5/20/13,3437.353
5/21/13,3442.252
5/22/13,3432.671
5/23/13,3423.544
5/24/13,3397.141
5/27/13,3367.818
5/28/13,3341.458
5/29/13,3364.832
5/31/13,3298.935
6/3/13,3296.938
6/4/13,3322.385
6/5/13,3332.81
6/6/13,3314.123
6/7/13,3298.045
6/10/13,3206.194
6/11/13,3187.958
6/12/13,3161.936
6/13/13,3228.209
6/14/13,3211.017
6/17/13,3182.841
6/18/13,3138.79
6/19/13,3069.598
6/20/13,3123.811
6/21/13,3162.14
6/24/13,3202.194
6/25/13,3223.439
6/26/13,3225.982
6/27/13,3248.367
6/28/13,3206.888
7/1/13,3218.267
7/2/13,3233.529
7/3/13,3225.49
7/4/13,3187.753
7/5/13,3180.778
7/8/13,3194.091
7/9/13,3195.126
7/10/13,3186.042
7/11/13,3171.805
7/12/13,3173.096
7/15/13,3201.629
7/16/13,3203.44
7/17/13,3229.227
7/18/13,3256.894
7/19/13,3275.817
7/22/13,3290.966
7/23/13,3306.037
7/24/13,3284.361
7/25/13,3279.051
7/26/13,3271.44
7/29/13,3239.991
7/30/13,3224.055
7/31/13,3248.288
8/1/13,3217.044
8/2/13,3237.203
8/5/13,3248.66
8/6/13,3236.239
8/7/13,3237.525
8/8/13,3246.737
8/9/13,3255.757
8/12/13,3207.95
8/13/13,3202.502
8/14/13,3175.706
8/15/13,3184.464
8/16/13,3173.465
8/19/13,3152.676
8/20/13,3201.56
8/21/13,3160.584
8/22/13,3168.718
8/23/13,3214.076
8/26/13,3196.914
8/27/13,3197.893
8/28/13,3201.226
8/29/13,3165.249
8/30/13,3163.401
9/2/13,3161.442
9/3/13,3159.793
9/4/13,3158.305
9/5/13,3153.933
9/6/13,3163.448
9/9/13,3166.387
9/10/13,3170.316
9/11/13,3173.425
9/12/13,3161.064
9/13/13,3160.442
9/16/13,3163.552
9/17/13,3164.485
9/18/13,3221.65
9/19/13,3216.151
9/20/13,3217.354
9/23/13,3209.715
9/24/13,3211.303
9/25/13,3198.052
9/26/13,3182.392
9/27/13,3174.563
9/30/13,3175.619
10/1/13,3168.613
10/2/13,3176.112
10/3/13,3179.924
10/4/13,3178.035
10/7/13,3183.055
10/8/13,3192.266
10/9/13,3205.464
10/10/13,3197.567
10/11/13,3196.586
10/14/13,3196.594
10/15/13,3196.977
10/16/13,3197.769
10/17/13,3202.111
10/18/13,3192.244
10/21/13,3185.12
10/22/13,3195.856
10/23/13,3207.148
10/24/13,3204.766
10/25/13,3211.003
10/28/13,3211.06
10/29/13,3215.556
10/30/13,3217.434
10/31/13,3204.528
11/1/13,3182.98
11/4/13,3176.673
11/5/13,3159.333
11/6/13,3151.232
11/7/13,3116.525
11/8/13,3105.53
11/11/13,3107.775
11/12/13,3135.909
11/13/13,3152.987
11/14/13,3158.655
11/18/13,3170.853
11/19/13,3149.421
11/20/13,3150.918
11/21/13,3125.195
11/22/13,3124.902
11/25/13,3104.578
11/26/13,3111.9
11/27/13,3110.673
11/28/13,3111.872
11/29/13,3089.591
12/2/13,3064.005
12/3/13,3053.326
12/4/13,3055.399
12/5/13,3074.354
12/6/13,3079.264
12/9/13,3092.23
12/10/13,3111.754
12/11/13,3115.228
12/12/13,3124.458
12/13/13,3125.182
12/16/13,3130.037
12/17/13,3137.784
12/18/13,3139.373
12/19/13,3121.839
12/20/13,3111.252
12/23/13,3117.389
12/24/13,3119.366
12/26/13,3109.785
12/27/13,3124.365
12/30/13,3127.933
12/31/13,3129.914
1/2/14,3122.335
1/3/14,3123.031
1/6/14,3122.255
1/7/14,3128.579
1/8/14,3119.263
1/9/14,3113.986
1/10/14,3125.299
1/13/14,3121.691
1/14/14,3108.722
1/15/14,3113.844
1/16/14,3115.076
1/17/14,3126.897
1/20/14,3114.612
1/21/14,3103.014
1/22/14,3101.917
1/23/14,3065.393
1/24/14,3076.504
1/27/14,3063.397
1/28/14,3049.042
1/29/14,3048.543
1/30/14,3047.051
1/31/14,3050.08
2/3/14,3045.813
2/4/14,3056.902
2/5/14,3073.699
2/6/14,3079.855
2/7/14,3092.878
2/10/14,3091
2/11/14,3085.903
2/12/14,3082.854
2/13/14,3097.15
2/14/14,3104.86
2/17/14,3117.147
2/18/14,3129.127
2/19/14,3126.624
2/20/14,3150.159
2/21/14,3165.171
2/24/14,3170.659
2/25/14,3172.345
2/26/14,3181.61
2/27/14,3205.714
2/28/14,3185.474
3/5/14,3185.257
3/6/14,3181.118
3/7/14,3166.626
3/10/14,3149.738
3/11/14,3139.097
3/12/14,3151.753
3/13/14,3159.649
3/14/14,3154.439
3/17/14,3153.154
3/18/14,3144.466
3/19/14,3129.362
3/20/14,3141.154
3/21/14,3152.565
3/24/14,3164.163
3/25/14,3181.346
3/26/14,3195.006
3/27/14,3217.618
3/28/14,3209.59
3/31/14,3208.088
4/1/14,3208.553
4/2/14,3214.926
4/3/14,3217.52
4/4/14,3224.644
4/7/14,3230.899
4/8/14,3240.737
4/9/14,3243.143
4/10/14,3240.95
4/11/14,3243.117
4/14/14,3241.465
4/15/14,3247.329
4/16/14,3248.102
4/17/14,3252.663
4/22/14,3255.732
4/23/14,3267.644
4/24/14,3271.683
4/25/14,3275.862
4/28/14,3271.131
4/29/14,3275.346
4/30/14,3285.677
5/2/14,3306.085
5/5/14,3303.034
5/6/14,3328.241
5/7/14,3340.989
5/8/14,3331.373
5/9/14,3324.931
5/12/14,3316.936
5/13/14,3322.132
5/14/14,3344.604
5/15/14,3337.481
5/16/14,3338.425
5/19/14,3345.678
5/20/14,3352.241
5/21/14,3375.378
5/22/14,3386.503
5/23/14,3381.391
5/26/14,3383.628
5/27/14,3371.459
5/28/14,3390.837
5/29/14,3415.169
5/30/14,3425.826
6/2/14,3402.67
6/3/14,3383.51
6/4/14,3382.236
6/5/14,3383.026
6/6/14,3428.791
6/9/14,3420.041
6/10/14,3415.561
6/11/14,3429.498
6/12/14,3430.983
6/13/14,3455.148
6/16/14,3426.538
6/17/14,3410.896
6/18/14,3425.247
6/20/14,3421.274
6/23/14,3424.779
6/24/14,3437.727
6/25/14,3445.626
6/26/14,3457.377
6/27/14,3434.565
6/30/14,3427.85
7/1/14,3443.912
7/2/14,3431.156
7/3/14,3441.716
7/4/14,3444.324
7/7/14,3449.991
7/8/14,3455.305
7/9/14,3456.763
7/10/14,3451.908
7/11/14,3449.961
7/14/14,3456.155
7/15/14,3449.952
7/16/14,3457.636
7/17/14,3458.089
7/18/14,3493.413
7/21/14,3510.987
7/22/14,3533.793
7/23/14,3514.327
7/24/14,3499.105
7/25/14,3510.918
7/28/14,3503.271
7/29/14,3492.375
7/30/14,3477.384
7/31/14,3466.477
8/1/14,3448.322
8/4/14,3465.434
8/5/14,3437.939
8/6/14,3478.18
8/7/14,3465.28
8/8/14,3479.277
8/11/14,3485.959
8/12/14,3480.981
8/13/14,3458.955
8/14/14,3479.999
8/15/14,3524.036
8/18/14,3549.337
8/19/14,3547.681
8/20/14,3535.92
8/21/14,3521.566
8/22/14,3549.786
8/25/14,3564.057
8/26/14,3579.004
8/27/14,3613.934
8/28/14,3619.787
8/29/14,3633.531
9/1/14,3649.003
9/2/14,3681.466
9/3/14,3674.601
9/4/14,3663.649
9/5/14,3656.016
9/8/14,3622.358
9/9/14,3591.661
9/10/14,3595.878
9/11/14,3605.393
9/12/14,3532.026
9/15/14,3540.263
9/16/14,3564.665
9/17/14,3566.376
9/18/14,3552.729
9/19/14,3561.067
9/22/14,3521.545
9/23/14,3536.314
9/24/14,3562.849
9/25/14,3556.266
9/26/14,3566.511
9/29/14,3479.219
9/30/14,3505.141
10/1/14,3486.674
10/2/14,3504.536
10/3/14,3543.073
10/6/14,3585.076
10/7/14,3617.796
10/8/14,3620.932
10/9/14,3628.82
10/10/14,3618.501
10/13/14,3664.572
10/14/14,3650.525
10/15/14,3628.014
10/16/14,3629.119
10/17/14,3647.457
10/20/14,3607.557
10/21/14,3548.554
10/22/14,3547.911
10/23/14,3525.363
10/24/14,3569.19
10/27/14,3532.521
10/28/14,3569.823
10/29/14,3544.811
10/30/14,3550.302
10/31/14,3578.057
11/3/14,3556.999
11/4/14,3536.343
11/5/14,3558.922
11/6/14,3523.926
11/7/14,3516.96
11/10/14,3532.472
11/11/14,3519.329
11/12/14,3506.044
11/13/14,3486.12
11/14/14,3498.721
11/17/14,3498.613
11/18/14,3515.014
11/19/14,3557.64
11/20/14,3559.074
11/21/14,3630.66
11/24/14,3634.641
11/25/14,3651.963
11/26/14,3668.646
11/27/14,3671.797
11/28/14,3654.794
12/1/14,3620.897
12/2/14,3583.732
12/3/14,3599.291
12/4/14,3605.97
12/5/14,3618.215
12/8/14,3607.8
12/9/14,3594.815
12/10/14,3574.01
12/11/14,3551.88
12/12/14,3542.537
12/15/14,3520.591
12/16/14,3517.537
12/17/14,3520.048
12/18/14,3532.221
12/19/14,3546.277
12/22/14,3561.856
12/23/14,3563.055
12/24/14,3565.19
12/26/14,3566.279
12/29/14,3560.393
12/30/14,3582.98
12/31/14,3585.123
1/2/15,3588.292
1/5/15,3597.936
1/6/15,3627.959
1/7/15,3623.384
1/8/15,3627.772
1/9/15,3654.495
1/12/15,3635.024
1/13/15,3649.616
1/14/15,3652.691
1/15/15,3661.858
1/16/15,3679.673
1/19/15,3673.011
1/20/15,3702.144
1/21/15,3706.454
1/22/15,3689.654
1/23/15,3712.758
1/26/15,3703.432
1/27/15,3702.003
1/28/15,3698.748
1/29/15,3710.318
1/30/15,3696.884
2/2/15,3677.805
2/3/15,3685.046
2/4/15,3673.622
2/5/15,3664.503
2/6/15,3650.766
2/9/15,3645.793
2/10/15,3632.805
2/11/15,3609.295
2/12/15,3636.101
2/13/15,3637.332
2/18/15,3631.304
2/19/15,3639.834
2/20/15,3638.483
2/23/15,3644.645
2/24/15,3653.097
2/25/15,3652.807
2/26/15,3662.045
2/27/15,3716.97
3/2/15,3698.697
3/3/15,3700.294
3/4/15,3682.871
3/5/15,3666.49
3/6/15,3667.17
3/9/15,3627.171
3/10/15,3644.01
3/11/15,3650.599
3/12/15,3638.548
3/13/15,3657.548
3/16/15,3660.579
3/17/15,3695.938
3/18/15,3703.06
3/19/15,3661.912
3/20/15,3672.65
3/23/15,3683.136
3/24/15,3683.53
3/25/15,3683.159
3/26/15,3682.8
3/27/15,3676.398
3/30/15,3687.685
3/31/15,3706.43
4/1/15,3734.657
4/2/15,3734.605
4/6/15,3742.12
4/7/15,3743.541
4/8/15,3775.97
4/9/15,3770.019
4/10/15,3789.193
4/13/15,3786.706
4/14/15,3815.589
4/15/15,3831.182
4/16/15,3827.845
4/17/15,3818.962
4/20/15,3789.634
4/22/15,3792.371
4/23/15,3790.517
4/24/15,3790.196
4/27/15,3809.478
4/28/15,3810.141
4/29/15,3820.93
4/30/15,3796.826
5/4/15,3796.744
5/5/15,3801.379
5/6/15,3806.148
5/7/15,3806.492
5/8/15,3835.995
5/11/15,3827.084
5/12/15,3821.119
5/13/15,3827.576
5/14/15,3874.165
5/15/15,3897.7
5/18/15,3867.184
5/19/15,3863.419
5/20/15,3896.476
5/21/15,3900.526
5/22/15,3916.18
5/25/15,3904.145
5/26/15,3898.258
5/27/15,3885.25
5/28/15,3906.223
5/29/15,3894.458
6/1/15,3891.762
6/2/15,3878.773
6/3/15,3878.078
6/5/15,3875.112
6/8/15,3898.929
6/9/15,3905.437
6/10/15,3896.785
6/11/15,3894.43
6/12/15,3904.911
6/15/15,3889.574
6/16/15,3894.669
6/17/15,3906.364
6/18/15,3911.279
6/19/15,3919.787
6/22/15,3930.44
6/23/15,3931.375
6/24/15,3928.075
6/25/15,3899.79
6/26/15,3908.267
6/29/15,3888.355
6/30/15,3884.032
7/1/15,3870.584
7/2/15,3891.171
7/3/15,3898.679
7/6/15,3888.498
7/7/15,3889.346
7/8/15,3881.099
7/9/15,3883.449
7/10/15,3885.785
7/13/15,3883.652
7/14/15,3883.367
7/15/15,3891.609
7/16/15,3901.258
7/17/15,3897.713
7/20/15,3912.832
7/21/15,3926.795
7/22/15,3909.646
7/23/15,3833.082
7/24/15,3821.124
7/27/15,3824.67
7/28/15,3826.809
7/29/15,3827.383
7/30/15,3848.878
7/31/15,3855.866
8/3/15,3828.024
8/4/15,3835.449
8/5/15,3806.047
8/6/15,3755.888
8/7/15,3738.513
8/10/15,3757.4
8/11/15,3762.388
8/12/15,3781.968
8/13/15,3782.379
8/14/15,3787.466
8/17/15,3797.062
8/18/15,3817.571
8/19/15,3810.559
8/20/15,3800.72
8/21/15,3768.29
8/24/15,3745.711
8/25/15,3746.628
8/26/15,3763.349
8/27/15,3749.526
8/28/15,3760.5
8/31/15,3735.785
9/1/15,3711.412
9/2/15,3663.376
9/3/15,3672.35
9/4/15,3622.431
9/8/15,3660.186
9/9/15,3673.446
9/10/15,3648.391
9/11/15,3667.035
9/14/15,3704.723
9/15/15,3712.038
9/16/15,3720.509
9/17/15,3720.136
9/18/15,3658.676
9/21/15,3645.537
9/22/15,3639.973
9/23/15,3623.08
9/24/15,3777.72
9/25/15,3743.193
9/28/15,3646.546
9/29/15,3677.827
9/30/15,3710.204
10/1/15,3716.548
10/2/15,3771.777
10/5/15,3760.332
10/6/15,3765.503
10/7/15,3738.068
10/8/15,3758.243
10/9/15,3735.37
10/13/15,3713.913
10/14/15,3715.443
10/15/15,3744.402
10/16/15,3743.61
10/19/15,3729.016
10/20/15,3738.044
10/21/15,3741.038
10/22/15,3777.623
10/23/15,3771.805
10/26/15,3786.722
10/27/15,3808.382
10/28/15,3809.893
10/29/15,3802.596
10/30/15,3805.754
11/3/15,3841.083
11/4/15,3868.658
11/5/15,3858.301
11/6/15,3854.631
11/9/15,3862.459
11/10/15,3867.541
11/11/15,3896.393
11/12/15,3901.648
11/13/15,3904.018
11/16/15,3910.485
11/17/15,3915.187
11/18/15,3920.991
11/19/15,3944.169
11/20/15,3948.173
11/23/15,3949.524
11/24/15,3928.858
11/25/15,3895.328
11/26/15,3874.246
11/27/15,3849.997
11/30/15,3845.014
12/1/15,3856.564
12/2/15,3872.163
12/3/15,3869.227
12/4/15,3874.132
12/7/15,3875.805
12/8/15,3875.775
12/9/15,3887.185
12/10/15,3878.66
12/11/15,3877.017
12/14/15,3871.94
12/15/15,3860.953
12/16/15,3858.583
12/17/15,3872.666
12/18/15,3868.624
12/21/15,3866.608
12/22/15,3872.639
12/23/15,3885.253
12/24/15,3888.185
12/28/15,3897.375
12/29/15,3903.387
12/30/15,3900.595
12/31/15,3903.537
1/4/16,3909.808
1/5/16,3930.838
1/6/16,3943.558
1/7/16,3931.083
1/8/16,3924.073
1/11/16,3928.884
1/12/16,3934.087
1/13/16,3941.008
1/14/16,3936.834
1/15/16,3936.038
1/18/16,3944.88
1/19/16,3933.835
1/20/16,3918.634
1/21/16,3934.185
1/22/16,3939.166
1/25/16,3943.747
1/26/16,3959.001
1/27/16,3946.922
1/28/16,3967.48
1/29/16,3978.16
2/1/16,4006.062
2/2/16,3977.105
2/3/16,3992.387
2/4/16,3966.715
2/5/16,3992.78
2/10/16,4008.319
2/11/16,4007.056
2/12/16,4038.282
2/15/16,4046.516
2/16/16,4044.556
2/17/16,4047.183
2/18/16,4031.094
2/19/16,4035.863
2/22/16,4054.441
2/23/16,4055.31
2/24/16,4067.956
2/25/16,4065.346
2/26/16,4064.748
2/29/16,4068.086
3/1/16,4083.371
3/2/16,4100.046
3/3/16,4154.861
3/4/16,4192.704
3/7/16,4158.479
3/8/16,4196.053
3/9/16,4221.797
3/10/16,4240.763
3/11/16,4272.688
3/14/16,4245.359
3/15/16,4185.126
3/16/16,4187.535
3/17/16,4284.035
3/18/16,4305.22
3/21/16,4322.25
3/22/16,4366.568
3/23/16,4312.044
3/24/16,4281.807
3/28/16,4324.393
3/29/16,4338.863
3/30/16,4312.505
3/31/16,4284.146
4/1/16,4305.801
4/4/16,4271.678
4/5/16,4275.827
4/6/16,4263.657
4/7/16,4263.216
4/8/16,4303.6
4/11/16,4325.615
4/12/16,4337.15
4/13/16,4380.412
4/14/16,4379.209
4/15/16,4395.65
4/18/16,4413.516
4/19/16,4386.006
4/20/16,4373.585
4/22/16,4366.139
4/25/16,4378.084
4/26/16,4383.643
4/27/16,4415.478
4/28/16,4406.019
4/29/16,4452.353
5/2/16,4449.531
5/3/16,4447.317
5/4/16,4448.903
5/5/16,4470.744
5/6/16,4462.842
5/9/16,4450.503
5/10/16,4487.42
5/11/16,4508.527
5/12/16,4537.953
5/13/16,4545.415
5/16/16,4550.019
5/17/16,4539.772
5/18/16,4498.094
5/19/16,4516.167
5/20/16,4519.531
5/23/16,4471.482
5/24/16,4470.076
5/25/16,4462.799
5/27/16,4443.792
5/30/16,4459.206
5/31/16,4447.979
6/1/16,4460.719
6/2/16,4478.309
6/3/16,4507.68
6/6/16,4514.586
6/7/16,4507.626
6/8/16,4524.502
6/9/16,4524.887
6/10/16,4509.302
6/13/16,4520.595
6/14/16,4527.569
6/15/16,4527.698
6/16/16,4524.338
6/17/16,4525.44
6/20/16,4525.592
6/21/16,4529.574
6/22/16,4527.839
6/23/16,4548.149
6/24/16,4548.78
6/27/16,4575.705
6/28/16,4566.089
6/29/16,4535.962
6/30/16,4533.792
7/1/16,4548.065
7/4/16,4544.012
7/5/16,4529.796
7/6/16,4528.408
7/7/16,4528.202
7/8/16,4552.893
7/11/16,4562.469
7/12/16,4569.331
7/13/16,4586.166
7/14/16,4605.291
7/15/16,4625.046
7/18/16,4633.506
7/19/16,4619.388
7/20/16,4626.664
7/21/16,4617.035
7/22/16,4607.223
7/25/16,4606.583
7/26/16,4620.663
7/27/16,4634.02
7/28/16,4646.513
7/29/16,4647.474
8/1/16,4657.313
8/2/16,4654.12
8/3/16,4661.262
8/4/16,4674.256
8/5/16,4692.136
8/8/16,4686.666
8/9/16,4705.167
8/10/16,4715.233
8/11/16,4731.255
8/12/16,4734.085
8/15/16,4731.443
8/16/16,4725.505
8/17/16,4731.152
8/18/16,4727.834
8/19/16,4734.162
8/22/16,4729.378
8/23/16,4723.976
8/24/16,4708.27
8/25/16,4703.879
8/26/16,4679.016
8/29/16,4696.927
8/30/16,4680.888
8/31/16,4688.673
9/1/16,4700.947
9/2/16,4715.127
9/5/16,4712.675
9/6/16,4717.357
9/8/16,4708.638
9/9/16,4681.795
9/12/16,4694.004
9/13/16,4662.321
9/14/16,4661.855
9/15/16,4661.891
9/16/16,4663.894
9/19/16,4667.458
9/20/16,4664.946