Date,IMAS
1/3/05,959.083
1/4/05,959.8
1/5/05,960.471
1/6/05,961.13
1/7/05,961.803
1/10/05,962.444
1/11/05,963.098
1/12/05,963.749
1/13/05,964.399
1/14/05,965.048
1/17/05,965.692
1/18/05,966.326
1/19/05,966.968
1/20/05,967.604
1/21/05,968.263
1/24/05,968.898
1/25/05,969.542
1/26/05,970.194
1/27/05,970.84
1/28/05,971.5
1/31/05,972.162
2/1/05,972.82
2/2/05,973.476
2/3/05,974.137
2/4/05,974.793
2/9/05,975.444
2/10/05,976.106
2/11/05,976.776
2/14/05,977.416
2/15/05,978.067
2/16/05,978.767
2/17/05,979.435
2/18/05,980.179
2/21/05,980.882
2/22/05,981.605
2/23/05,982.301
2/24/05,983.003
2/25/05,983.71
2/28/05,984.412
3/1/05,985.101
3/2/05,985.8
3/3/05,986.502
3/4/05,987.205
3/7/05,987.901
3/8/05,988.592
3/9/05,989.291
3/10/05,989.971
3/11/05,990.665
3/14/05,991.351
3/15/05,992.073
3/16/05,992.783
3/17/05,993.516
3/18/05,994.243
3/21/05,994.974
3/22/05,995.709
3/23/05,996.425
3/24/05,997.144
3/28/05,997.859
3/29/05,998.581
3/30/05,999.297
3/31/05,1000
4/1/05,1000.733
4/4/05,1001.437
4/5/05,1002.15
4/6/05,1002.858
4/7/05,1003.574
4/8/05,1004.294
4/11/05,1005.006
4/12/05,1005.725
4/13/05,1006.438
4/14/05,1007.155
4/15/05,1007.874
4/18/05,1008.582
4/19/05,1009.297
4/20/05,1010.001
4/22/05,1010.718
4/25/05,1011.448
4/26/05,1012.172
4/27/05,1012.889
4/28/05,1013.612
4/29/05,1014.338
5/2/05,1015.065
5/3/05,1015.782
5/4/05,1016.516
5/5/05,1017.236
5/6/05,1017.967
5/9/05,1018.699
5/10/05,1019.433
5/11/05,1020.168
5/12/05,1020.903
5/13/05,1021.637
5/16/05,1022.361
5/17/05,1023.099
5/18/05,1023.833
5/19/05,1024.578
5/20/05,1025.318
5/23/05,1026.06
5/24/05,1026.802
5/25/05,1027.54
5/27/05,1028.284
5/30/05,1029.024
5/31/05,1029.769
6/1/05,1030.524
6/2/05,1031.277
6/3/05,1032.032
6/6/05,1032.778
6/7/05,1033.524
6/8/05,1034.287
6/9/05,1035.017
6/10/05,1035.755
6/13/05,1036.516
6/14/05,1037.273
6/15/05,1038.044
6/16/05,1038.802
6/17/05,1039.577
6/20/05,1040.322
6/21/05,1041.072
6/22/05,1041.843
6/23/05,1042.592
6/24/05,1043.36
6/27/05,1044.12
6/28/05,1044.878
6/29/05,1045.677
6/30/05,1046.442
7/1/05,1047.204
7/4/05,1047.971
7/5/05,1048.751
7/6/05,1049.519
7/7/05,1050.307
7/8/05,1051.078
7/11/05,1051.856
7/12/05,1052.621
7/13/05,1053.394
7/14/05,1054.165
7/15/05,1054.93
7/18/05,1055.693
7/19/05,1056.472
7/20/05,1057.234
7/21/05,1057.985
7/22/05,1058.735
7/25/05,1059.495
7/26/05,1060.24
7/27/05,1060.982
7/28/05,1061.717
7/29/05,1062.457
8/1/05,1063.193
8/2/05,1063.946
8/3/05,1064.691
8/4/05,1065.454
8/5/05,1066.215
8/8/05,1066.973
8/9/05,1067.735
8/10/05,1068.503
8/11/05,1069.258
8/12/05,1070.005
8/15/05,1070.771
8/16/05,1071.541
8/17/05,1072.309
8/18/05,1073.071
8/19/05,1073.826
8/22/05,1074.585
8/23/05,1075.321
8/24/05,1076.094
8/25/05,1076.865
8/26/05,1077.655
8/29/05,1078.427
8/30/05,1079.204
8/31/05,1079.972
9/1/05,1080.757
9/2/05,1081.541
9/5/05,1082.318
9/6/05,1083.104
9/8/05,1083.886
9/9/05,1084.663
9/12/05,1085.486
9/13/05,1086.313
9/14/05,1087.09
9/15/05,1087.926
9/16/05,1088.711
9/19/05,1089.487
9/20/05,1090.258
9/21/05,1091.05
9/22/05,1091.828
9/23/05,1092.631
9/26/05,1093.426
9/27/05,1094.221
9/28/05,1095.003
9/29/05,1095.807
9/30/05,1096.616
10/3/05,1097.417
10/4/05,1098.216
10/5/05,1099.004
10/6/05,1099.789
10/7/05,1100.582
10/10/05,1101.371
10/11/05,1102.163
10/13/05,1102.959
10/14/05,1103.767
10/17/05,1104.566
10/18/05,1105.363
10/19/05,1106.164
10/20/05,1106.934
10/21/05,1107.72
10/24/05,1108.487
10/25/05,1109.247
10/26/05,1110.021
10/27/05,1110.81
10/28/05,1111.587
10/31/05,1112.379
11/1/05,1113.186
11/3/05,1114.053
11/4/05,1114.848
11/7/05,1115.665
11/8/05,1116.553
11/9/05,1117.46
11/10/05,1118.288
11/11/05,1119.105
11/14/05,1119.912
11/16/05,1120.737
11/17/05,1121.601
11/18/05,1122.445
11/21/05,1123.275
11/22/05,1124.148
11/23/05,1124.962
11/24/05,1125.822
11/25/05,1126.652
11/28/05,1127.517
11/29/05,1128.357
11/30/05,1129.24
12/1/05,1130.252
12/2/05,1131.24
12/5/05,1132.108
12/6/05,1132.967
12/7/05,1133.851
12/8/05,1134.692
12/9/05,1135.514
12/12/05,1136.327
12/13/05,1137.166
12/14/05,1137.961
12/15/05,1138.744
12/16/05,1139.511
12/19/05,1140.265
12/20/05,1141.04
12/21/05,1141.833
12/22/05,1142.62
12/23/05,1143.385
12/26/05,1144.151
12/27/05,1144.916
12/28/05,1145.687
12/29/05,1146.448
12/30/05,1147.204
1/2/06,1147.989
1/3/06,1148.767
1/4/06,1149.543
1/5/06,1150.309
1/6/06,1151.081
1/9/06,1151.85
1/10/06,1152.618
1/11/06,1153.395
1/12/06,1154.18
1/13/06,1154.944
1/16/06,1155.733
1/17/06,1156.548
1/18/06,1157.402
1/19/06,1158.296
1/20/06,1159.082
1/23/06,1159.888
1/24/06,1160.677
1/25/06,1161.418
1/26/06,1162.196
1/27/06,1162.975
1/30/06,1163.749
1/31/06,1164.499
2/1/06,1165.253
2/2/06,1166.044
2/3/06,1166.827
2/6/06,1167.596
2/7/06,1168.402
2/8/06,1169.17
2/9/06,1169.94
2/10/06,1170.703
2/13/06,1171.473
2/14/06,1172.23
2/15/06,1173.013
2/16/06,1173.782
2/17/06,1174.541
2/20/06,1175.298
2/21/06,1176.068
2/22/06,1176.831
2/23/06,1177.585
2/24/06,1178.343
3/1/06,1179.088
3/2/06,1179.855
3/3/06,1180.62
3/6/06,1181.386
3/7/06,1182.145
3/8/06,1182.901
3/9/06,1183.655
3/10/06,1184.374
3/13/06,1185.098
3/14/06,1185.824
3/15/06,1186.547
3/16/06,1187.27
3/17/06,1187.994
3/20/06,1188.728
3/21/06,1189.451
3/22/06,1190.172
3/23/06,1190.894
3/24/06,1191.622
3/27/06,1192.345
3/28/06,1193.072
3/29/06,1193.8
3/30/06,1194.518
3/31/06,1195.247
4/3/06,1195.976
4/4/06,1196.699
4/5/06,1197.422
4/6/06,1198.143
4/7/06,1198.871
4/10/06,1199.588
4/11/06,1200.309
4/12/06,1201.032
4/13/06,1201.76
4/17/06,1202.491
4/18/06,1203.222
4/19/06,1203.953
4/20/06,1204.68
4/24/06,1205.377
4/25/06,1206.073
4/26/06,1206.774
4/27/06,1207.474
4/28/06,1208.169
5/2/06,1208.866
5/3/06,1209.566
5/4/06,1210.266
5/5/06,1210.97
5/8/06,1211.672
5/9/06,1212.376
5/10/06,1213.081
5/11/06,1213.786
5/12/06,1214.489
5/15/06,1215.192
5/16/06,1215.898
5/17/06,1216.604
5/18/06,1217.305
5/19/06,1218.006
5/22/06,1218.709
5/23/06,1219.414
5/24/06,1220.117
5/25/06,1220.822
5/26/06,1221.527
5/29/06,1222.233
5/30/06,1222.939
5/31/06,1223.645
6/1/06,1224.354
6/2/06,1225.038
6/5/06,1225.727
6/6/06,1226.418
6/7/06,1227.108
6/8/06,1227.796
6/9/06,1228.481
6/12/06,1229.172
6/13/06,1229.862
6/14/06,1230.554
6/16/06,1231.246
6/19/06,1231.938
6/20/06,1232.63
6/21/06,1233.321
6/22/06,1234.013
6/23/06,1234.705
6/26/06,1235.398
6/27/06,1236.093
6/28/06,1236.787
6/29/06,1237.481
6/30/06,1238.175
7/3/06,1238.87
7/4/06,1239.563
7/5/06,1240.257
7/6/06,1240.95
7/7/06,1241.649
7/10/06,1242.348
7/11/06,1243.043
7/12/06,1243.738
7/13/06,1244.431
7/14/06,1245.127
7/17/06,1245.824
7/18/06,1246.519
7/19/06,1247.219
7/20/06,1247.916
7/21/06,1248.593
7/24/06,1249.272
7/25/06,1249.95
7/26/06,1250.627
7/27/06,1251.309
7/28/06,1251.988
7/31/06,1252.668
8/1/06,1253.349
8/2/06,1254.029
8/3/06,1254.71
8/4/06,1255.392
8/7/06,1256.073
8/8/06,1256.755
8/9/06,1257.438
8/10/06,1258.12
8/11/06,1258.802
8/14/06,1259.486
8/15/06,1260.171
8/16/06,1260.854
8/17/06,1261.54
8/18/06,1262.225
8/21/06,1262.914
8/22/06,1263.602
8/23/06,1264.286
8/24/06,1264.972
8/25/06,1265.658
8/28/06,1266.346
8/29/06,1267.035
8/30/06,1267.722
8/31/06,1268.41
9/1/06,1269.076
9/4/06,1269.744
9/5/06,1270.41
9/6/06,1271.079
9/8/06,1271.748
9/11/06,1272.417
9/12/06,1273.088
9/13/06,1273.757
9/14/06,1274.428
9/15/06,1275.099
9/18/06,1275.77
9/19/06,1276.44
9/20/06,1277.11
9/21/06,1277.781
9/22/06,1278.454
9/25/06,1279.125
9/26/06,1279.797
9/27/06,1280.469
9/28/06,1281.141
9/29/06,1281.814
10/2/06,1282.487
10/3/06,1283.16
10/4/06,1283.834
10/5/06,1284.509
10/6/06,1285.184
10/9/06,1285.86
10/10/06,1286.535
10/11/06,1287.211
10/13/06,1287.891
10/16/06,1288.568
10/17/06,1289.246
10/18/06,1289.924
10/19/06,1290.601
10/20/06,1291.256
10/23/06,1291.911
10/24/06,1292.567
10/25/06,1293.225
10/26/06,1293.881
10/27/06,1294.538
10/30/06,1295.196
10/31/06,1295.854
11/1/06,1296.514
11/3/06,1297.173
11/6/06,1297.832
11/7/06,1298.494
11/8/06,1299.155
11/9/06,1299.817
11/10/06,1300.478
11/13/06,1301.139
11/14/06,1301.799
11/16/06,1302.461
11/17/06,1303.123
11/20/06,1303.785
11/21/06,1304.446
11/22/06,1305.108
11/23/06,1305.769
11/24/06,1306.431
11/27/06,1307.095
11/28/06,1307.759
11/29/06,1308.423
11/30/06,1309.089
12/1/06,1309.732
12/4/06,1310.376
12/5/06,1311.02
12/6/06,1311.664
12/7/06,1312.309
12/8/06,1312.952
12/11/06,1313.598
12/12/06,1314.243
12/13/06,1314.889
12/14/06,1315.535
12/15/06,1316.181
12/18/06,1316.828
12/19/06,1317.475
12/20/06,1318.123
12/21/06,1318.773
12/22/06,1319.421
12/26/06,1320.07
12/27/06,1320.719
12/28/06,1321.368
12/29/06,1322.017
1/2/07,1322.667
1/3/07,1323.317
1/4/07,1323.968
1/5/07,1324.618
1/8/07,1325.27
1/9/07,1325.924
1/10/07,1326.577
1/11/07,1327.229
1/12/07,1327.881
1/15/07,1328.534
1/16/07,1329.186
1/17/07,1329.84
1/18/07,1330.494
1/19/07,1331.148
1/22/07,1331.803
1/23/07,1332.457
1/24/07,1333.112
1/25/07,1333.767
1/26/07,1334.413
1/29/07,1335.059
1/30/07,1335.705
1/31/07,1336.351
2/1/07,1336.996
2/2/07,1337.641
2/5/07,1338.286
2/6/07,1338.931
2/7/07,1339.577
2/8/07,1340.223
2/9/07,1340.869
2/12/07,1341.516
2/13/07,1342.163
2/14/07,1342.811
2/15/07,1343.458
2/16/07,1344.106
2/21/07,1344.755
2/22/07,1345.403
2/23/07,1346.053
2/26/07,1346.702
2/27/07,1347.353
2/28/07,1348.002
3/1/07,1348.653
3/2/07,1349.303
3/5/07,1349.955
3/6/07,1350.607
3/7/07,1351.258
3/8/07,1351.91
3/9/07,1352.551
3/12/07,1353.192
3/13/07,1353.833
3/14/07,1354.474
3/15/07,1355.115
3/16/07,1355.758
3/19/07,1356.401
3/20/07,1357.044
3/21/07,1357.688
3/22/07,1358.331
3/23/07,1358.976
3/26/07,1359.62
3/27/07,1360.267
3/28/07,1360.914
3/29/07,1361.559
3/30/07,1362.208
4/2/07,1362.855
4/3/07,1363.503
4/4/07,1364.15
4/5/07,1364.796
4/9/07,1365.44
4/10/07,1366.088
4/11/07,1366.734
4/12/07,1367.382
4/13/07,1368.028
4/16/07,1368.675
4/17/07,1369.322
4/18/07,1369.97
4/19/07,1370.619
4/20/07,1371.256
4/23/07,1371.893
4/24/07,1372.531
4/25/07,1373.168
4/26/07,1373.806
4/27/07,1374.444
4/30/07,1375.082
5/2/07,1375.722
5/3/07,1376.362
5/4/07,1377.001
5/7/07,1377.641
5/8/07,1378.281
5/9/07,1378.923
5/10/07,1379.564
5/11/07,1380.205
5/14/07,1380.848
5/15/07,1381.494
5/16/07,1382.137
5/17/07,1382.783
5/18/07,1383.427
5/21/07,1384.074
5/22/07,1384.719
5/23/07,1385.373
5/24/07,1386.015
5/25/07,1386.662
5/28/07,1387.307
5/29/07,1387.952
5/30/07,1388.599
5/31/07,1389.245
6/1/07,1389.891
6/4/07,1390.539
6/5/07,1391.186
6/6/07,1391.831
6/8/07,1392.476
6/11/07,1393.099
6/12/07,1393.72
6/13/07,1394.344
6/14/07,1394.966
6/15/07,1395.589
6/18/07,1396.212
6/19/07,1396.837
6/20/07,1397.46
6/21/07,1398.087
6/22/07,1398.712
6/25/07,1399.337
6/26/07,1399.963
6/27/07,1400.591
6/28/07,1401.217
6/29/07,1401.844
7/2/07,1402.469
7/3/07,1403.097
7/4/07,1403.722
7/5/07,1404.349
7/6/07,1404.978
7/9/07,1405.606
7/10/07,1406.237
7/11/07,1406.866
7/12/07,1407.495
7/13/07,1408.124
7/16/07,1408.754
7/17/07,1409.383
7/18/07,1410.012
7/19/07,1410.641
7/20/07,1411.244
7/23/07,1411.849
7/24/07,1412.461
7/25/07,1413.066
7/26/07,1413.674
7/27/07,1414.28
7/30/07,1414.888
7/31/07,1415.499
8/1/07,1416.108
8/2/07,1416.714
8/3/07,1417.318
8/6/07,1417.925
8/7/07,1418.532
8/8/07,1419.141
8/9/07,1419.748
8/10/07,1420.359
8/13/07,1420.977
8/14/07,1421.584
8/15/07,1422.194
8/16/07,1422.802
8/17/07,1423.407
8/20/07,1424.013
8/21/07,1424.62
8/22/07,1425.23
8/23/07,1425.838
8/24/07,1426.449
8/27/07,1427.06
8/28/07,1427.671
8/29/07,1428.282
8/30/07,1428.892
8/31/07,1429.51
9/3/07,1430.125
9/4/07,1430.743
9/5/07,1431.359
9/6/07,1431.976
9/10/07,1432.631
9/11/07,1433.23
9/12/07,1433.839
9/13/07,1434.434
9/14/07,1435.002
9/17/07,1435.608
9/18/07,1436.212
9/19/07,1436.81
9/20/07,1437.412
9/21/07,1438.015
9/24/07,1438.622
9/25/07,1439.224
9/26/07,1439.826
9/27/07,1440.476
9/28/07,1441.087
10/1/07,1441.721
10/2/07,1442.349
10/3/07,1442.969
10/4/07,1443.588
10/5/07,1444.197
10/8/07,1444.804
10/9/07,1445.412
10/10/07,1446.08
10/11/07,1446.766
10/15/07,1447.37
10/16/07,1448.024
10/17/07,1448.636
10/18/07,1449.248
10/19/07,1449.855
10/22/07,1450.458
10/23/07,1451.063
10/24/07,1451.669
10/25/07,1452.276
10/26/07,1452.885
10/29/07,1453.493
10/30/07,1454.102
10/31/07,1454.708
11/1/07,1455.316
11/5/07,1455.924
11/6/07,1456.533
11/7/07,1457.141
11/8/07,1457.751
11/9/07,1458.362
11/12/07,1458.973
11/13/07,1459.586
11/14/07,1460.198
11/16/07,1460.811
11/19/07,1461.425
11/20/07,1462.039
11/21/07,1462.654
11/22/07,1463.266
11/23/07,1463.882
11/26/07,1464.496
11/27/07,1465.113
11/28/07,1465.73
11/29/07,1466.346
11/30/07,1466.964
12/3/07,1467.582
12/4/07,1468.199
12/5/07,1468.817
12/6/07,1469.433
12/7/07,1470.052
12/10/07,1470.669
12/11/07,1471.288
12/12/07,1471.907
12/13/07,1472.538
12/14/07,1473.167
12/17/07,1473.79
12/18/07,1474.41
12/19/07,1475.055
12/20/07,1475.685
12/21/07,1476.313
12/24/07,1476.933
12/26/07,1477.567
12/27/07,1478.205
12/28/07,1478.848
12/31/07,1479.469
1/2/08,1480.099
1/3/08,1480.725
1/4/08,1481.356
1/7/08,1482.038
1/8/08,1482.703
1/9/08,1483.379
1/10/08,1484.048
1/11/08,1484.691
1/14/08,1485.34
1/15/08,1485.981
1/16/08,1486.626
1/17/08,1487.269
1/18/08,1487.917
1/21/08,1488.558
1/22/08,1489.193
1/23/08,1489.827
1/24/08,1490.435
1/25/08,1491.06
1/28/08,1491.693
1/29/08,1492.312
1/30/08,1492.953
1/31/08,1493.581
2/1/08,1494.199
2/6/08,1494.825
2/7/08,1495.464
2/8/08,1496.108
2/11/08,1496.773
2/12/08,1497.408
2/13/08,1498.055
2/14/08,1498.691
2/15/08,1499.339
2/18/08,1499.979
2/19/08,1500.611
2/20/08,1501.26
2/21/08,1501.91
2/22/08,1502.545
2/25/08,1503.189
2/26/08,1503.83
2/27/08,1504.473
2/28/08,1505.126
2/29/08,1505.771
3/3/08,1506.417
3/4/08,1507.052
3/5/08,1507.691
3/6/08,1508.328
3/7/08,1508.972
3/10/08,1509.61
3/11/08,1510.255
3/12/08,1510.897
3/13/08,1511.537
3/14/08,1512.172
3/17/08,1512.805
3/18/08,1513.446
3/19/08,1514.087
3/20/08,1514.734
3/24/08,1515.366
3/25/08,1516.016
3/26/08,1516.671
3/27/08,1517.317
3/28/08,1517.974
3/31/08,1518.62
4/1/08,1519.259
4/2/08,1519.902
4/3/08,1520.539
4/4/08,1521.176
4/7/08,1521.819
4/8/08,1522.455
4/9/08,1523.098
4/10/08,1523.75
4/11/08,1524.39
4/14/08,1525.021
4/15/08,1525.673
4/16/08,1526.323
4/17/08,1526.968
4/18/08,1527.641
4/22/08,1528.313
4/23/08,1528.981
4/24/08,1529.65
4/25/08,1530.309
4/28/08,1530.978
4/29/08,1531.644
4/30/08,1532.304
5/2/08,1532.948
5/5/08,1533.623
5/6/08,1534.293
5/7/08,1534.957
5/8/08,1535.626
5/9/08,1536.293
5/12/08,1536.972
5/13/08,1537.641
5/14/08,1538.307
5/15/08,1538.973
5/16/08,1539.643
5/19/08,1540.32
5/20/08,1540.998
5/21/08,1541.671
5/23/08,1542.345
5/26/08,1543.013
5/27/08,1543.701
5/28/08,1544.372
5/29/08,1545.043
5/30/08,1545.717
6/2/08,1546.394
6/3/08,1547.065
6/4/08,1547.736
6/5/08,1548.412
6/6/08,1549.109
6/9/08,1549.807
6/10/08,1550.513
6/11/08,1551.222
6/12/08,1551.924
6/13/08,1552.63
6/16/08,1553.33
6/17/08,1554.032
6/18/08,1554.737
6/19/08,1555.451
6/20/08,1556.158
6/23/08,1556.859
6/24/08,1557.566
6/25/08,1558.276
6/26/08,1558.994
6/27/08,1559.711
6/30/08,1560.426
7/1/08,1561.15
7/2/08,1561.873
7/3/08,1562.591
7/4/08,1563.307
7/7/08,1564.018
7/8/08,1564.732
7/9/08,1565.443
7/10/08,1566.153
7/11/08,1566.871
7/14/08,1567.58
7/15/08,1568.297
7/16/08,1569.016
7/17/08,1569.724
7/18/08,1570.427
7/21/08,1571.146
7/22/08,1571.857
7/23/08,1572.573
7/24/08,1573.29
7/25/08,1574.049
7/28/08,1574.809
7/29/08,1575.563
7/30/08,1576.323
7/31/08,1577.084
8/1/08,1577.845
8/4/08,1578.607
8/5/08,1579.361
8/6/08,1580.122
8/7/08,1580.881
8/8/08,1581.636
8/11/08,1582.402
8/12/08,1583.166
8/13/08,1583.925
8/14/08,1584.688
8/15/08,1585.455
8/18/08,1586.219
8/19/08,1586.983
8/20/08,1587.74
8/21/08,1588.51
8/22/08,1589.272
8/25/08,1590.035
8/26/08,1590.792
8/27/08,1591.542
8/28/08,1592.297
8/29/08,1593.052
9/1/08,1593.81
9/2/08,1594.57
9/3/08,1595.329
9/4/08,1596.066
9/5/08,1596.82
9/8/08,1597.573
9/9/08,1598.319
9/10/08,1599.054
9/11/08,1599.751
9/12/08,1600.519
9/15/08,1601.299
9/16/08,1602.077
9/17/08,1602.797
9/18/08,1603.493
9/19/08,1604.249
9/22/08,1605.005
9/23/08,1605.767
9/24/08,1606.53
9/25/08,1607.294
9/26/08,1608.079
9/29/08,1608.863
9/30/08,1609.645
10/1/08,1610.424
10/2/08,1611.204
10/3/08,1611.994
10/6/08,1612.785
10/7/08,1613.578
10/8/08,1614.378
10/9/08,1615.182
10/10/08,1615.986
10/13/08,1616.787
10/14/08,1617.591
10/15/08,1618.395
10/16/08,1619.186
10/17/08,1619.996
10/20/08,1620.795
10/21/08,1621.602
10/22/08,1622.414
10/23/08,1623.215
10/24/08,1624.01
10/27/08,1624.812
10/28/08,1625.606
10/29/08,1626.411
10/30/08,1627.227
10/31/08,1628.032
11/3/08,1628.841
11/4/08,1629.649
11/5/08,1630.437
11/6/08,1631.201
11/7/08,1631.989
11/10/08,1632.773
11/11/08,1633.592
11/12/08,1634.402
11/13/08,1635.22
11/14/08,1636.046
11/17/08,1636.867
11/18/08,1637.692
11/19/08,1638.518
11/20/08,1639.35
11/21/08,1640.19
11/24/08,1641.023
11/25/08,1641.843
11/26/08,1642.675
11/27/08,1643.498
11/28/08,1644.338
12/1/08,1645.183
12/2/08,1646.025
12/3/08,1646.867
12/4/08,1647.713
12/5/08,1648.554
12/8/08,1649.395
12/9/08,1650.229
12/10/08,1651.072
12/11/08,1651.913
12/12/08,1652.759
12/15/08,1653.602
12/16/08,1654.441
12/17/08,1655.281
12/18/08,1656.123
12/19/08,1656.963
12/22/08,1657.803
12/23/08,1658.65
12/24/08,1659.493
12/26/08,1660.342
12/29/08,1661.192
12/30/08,1662.039
12/31/08,1662.884
1/2/09,1663.732
1/5/09,1664.571
1/6/09,1665.418
1/7/09,1666.274
1/8/09,1667.181
1/9/09,1668.04
1/12/09,1668.903
1/13/09,1669.773
1/14/09,1670.65
1/15/09,1671.515
1/16/09,1672.373
1/19/09,1673.241
1/20/09,1674.1
1/21/09,1674.971
1/22/09,1675.83
1/23/09,1676.623
1/26/09,1677.417
1/27/09,1678.207
1/28/09,1678.998
1/29/09,1679.801
1/30/09,1680.6
2/2/09,1681.393
2/3/09,1682.187
2/4/09,1682.986
2/5/09,1683.791
2/6/09,1684.58
2/9/09,1685.38
2/10/09,1686.172
2/11/09,1686.971
2/12/09,1687.77
2/13/09,1688.564
2/16/09,1689.364
2/17/09,1690.16
2/18/09,1690.959
2/19/09,1691.759
2/20/09,1692.563
2/25/09,1693.362
2/26/09,1694.159
2/27/09,1694.959
3/2/09,1695.757
3/3/09,1696.559
3/4/09,1697.361
3/5/09,1698.16
3/6/09,1698.966
3/9/09,1699.77
3/10/09,1700.572
3/11/09,1701.377
3/12/09,1702.183
3/13/09,1702.9
3/16/09,1703.615
3/17/09,1704.333
3/18/09,1705.048
3/19/09,1705.763
3/20/09,1706.48
3/23/09,1707.196
3/24/09,1707.913
3/25/09,1708.629
3/26/09,1709.345
3/27/09,1710.061
3/30/09,1710.775
3/31/09,1711.492
4/1/09,1712.209
4/2/09,1712.927
4/3/09,1713.646
4/6/09,1714.367
4/7/09,1715.087
4/8/09,1715.808
4/9/09,1716.526
4/13/09,1717.249
4/14/09,1717.969
4/15/09,1718.691
4/16/09,1719.412
4/17/09,1720.133
4/20/09,1720.85
4/22/09,1721.571
4/23/09,1722.295
4/24/09,1723.018
4/27/09,1723.74
4/28/09,1724.463
4/29/09,1725.186
4/30/09,1725.91
5/4/09,1726.571
5/5/09,1727.235
5/6/09,1727.899
5/7/09,1728.563
5/8/09,1729.227
5/11/09,1729.89
5/12/09,1730.553
5/13/09,1731.217
5/14/09,1731.88
5/15/09,1732.544
5/18/09,1733.209
5/19/09,1733.875
5/20/09,1734.54
5/21/09,1735.206
5/22/09,1735.872
5/25/09,1736.54
5/26/09,1737.206
5/27/09,1737.872
5/28/09,1738.539
5/29/09,1739.206
6/1/09,1739.875
6/2/09,1740.542
6/3/09,1741.21
6/4/09,1741.879
6/5/09,1742.547
6/8/09,1743.215
6/9/09,1743.885
6/10/09,1744.555
6/12/09,1745.224
6/15/09,1745.832
6/16/09,1746.44
6/17/09,1747.049
6/18/09,1747.656
6/19/09,1748.264
6/22/09,1748.871
6/23/09,1749.48
6/24/09,1750.089
6/25/09,1750.697
6/26/09,1751.307
6/29/09,1751.916
6/30/09,1752.525
7/1/09,1753.135
7/2/09,1753.743
7/3/09,1754.352
7/6/09,1754.962
7/7/09,1755.572
7/8/09,1756.183
7/9/09,1756.794
7/10/09,1757.403
7/13/09,1758.015
7/14/09,1758.626
7/15/09,1759.237
7/16/09,1759.849
7/17/09,1760.461
7/20/09,1761.073
7/21/09,1761.686
7/22/09,1762.297
7/23/09,1762.91
7/24/09,1763.49
7/27/09,1764.072
7/28/09,1764.653
7/29/09,1765.233
7/30/09,1765.816
7/31/09,1766.396
8/3/09,1766.978
8/4/09,1767.559
8/5/09,1768.141
8/6/09,1768.723
8/7/09,1769.305
8/10/09,1769.887
8/11/09,1770.47
8/12/09,1771.053
8/13/09,1771.636
8/14/09,1772.219
8/17/09,1772.802
8/18/09,1773.385
8/19/09,1773.97
8/20/09,1774.552
8/21/09,1775.137
8/24/09,1775.721
8/25/09,1776.305
8/26/09,1776.89
8/27/09,1777.475
8/28/09,1778.06
8/31/09,1778.645
9/1/09,1779.23
9/2/09,1779.816
9/3/09,1780.4
9/4/09,1780.986
9/8/09,1781.571
9/9/09,1782.157
9/10/09,1782.743
9/11/09,1783.33
9/14/09,1783.917
9/15/09,1784.504
9/16/09,1785.092
9/17/09,1785.681
9/18/09,1786.268
9/21/09,1786.859
9/22/09,1787.445
9/23/09,1788.034
9/24/09,1788.622
9/25/09,1789.209
9/28/09,1789.798
9/29/09,1790.387
9/30/09,1790.976
10/1/09,1791.566
10/2/09,1792.155
10/5/09,1792.745
10/6/09,1793.335
10/7/09,1793.925
10/8/09,1794.516
10/9/09,1795.107
10/13/09,1795.697
10/14/09,1796.288
10/15/09,1796.88
10/16/09,1797.471
10/19/09,1798.063
10/20/09,1798.654
10/21/09,1799.247
10/22/09,1799.84
10/23/09,1800.433
10/26/09,1801.025
10/27/09,1801.618
10/28/09,1802.212
10/29/09,1802.805
10/30/09,1803.399
11/3/09,1803.992
11/4/09,1804.586
11/5/09,1805.18
11/6/09,1805.774
11/9/09,1806.368
11/10/09,1806.963
11/11/09,1807.557
11/12/09,1808.152
11/13/09,1808.748
11/16/09,1809.343
11/17/09,1809.939
11/18/09,1810.536
11/19/09,1811.131
11/20/09,1811.727
11/23/09,1812.323
11/24/09,1812.92
11/25/09,1813.516
11/26/09,1814.113
11/27/09,1814.711
11/30/09,1815.31
12/1/09,1815.905
12/2/09,1816.503
12/3/09,1817.101
12/4/09,1817.699
12/7/09,1818.298
12/8/09,1818.896
12/9/09,1819.495
12/10/09,1820.094
12/11/09,1820.693
12/14/09,1821.292
12/15/09,1821.892
12/16/09,1822.496
12/17/09,1823.096
12/18/09,1823.695
12/21/09,1824.296
12/22/09,1824.895
12/23/09,1825.498
12/24/09,1826.099
12/28/09,1826.699
12/29/09,1827.301
12/30/09,1827.904
12/31/09,1828.505
1/4/10,1829.107
1/5/10,1829.708
1/6/10,1830.311
1/7/10,1830.914
1/8/10,1831.516
1/11/10,1832
1/12/10,1832
1/13/10,1833.324
1/14/10,1833.93
1/15/10,1834.53
1/18/10,1835.14
1/19/10,1835.74
1/20/10,1836.35
1/21/10,1836.95
1/22/10,1837.56
1/25/10,1838.16
1/26/10,1838.766
1/27/10,1839.372
1/28/10,1839.977
1/29/10,1840.584
2/1/10,1841.189
2/2/10,1841.796
2/3/10,1842.4
2/4/10,1843.008
2/5/10,1843.615
2/8/10,1844.221
2/9/10,1844.828
2/10/10,1845.436
2/11/10,1846.042
2/12/10,1846.649
2/17/10,1847.257
2/18/10,1847.865
2/19/10,1848.474
2/22/10,1849.082
2/23/10,1849.691
2/24/10,1850.299
2/25/10,1850.908
2/26/10,1851.517
3/1/10,1852.127
3/2/10,1852.736
3/3/10,1853.345
3/4/10,1853.956
3/5/10,1854.566
3/8/10,1855.176
3/9/10,1855.786
3/10/10,1856.398
3/11/10,1857.008
3/12/10,1857.621
3/15/10,1858.232
3/16/10,1858.843
3/17/10,1859.457
3/18/10,1860.069
3/19/10,1860.681
3/22/10,1861.294
3/23/10,1861.906
3/24/10,1862.519
3/25/10,1863.132
3/26/10,1863.746
3/29/10,1864.359
3/30/10,1864.973
3/31/10,1865.587
4/1/10,1866.2
4/5/10,1866.815
4/6/10,1867.429
4/7/10,1868.044
4/8/10,1868.659
4/9/10,1869.275
4/12/10,1869.89
4/13/10,1870.505
4/14/10,1871.121
4/15/10,1871.737
4/16/10,1872.354
4/19/10,1872.97
4/20/10,1873.587
4/22/10,1874.203
4/23/10,1874.82
4/26/10,1875.437
4/27/10,1876.053
4/28/10,1876.67
4/29/10,1877.288
4/30/10,1877.956
5/3/10,1878.626
5/4/10,1879.296
5/5/10,1879.965
5/6/10,1880.64
5/7/10,1881.31
5/10/10,1881.977
5/11/10,1882.648
5/12/10,1883.319
5/13/10,1883.991
5/14/10,1884.663
5/17/10,1885.334
5/18/10,1886.007
5/19/10,1886.679
5/20/10,1887.352
5/21/10,1888.024
5/24/10,1888.698
5/25/10,1889.37
5/26/10,1890.044
5/27/10,1890.718
5/28/10,1891.392
5/31/10,1892.065
6/1/10,1892.739
6/2/10,1893.414
6/4/10,1894.089
6/7/10,1894.766
6/8/10,1895.442
6/9/10,1896.118
6/10/10,1896.793
6/11/10,1897.521
6/14/10,1898.249
6/15/10,1898.978
6/16/10,1899.706
6/17/10,1900.435
6/18/10,1901.163
6/21/10,1901.893
6/22/10,1902.622
6/23/10,1903.352
6/24/10,1904.083
6/25/10,1904.813
6/28/10,1905.544
6/29/10,1906.276
6/30/10,1907.008
7/1/10,1907.74
7/2/10,1908.473
7/5/10,1909.206
7/6/10,1909.939
7/7/10,1910.672
7/8/10,1911.406
7/9/10,1912.14
7/12/10,1912.874
7/13/10,1913.609
7/14/10,1914.344
7/15/10,1915.079
7/16/10,1915.814
7/19/10,1916.55
7/20/10,1917.286
7/21/10,1918.022
7/22/10,1918.759
7/23/10,1919.53
7/26/10,1920.301
7/27/10,1921.073
7/28/10,1921.846
7/29/10,1922.618
7/30/10,1923.391
8/2/10,1924.164
8/3/10,1924.938
8/4/10,1925.712
8/5/10,1926.486
8/6/10,1927.26
8/9/10,1928.035
8/10/10,1928.81
8/11/10,1929.585
8/12/10,1930.361
8/13/10,1931.137
8/16/10,1931.913
8/17/10,1932.69
8/18/10,1933.467
8/19/10,1934.244
8/20/10,1935.021
8/23/10,1935.799
8/24/10,1936.577
8/25/10,1937.356
8/26/10,1938.135
8/27/10,1938.914
8/30/10,1939.693
8/31/10,1940.473
9/1/10,1941.253
9/2/10,1942.033
9/3/10,1942.814
9/6/10,1943.595
9/8/10,1944.379
9/9/10,1945.161
9/10/10,1945.942
9/13/10,1946.724
9/14/10,1947.506
9/15/10,1948.289
9/16/10,1949.072
9/17/10,1949.855
9/20/10,1950.639
9/21/10,1951.423
9/22/10,1952.208
9/23/10,1952.992
9/24/10,1953.778
9/27/10,1954.563
9/28/10,1955.349
9/29/10,1956.135
9/30/10,1956.921
10/1/10,1957.708
10/4/10,1958.495
10/5/10,1959.282
10/6/10,1960.07
10/7/10,1960.858
10/8/10,1961.647
10/11/10,1962.436
10/13/10,1963.225
10/14/10,1964.014
10/15/10,1964.803
10/18/10,1965.593
10/19/10,1966.383
10/20/10,1967.174
10/21/10,1967.964
10/22/10,1968.755
10/25/10,1969.547
10/26/10,1970.339
10/27/10,1971.131
10/28/10,1971.923
10/29/10,1972.716
11/1/10,1973.509
11/3/10,1974.302
11/4/10,1975.096
11/5/10,1975.89
11/8/10,1976.684
11/9/10,1977.479
11/10/10,1978.274
11/11/10,1979.069
11/12/10,1979.865
11/16/10,1980.661
11/17/10,1981.462
11/18/10,1982.258
11/19/10,1983.055
11/22/10,1983.852
11/23/10,1984.65
11/24/10,1985.448
11/25/10,1986.246
11/26/10,1987.044
11/29/10,1987.843
11/30/10,1988.642
12/1/10,1989.442
12/2/10,1990.241
12/3/10,1991.041
12/6/10,1991.844
12/7/10,1992.645
12/8/10,1993.447
12/9/10,1994.248
12/10/10,1995.05
12/13/10,1995.852
12/14/10,1996.656
12/15/10,1997.457
12/16/10,1998.26
12/17/10,1999.064
12/20/10,1999.867
12/21/10,2000.671
12/22/10,2001.475
12/23/10,2002.279
12/24/10,2003.084
12/27/10,2003.889
12/28/10,2004.694
12/29/10,2005.5
12/30/10,2006.305
12/31/10,2007.113
1/3/11,2007.921
1/4/11,2008.729
1/5/11,2009.536
1/6/11,2010.344
1/7/11,2011.153
1/10/11,2011.962
1/11/11,2012.771
1/12/11,2013.579
1/13/11,2014.39
1/14/11,2015.199
1/17/11,2016.01
1/18/11,2016.82
1/19/11,2017.631
1/20/11,2018.442
1/21/11,2019.289
1/24/11,2020.137
1/25/11,2020.985
1/26/11,2021.834
1/27/11,2022.682
1/28/11,2023.532
1/31/11,2024.383
2/1/11,2025.234
2/2/11,2026.084
2/3/11,2026.936
2/4/11,2027.788
2/7/11,2028.64
2/8/11,2029.492
2/9/11,2030.344
2/10/11,2031.198
2/11/11,2032.051
2/14/11,2032.905
2/15/11,2033.76
2/16/11,2034.614
2/17/11,2035.469
2/18/11,2036.324
2/21/11,2037.18
2/22/11,2038.036
2/23/11,2038.893
2/24/11,2039.749
2/25/11,2040.606
2/28/11,2041.463
3/1/11,2042.321
3/2/11,2043.179
3/3/11,2044.038
3/4/11,2044.933
3/9/11,2045.829
3/10/11,2046.725
3/11/11,2047.622
3/14/11,2048.519
3/15/11,2049.416
3/16/11,2050.315
3/17/11,2051.213
3/18/11,2052.112
3/21/11,2053.011
3/22/11,2053.91
3/23/11,2054.809
3/24/11,2055.709
3/25/11,2056.61
3/28/11,2057.512
3/29/11,2058.414
3/30/11,2059.315
3/31/11,2060.217
4/1/11,2061.12
4/4/11,2062.025
4/5/11,2062.928
4/6/11,2063.831
4/7/11,2064.737
4/8/11,2065.642
4/11/11,2066.547
4/12/11,2067.452
4/13/11,2068.357
4/14/11,2069.263
4/15/11,2070.17
4/18/11,2071.076
4/19/11,2071.983
4/20/11,2072.891
4/25/11,2073.799
4/26/11,2074.726
4/27/11,2075.653
4/28/11,2076.581
4/29/11,2077.509
5/2/11,2078.438
5/3/11,2079.368
5/4/11,2080.296
5/5/11,2081.226
5/6/11,2082.156
5/9/11,2083.086
5/10/11,2084.018
5/11/11,2084.949
5/12/11,2085.882
5/13/11,2086.814
5/16/11,2087.747
5/17/11,2088.68
5/18/11,2089.613
5/19/11,2090.547
5/20/11,2091.482
5/23/11,2092.417
5/24/11,2093.352
5/25/11,2094.288
5/26/11,2095.224
5/27/11,2096.159
5/30/11,2097.096
5/31/11,2098.032
6/1/11,2098.971
6/2/11,2099.909
6/3/11,2100.848
6/6/11,2101.787
6/7/11,2102.726
6/8/11,2103.666
6/9/11,2104.606
6/10/11,2105.566
6/13/11,2106.525
6/14/11,2107.485
6/15/11,2108.448
6/16/11,2109.409
6/17/11,2110.371
6/20/11,2111.333
6/21/11,2112.297
6/22/11,2113.259
6/24/11,2114.222
6/27/11,2115.185
6/28/11,2116.149
6/29/11,2117.114
6/30/11,2118.078
7/1/11,2119.043
7/4/11,2120.01
7/5/11,2120.976
7/6/11,2121.942
7/7/11,2122.91
7/8/11,2123.878
7/11/11,2124.845
7/12/11,2125.814
7/13/11,2126.783
7/14/11,2127.752
7/15/11,2128.722
7/18/11,2129.692
7/19/11,2130.663
7/20/11,2131.635
7/21/11,2132.606
7/22/11,2133.597
7/25/11,2134.589
7/26/11,2135.581
7/27/11,2136.572
7/28/11,2137.565
7/29/11,2138.558
8/1/11,2139.552
8/2/11,2140.548
8/3/11,2141.542
8/4/11,2142.538
8/5/11,2143.534
8/8/11,2144.53
8/9/11,2145.527
8/10/11,2146.524
8/11/11,2147.521
8/12/11,2148.519
8/15/11,2149.517
8/16/11,2150.517
8/17/11,2151.516
8/18/11,2152.516
8/19/11,2153.516
8/22/11,2154.517
8/23/11,2155.518
8/24/11,2156.52
8/25/11,2157.521
8/26/11,2158.523
8/29/11,2159.525
8/30/11,2160.527
8/31/11,2161.53
9/1/11,2162.533
9/2/11,2163.499
9/5/11,2164.465
9/6/11,2165.432
9/8/11,2166.399
9/9/11,2167.367
9/12/11,2168.335
9/13/11,2169.303
9/14/11,2170.272
9/15/11,2171.242
9/16/11,2172.212
9/19/11,2173.183
9/20/11,2174.154
9/21/11,2175.125
9/22/11,2176.096
9/23/11,2177.067
9/26/11,2178.039
9/27/11,2179.011
9/28/11,2179.984
9/29/11,2180.956
9/30/11,2181.93
10/3/11,2182.903
10/4/11,2183.879
10/5/11,2184.859
10/6/11,2185.833
10/7/11,2186.807
10/10/11,2187.787
10/11/11,2188.762
10/13/11,2189.739
10/14/11,2190.716
10/17/11,2191.693
10/18/11,2192.67
10/19/11,2193.649
10/20/11,2194.63
10/21/11,2195.572
10/24/11,2196.515
10/25/11,2197.456
10/26/11,2198.398
10/27/11,2199.345
10/28/11,2200.293
10/31/11,2201.236
11/1/11,2202.181
11/3/11,2203.127
11/4/11,2204.068
11/7/11,2205.015
11/8/11,2205.958
11/9/11,2206.902
11/10/11,2207.858
11/11/11,2208.808
11/14/11,2209.756
11/16/11,2210.716
11/17/11,2211.664
11/18/11,2212.614
11/21/11,2213.579
11/22/11,2214.533
11/23/11,2215.479
11/24/11,2216.428
11/25/11,2217.378
11/28/11,2218.329
11/29/11,2219.28
11/30/11,2220.235
12/1/11,2221.189
12/2/11,2222.099
12/5/11,2223.011
12/6/11,2223.925
12/7/11,2224.838
12/8/11,2225.752
12/9/11,2226.675
12/12/11,2227.588
12/13/11,2228.54
12/14/11,2229.461
12/15/11,2230.377
12/16/11,2231.295
12/19/11,2232.21
12/20/11,2233.126
12/21/11,2234.043
12/22/11,2234.975
12/23/11,2235.92
12/26/11,2236.839
12/27/11,2237.759
12/28/11,2238.68
12/29/11,2239.6
12/30/11,2240.519
1/2/12,2241.44
1/3/12,2242.363
1/4/12,2243.284
1/5/12,2244.208
1/6/12,2245.131
1/9/12,2246.051
1/10/12,2246.973
1/11/12,2247.899
1/12/12,2248.826
1/13/12,2249.765
1/16/12,2250.72
1/17/12,2251.641
1/18/12,2252.622
1/19/12,2253.549
1/20/12,2254.428
1/23/12,2255.316
1/24/12,2256.223
1/25/12,2257.108
1/26/12,2258.014
1/27/12,2258.911
1/30/12,2259.802
1/31/12,2260.7
2/1/12,2261.586
2/2/12,2262.495
2/3/12,2263.41
2/6/12,2264.311
2/7/12,2265.2
2/8/12,2266.083
2/9/12,2266.961
2/10/12,2267.85
2/13/12,2268.738
2/14/12,2269.62
2/15/12,2270.502
2/16/12,2271.388
2/17/12,2272.275
2/22/12,2273.162
2/23/12,2274.169
2/24/12,2275.101
2/27/12,2276.026
2/28/12,2276.924
2/29/12,2277.865
3/1/12,2278.758
3/2/12,2279.659
3/5/12,2280.555
3/6/12,2281.458
3/7/12,2282.414
3/8/12,2283.365
3/9/12,2284.268
3/12/12,2285.193
3/13/12,2286.117
3/14/12,2286.998
3/15/12,2288
3/16/12,2288.978
3/19/12,2289.874
3/20/12,2291.129
3/21/12,2292.076
3/22/12,2293.178
3/23/12,2294.094
3/26/12,2295.008
3/27/12,2296.169
3/28/12,2297.583
3/29/12,2298.449
3/30/12,2299.447
4/2/12,2300.626
4/3/12,2301.563
4/4/12,2302.467
4/5/12,2303.37
4/9/12,2304.208
4/10/12,2305.102
4/11/12,2305.95
4/12/12,2306.862
4/13/12,2307.721
4/16/12,2308.576
4/17/12,2309.482
4/18/12,2310.349
4/19/12,2311.233
4/20/12,2312.028
4/23/12,2312.826
4/24/12,2313.624
4/25/12,2314.41
4/26/12,2315.228
4/27/12,2316
4/30/12,2316.795
5/2/12,2317.589
5/3/12,2318.363
5/4/12,2319.17
5/7/12,2320.018
5/8/12,2320.807
5/9/12,2321.638
5/10/12,2322.434
5/11/12,2323.225
5/14/12,2324.013
5/15/12,2324.792
5/16/12,2325.585
5/17/12,2326.364
5/18/12,2327.128
5/21/12,2327.913
5/22/12,2328.689
5/23/12,2329.471
5/24/12,2330.22
5/25/12,2331
5/28/12,2331.765
5/29/12,2332.554
5/30/12,2333.348
5/31/12,2334.141
6/1/12,2334.893
6/4/12,2335.626
6/5/12,2336.372
6/6/12,2337.114
6/8/12,2337.854
6/11/12,2338.589
6/12/12,2339.328
6/13/12,2340.065
6/14/12,2340.802
6/15/12,2341.526
6/18/12,2342.262
6/19/12,2342.996
6/20/12,2343.685
6/21/12,2344.333
6/22/12,2345.045
6/25/12,2345.733
6/26/12,2346.417
6/27/12,2347.116
6/28/12,2347.832
6/29/12,2348.531
7/2/12,2349.212
7/3/12,2349.713
7/4/12,2350.084
7/5/12,2350.759
7/6/12,2351.398
7/9/12,2352.144
7/10/12,2352.84
7/11/12,2353.489
7/12/12,2354.139
7/13/12,2354.735
7/16/12,2355.395
7/17/12,2356.053
7/18/12,2356.572
7/19/12,2357.228
7/20/12,2357.746
7/23/12,2358.31
7/24/12,2358.966
7/25/12,2359.622
7/26/12,2360.177
7/27/12,2360.824
7/30/12,2361.478
7/31/12,2362.147
8/1/12,2362.819
8/2/12,2363.392
8/3/12,2364.094
8/6/12,2364.768
8/7/12,2365.444
8/8/12,2366.075
8/9/12,2366.742
8/10/12,2367.418
8/13/12,2368.071
8/14/12,2368.767
8/15/12,2369.451
8/16/12,2370.161
8/17/12,2370.86
8/20/12,2371.564
8/21/12,2372.264
8/22/12,2372.967
8/23/12,2373.663
8/24/12,2374.244
8/27/12,2374.923
8/28/12,2375.624
8/29/12,2376.339
8/30/12,2377.028
8/31/12,2377.672
9/3/12,2378.322
9/4/12,2378.966
9/5/12,2379.609
9/6/12,2380.244
9/10/12,2380.89
9/11/12,2381.543
9/12/12,2382.208
9/13/12,2382.86
9/14/12,2383.522
9/17/12,2384.186
9/18/12,2384.847
9/19/12,2385.52
9/20/12,2386.182
9/21/12,2386.848
9/24/12,2387.514
9/25/12,2388.185
9/26/12,2388.85
9/27/12,2389.513
9/28/12,2390.184
10/1/12,2390.853
10/2/12,2391.524
10/3/12,2392.194
10/4/12,2392.87
10/5/12,2393.543
10/8/12,2394.218
10/9/12,2394.892
10/10/12,2395.565
10/11/12,2396.238
10/15/12,2396.882
10/16/12,2397.54
10/17/12,2398.2
10/18/12,2398.859
10/19/12,2399.523
10/22/12,2400.174
10/23/12,2400.823
10/24/12,2401.474
10/25/12,2402.125
10/26/12,2402.78
10/29/12,2403.431
10/30/12,2404.082
10/31/12,2404.734
11/1/12,2405.386
11/5/12,2406.042
11/6/12,2406.702
11/7/12,2407.357
11/8/12,2408.005
11/9/12,2408.659
11/12/12,2409.307
11/13/12,2409.957
11/14/12,2410.609
11/16/12,2411.251
11/19/12,2411.901
11/20/12,2412.561
11/21/12,2413.206
11/22/12,2413.859
11/23/12,2414.51
11/26/12,2415.164
11/27/12,2415.808
11/28/12,2416.455
11/29/12,2417.106
11/30/12,2417.757
12/3/12,2418.415
12/4/12,2419.071
12/5/12,2419.731
12/6/12,2420.385
12/7/12,2420.385
12/10/12,2421.697
12/11/12,2422.354
12/12/12,2423.011
12/13/12,2423.672
12/14/12,2424.332
12/17/12,2424.99
12/18/12,2425.66
12/19/12,2426.32
12/20/12,2426.972
12/21/12,2427.633
12/24/12,2428.294
12/26/12,2428.963
12/27/12,2429.635
12/28/12,2430.307
12/31/12,2430.983
1/2/13,2431.664
1/3/13,2432.33
1/4/13,2432.992
1/7/13,2433.653
1/8/13,2434.318
1/9/13,2434.992
1/10/13,2435.67
1/11/13,2436.362
1/14/13,2437.06
1/15/13,2437.772
1/16/13,2438.44
1/17/13,2439.13
1/18/13,2439.809
1/21/13,2440.482
1/22/13,2441.154
1/23/13,2441.825
1/24/13,2442.495
1/25/13,2443.16
1/28/13,2443.832
1/29/13,2444.501
1/30/13,2445.175
1/31/13,2445.843
2/1/13,2446.517
2/4/13,2447.222
2/5/13,2447.891
2/6/13,2448.564
2/7/13,2449.235
2/8/13,2449.905
2/13/13,2450.579
2/14/13,2451.245
2/15/13,2451.916
2/18/13,2452.584
2/19/13,2453.254
2/20/13,2453.937
2/21/13,2454.605
2/22/13,2455.283
2/25/13,2455.953
2/26/13,2456.627
2/27/13,2457.304
2/28/13,2457.988
3/1/13,2458.668
3/4/13,2459.346
3/5/13,2460.03
3/6/13,2460.706
3/7/13,2461.492
3/8/13,2462.278
3/11/13,2463.018
3/12/13,2463.747
3/13/13,2464.48
3/14/13,2465.172
3/15/13,2465.858
3/18/13,2466.531
3/19/13,2467.222
3/20/13,2467.916
3/21/13,2468.603
3/22/13,2469.284
3/25/13,2469.971
3/26/13,2470.664
3/27/13,2471.392
3/28/13,2472.084
4/1/13,2472.758
4/2/13,2473.495
4/3/13,2474.192
4/4/13,2474.873
4/5/13,2475.57
4/8/13,2476.245
4/9/13,2476.924
4/10/13,2477.637
4/11/13,2478.338
4/12/13,2479.112
4/15/13,2479.886
4/16/13,2480.623
4/17/13,2481.329
4/18/13,2482.031
4/19/13,2482.736
4/22/13,2483.454
4/23/13,2484.175
4/24/13,2484.888
4/25/13,2485.595
4/26/13,2486.309
4/29/13,2487.009
4/30/13,2487.713
5/2/13,2488.445
5/3/13,2489.177
5/6/13,2489.906
5/7/13,2490.615
5/8/13,2491.336
5/9/13,2492.042
5/10/13,2492.757
5/13/13,2493.457
5/14/13,2494.181
5/15/13,2494.89
5/16/13,2495.603
5/17/13,2496.309
5/20/13,2497.007
5/21/13,2497.716
5/22/13,2498.419
5/23/13,2499.128
5/24/13,2499.843
5/27/13,2500.595
5/28/13,2501.318
5/29/13,2502.037
5/31/13,2502.747
6/3/13,2503.501
6/4/13,2504.273
6/5/13,2505.036
6/6/13,2505.781
6/7/13,2506.552
6/10/13,2507.315
6/11/13,2508.061
6/12/13,2508.859
6/13/13,2509.613
6/14/13,2510.379
6/17/13,2511.134
6/18/13,2511.885
6/19/13,2512.64
6/20/13,2513.403
6/21/13,2514.16
6/24/13,2514.927
6/25/13,2515.69
6/26/13,2516.471
6/27/13,2517.235
6/28/13,2517.994
7/1/13,2518.755
7/2/13,2519.512
7/3/13,2520.264
7/4/13,2521.019
7/5/13,2521.776
7/8/13,2522.54
7/9/13,2523.297
7/10/13,2524.049
7/11/13,2524.822
7/12/13,2525.625
7/15/13,2526.445
7/16/13,2527.243
7/17/13,2528.047
7/18/13,2528.846
7/19/13,2529.647
7/22/13,2530.456
7/23/13,2531.265
7/24/13,2532.069
7/25/13,2532.868
7/26/13,2533.667
7/29/13,2534.453
7/30/13,2535.251
7/31/13,2536.063
8/1/13,2536.835
8/2/13,2537.542
8/5/13,2538.223
8/6/13,2539.001
8/7/13,2539.727
8/8/13,2540.399
8/9/13,2541.069
8/12/13,2541.826
8/13/13,2542.582
8/14/13,2543.355
8/15/13,2544.1
8/16/13,2544.823
8/19/13,2545.618
8/20/13,2546.362
8/21/13,2547.131
8/22/13,2547.899
8/23/13,2548.673
8/26/13,2549.453
8/27/13,2550.249
8/28/13,2551.05
8/29/13,2551.875
8/30/13,2552.732
9/2/13,2553.585
9/3/13,2554.469
9/4/13,2555.35
9/5/13,2556.219
9/6/13,2557.074
9/9/13,2557.931
9/10/13,2558.792
9/11/13,2559.649
9/12/13,2560.515
9/13/13,2561.369
9/16/13,2562.226
9/17/13,2563.09
9/18/13,2563.949
9/19/13,2564.812
9/20/13,2565.675
9/23/13,2566.542
9/24/13,2567.402
9/25/13,2568.266
9/26/13,2569.116
9/27/13,2569.977
9/30/13,2570.838
10/1/13,2571.697
10/2/13,2572.555
10/3/13,2573.419
10/4/13,2574.288
10/7/13,2575.15
10/8/13,2576.031
10/9/13,2576.895
10/10/13,2577.754
10/11/13,2578.643
10/14/13,2579.559
10/15/13,2580.465
10/16/13,2581.376
10/17/13,2582.287
10/18/13,2583.195
10/21/13,2584.106
10/22/13,2585.018
10/23/13,2585.932
10/24/13,2586.844
10/25/13,2587.758
10/28/13,2588.674
10/29/13,2589.582
10/30/13,2590.496
10/31/13,2591.411
11/1/13,2592.331
11/4/13,2593.247
11/5/13,2594.162
11/6/13,2595.083
11/7/13,2595.999
11/8/13,2596.912
11/11/13,2597.823
11/12/13,2598.735
11/13/13,2599.656
11/14/13,2600.578
11/18/13,2601.498
11/19/13,2602.421
11/20/13,2603.347
11/21/13,2604.272
11/22/13,2605.195
11/25/13,2606.115
11/26/13,2607.041
11/27/13,2607.963
11/28/13,2608.892
11/29/13,2609.873
12/2/13,2610.837
12/3/13,2611.807
12/4/13,2612.778
12/5/13,2613.746
12/6/13,2614.721
12/9/13,2615.697
12/10/13,2616.674
12/11/13,2617.645
12/12/13,2618.627
12/13/13,2619.606
12/16/13,2620.585
12/17/13,2621.564
12/18/13,2622.536
12/19/13,2623.513
12/20/13,2624.493
12/23/13,2625.469
12/24/13,2626.451
12/26/13,2627.426
12/27/13,2628.401
12/30/13,2629.38
12/31/13,2630.364
1/2/14,2631.352
1/3/14,2632.331
1/6/14,2633.314
1/7/14,2634.297
1/8/14,2635.281
1/9/14,2636.265
1/10/14,2637.249
1/13/14,2638.232
1/14/14,2639.219
1/15/14,2640.202
1/16/14,2641.189
1/17/14,2642.223
1/20/14,2643.25
1/21/14,2644.278
1/22/14,2645.315
1/23/14,2646.35
1/24/14,2647.382
1/27/14,2648.412
1/28/14,2649.444
1/29/14,2650.486
1/30/14,2651.52
1/31/14,2652.558
2/3/14,2653.597
2/4/14,2654.633
2/5/14,2655.673
2/6/14,2656.712
2/7/14,2657.749
2/10/14,2658.791
2/11/14,2659.819
2/12/14,2660.858
2/13/14,2661.903
2/14/14,2662.945
2/17/14,2663.988
2/18/14,2665.03
2/19/14,2666.077
2/20/14,2667.119
2/21/14,2668.166
2/24/14,2669.205
2/25/14,2670.257
2/26/14,2671.302
2/27/14,2672.349
2/28/14,2673.418
3/5/14,2674.49
3/6/14,2675.559
3/7/14,2676.632
3/10/14,2677.71
3/11/14,2678.775
3/12/14,2679.841
3/13/14,2680.914
3/14/14,2681.982
3/17/14,2683.051
3/18/14,2684.124
3/19/14,2685.194
3/20/14,2686.266
3/21/14,2687.338
3/24/14,2688.41
3/25/14,2689.487
3/26/14,2690.564
3/27/14,2691.639
3/28/14,2692.719
3/31/14,2693.804
4/1/14,2694.89
4/2/14,2695.977
4/3/14,2697.06
4/4/14,2698.166
4/7/14,2699.265
4/8/14,2700.374
4/9/14,2701.474
4/10/14,2702.574
4/11/14,2703.676
4/14/14,2704.777
4/15/14,2705.882
4/16/14,2706.992
4/17/14,2708.098
4/22/14,2709.205
4/23/14,2710.312
4/24/14,2711.423
4/25/14,2712.535
4/28/14,2713.647
4/29/14,2714.759
4/30/14,2715.869
5/2/14,2716.984
5/5/14,2718.092
5/6/14,2719.202
5/7/14,2720.315
5/8/14,2721.426
5/9/14,2722.538
5/12/14,2723.655
5/13/14,2724.77
5/14/14,2725.883
5/15/14,2727
5/16/14,2728.118
5/19/14,2729.236
5/20/14,2730.349
5/21/14,2731.441
5/22/14,2732.555
5/23/14,2733.664
5/26/14,2734.781
5/27/14,2735.89
5/28/14,2737
5/29/14,2738.119
5/30/14,2739.209
6/2/14,2740.275
6/3/14,2741.359
6/4/14,2742.474
6/5/14,2743.536
6/6/14,2744.621
6/9/14,2745.717
6/10/14,2746.702
6/11/14,2747.731
6/12/14,2748.858
6/13/14,2749.96
6/16/14,2751.054
6/17/14,2752.136
6/18/14,2753.242
6/20/14,2754.347
6/23/14,2755.484
6/24/14,2756.602
6/25/14,2757.731
6/26/14,2758.849
6/27/14,2759.97
6/30/14,2761.072
7/1/14,2762.193
7/2/14,2763.315
7/3/14,2764.429
7/4/14,2765.54
7/7/14,2766.66
7/8/14,2767.78
7/9/14,2768.916
7/10/14,2770.046
7/11/14,2771.175
7/14/14,2772.299
7/15/14,2773.426
7/16/14,2774.557
7/17/14,2775.693
7/18/14,2776.821
7/21/14,2777.942
7/22/14,2779.072
7/23/14,2780.194
7/24/14,2781.321
7/25/14,2782.453
7/28/14,2783.587
7/29/14,2784.72
7/30/14,2785.857
7/31/14,2786.994
8/1/14,2788.127
8/4/14,2789.266
8/5/14,2790.404
8/6/14,2791.541
8/7/14,2792.679
8/8/14,2793.818
8/11/14,2794.958
8/12/14,2796.098
8/13/14,2797.241
8/14/14,2798.383
8/15/14,2799.529
8/18/14,2800.673
8/19/14,2801.816
8/20/14,2802.956
8/21/14,2804.099
8/22/14,2805.245
8/25/14,2806.392
8/26/14,2807.539
8/27/14,2808.691
8/28/14,2809.843
8/29/14,2810.995
9/1/14,2812.148
9/2/14,2813.302
9/3/14,2814.452
9/4/14,2815.603
9/5/14,2816.75
9/8/14,2817.904
9/9/14,2819.057
9/10/14,2820.213
9/11/14,2821.362
9/12/14,2822.512
9/15/14,2823.664
9/16/14,2824.818
9/17/14,2825.971
9/18/14,2827.122
9/19/14,2828.274
9/22/14,2829.43
9/23/14,2830.585
9/24/14,2831.742
9/25/14,2832.898
9/26/14,2834.057
9/29/14,2835.216
9/30/14,2836.379
10/1/14,2837.543
10/2/14,2838.702
10/3/14,2839.856
10/6/14,2841.015
10/7/14,2842.172
10/8/14,2843.334
10/9/14,2844.496
10/10/14,2845.655
10/13/14,2846.814
10/14/14,2847.972
10/15/14,2849.133
10/16/14,2850.294
10/17/14,2851.456
10/20/14,2852.617
10/21/14,2853.784
10/22/14,2854.946
10/23/14,2856.11
10/24/14,2857.274
10/27/14,2858.442
10/28/14,2859.611
10/29/14,2860.781
10/30/14,2861.951
10/31/14,2863.155
11/3/14,2864.348
11/4/14,2865.548
11/5/14,2866.744
11/6/14,2867.946
11/7/14,2869.144
11/10/14,2870.34
11/11/14,2871.542
11/12/14,2872.74
11/13/14,2873.931
11/14/14,2875.129
11/17/14,2876.334
11/18/14,2877.531
11/19/14,2878.735
11/20/14,2879.943
11/21/14,2881.148
11/24/14,2882.359
11/25/14,2883.568
11/26/14,2884.772
11/27/14,2885.981
11/28/14,2887.192
12/1/14,2888.403
12/2/14,2889.615
12/3/14,2890.826
12/4/14,2892.039
12/5/14,2893.303
12/8/14,2894.569
12/9/14,2895.832
12/10/14,2897.097
12/11/14,2898.364
12/12/14,2899.629
12/15/14,2900.894
12/16/14,2902.161
12/17/14,2903.431
12/18/14,2904.698
12/19/14,2905.969
12/22/14,2907.24
12/23/14,2908.511
12/24/14,2909.783
12/26/14,2911.051
12/29/14,2912.324
12/30/14,2913.594
12/31/14,2914.869
1/2/15,2916.144
1/5/15,2917.418
1/6/15,2918.692
1/7/15,2919.968
1/8/15,2921.243
1/9/15,2922.521
1/12/15,2923.797
1/13/15,2925.075
1/14/15,2926.355
1/15/15,2927.634
1/16/15,2928.913
1/19/15,2930.194
1/20/15,2931.474
1/21/15,2932.757
1/22/15,2934.039
1/23/15,2935.365
1/26/15,2936.702
1/27/15,2938.04
1/28/15,2939.378
1/29/15,2940.72
1/30/15,2942.058
2/2/15,2943.397
2/3/15,2944.737
2/4/15,2946.077
2/5/15,2947.418
2/6/15,2948.759
2/9/15,2950.101
2/10/15,2951.444
2/11/15,2952.787
2/12/15,2954.131
2/13/15,2955.475
2/18/15,2956.821
2/19/15,2958.166
2/20/15,2959.513
2/23/15,2960.86
2/24/15,2962.207
2/25/15,2963.555
2/26/15,2964.904
2/27/15,2966.254
3/2/15,2967.604
3/3/15,2968.954
3/4/15,2970.306
3/5/15,2971.657
3/6/15,2973.062
3/9/15,2974.468
3/10/15,2975.928
3/11/15,2977.345
3/12/15,2978.738
3/13/15,2980.135
3/16/15,2981.538
3/17/15,2982.946
3/18/15,2984.357
3/19/15,2985.766
3/20/15,2987.178
3/23/15,2988.587
3/24/15,2989.995
3/25/15,2991.404
3/26/15,2992.816
3/27/15,2994.228
3/30/15,2995.64
3/31/15,2997.054
4/1/15,2998.47
4/2/15,2999.885
4/6/15,3001.303
4/7/15,3002.722
4/8/15,3004.142
4/9/15,3005.561
4/10/15,3006.982
4/13/15,3008.404
4/14/15,3009.826
4/15/15,3011.249
4/16/15,3012.673
4/17/15,3014.097
4/20/15,3015.522
4/22/15,3016.948
4/23/15,3018.375
4/24/15,3019.803
4/27/15,3021.23
4/28/15,3022.66
4/29/15,3024.09
4/30/15,3025.522
5/4/15,3027.006
5/5/15,3028.49
5/6/15,3029.975
5/7/15,3031.461
5/8/15,3032.947
5/11/15,3034.435
5/12/15,3035.923
5/13/15,3037.411
5/14/15,3038.901
5/15/15,3040.391
5/18/15,3041.882
5/19/15,3043.378
5/20/15,3044.871
5/21/15,3046.364
5/22/15,3047.858
5/25/15,3049.351
5/26/15,3050.846
5/27/15,3052.342
5/28/15,3053.838
5/29/15,3055.335
6/1/15,3056.833
6/2/15,3058.333
6/3/15,3059.833
6/5/15,3061.333
6/8/15,3062.888
6/9/15,3064.442
6/10/15,3065.997
6/11/15,3067.554
6/12/15,3069.112
6/15/15,3070.671
6/16/15,3072.231
6/17/15,3073.791
6/18/15,3075.352
6/19/15,3076.914
6/22/15,3078.477
6/23/15,3080.04
6/24/15,3081.604
6/25/15,3083.17
6/26/15,3084.735
6/29/15,3086.302
6/30/15,3087.87
7/1/15,3089.438
7/2/15,3091.007
7/3/15,3092.577
7/6/15,3094.147
7/7/15,3095.722
7/8/15,3097.294
7/9/15,3098.867
7/10/15,3100.441
7/13/15,3102.023
7/14/15,3103.62
7/15/15,3105.196
7/16/15,3106.773
7/17/15,3108.356
7/20/15,3109.935
7/21/15,3111.515
7/22/15,3113.098
7/23/15,3114.68
7/24/15,3116.26
7/27/15,3117.84
7/28/15,3119.417
7/29/15,3120.999
7/30/15,3122.585
7/31/15,3124.238
8/3/15,3125.879
8/4/15,3127.522
8/5/15,3129.158
8/6/15,3130.8
8/7/15,3132.448
8/10/15,3134.095
8/11/15,3135.745
8/12/15,3137.395
8/13/15,3139.045
8/14/15,3140.696
8/17/15,3142.35
8/18/15,3144
8/19/15,3145.716
8/20/15,3147.38
8/21/15,3149.07
8/24/15,3150.721
8/25/15,3152.373
8/26/15,3154.039
8/27/15,3155.696
8/28/15,3157.356
8/31/15,3159.014
9/1/15,3160.677
9/2/15,3162.334
9/3/15,3163.999
9/4/15,3165.663
9/8/15,3167.343
9/9/15,3169.012
9/10/15,3170.681
9/11/15,3172.346
9/14/15,3174.009
9/15/15,3175.677
9/16/15,3177.353
9/17/15,3179.022
9/18/15,3180.712
9/21/15,3182.387
9/22/15,3184.073
9/23/15,3185.782
9/24/15,3187.45
9/25/15,3189.119
9/28/15,3190.781
9/29/15,3192.452
9/30/15,3194.129
10/1/15,3195.81
10/2/15,3197.489
10/5/15,3199.169
10/6/15,3200.853
10/7/15,3202.536
10/8/15,3204.218
10/9/15,3205.92
10/13/15,3207.606
10/14/15,3209.299
10/15/15,3210.993
10/16/15,3212.687
10/19/15,3214.374
10/20/15,3216.068
10/21/15,3217.761
10/22/15,3219.441
10/23/15,3221.126
10/26/15,3222.835
10/27/15,3224.528
10/28/15,3226.219
10/29/15,3227.914
10/30/15,3229.609
11/3/15,3231.305
11/4/15,3233.01
11/5/15,3234.707
11/6/15,3236.405
11/9/15,3238.106
11/10/15,3239.796
11/11/15,3241.498
11/12/15,3243.195
11/13/15,3244.903
11/16/15,3246.604
11/17/15,3248.314
11/18/15,3250.02
11/19/15,3251.723
11/20/15,3253.431
11/23/15,3255.139
11/24/15,3256.849
11/25/15,3258.56
11/26/15,3260.283
11/27/15,3261.996
11/30/15,3263.709
12/1/15,3265.438
12/2/15,3267.153
12/3/15,3268.869
12/4/15,3270.587
12/7/15,3272.305
12/8/15,3274.024
12/9/15,3275.743
12/10/15,3277.464
12/11/15,3279.194
12/14/15,3280.913
12/15/15,3282.635
12/16/15,3284.358
12/17/15,3286.084
12/18/15,3287.81
12/21/15,3289.535
12/22/15,3291.263
12/23/15,3292.992
12/24/15,3294.721
12/28/15,3296.449
12/29/15,3298.179
12/30/15,3299.912
12/31/15,3301.645
1/4/16,3303.374
1/5/16,3305.109
1/6/16,3306.84
1/7/16,3308.577
1/8/16,3310.31
1/11/16,3312.049
1/12/16,3313.788
1/13/16,3315.528
1/14/16,3317.266
1/15/16,3319.007
1/18/16,3320.748
1/19/16,3322.489
1/20/16,3324.233
1/21/16,3325.978
1/22/16,3327.725
1/25/16,3329.473
1/26/16,3331.217
1/27/16,3332.965
1/28/16,3334.712
1/29/16,3336.463
2/1/16,3338.212
2/2/16,3339.96
2/3/16,3341.708
2/4/16,3343.46
2/5/16,3345.204
2/10/16,3346.96
2/11/16,3348.708
2/12/16,3350.43
2/15/16,3352.094
2/16/16,3353.784
2/17/16,3355.516
2/18/16,3357.25
2/19/16,3358.891
2/22/16,3360.562
2/23/16,3362.294
2/24/16,3363.902
2/25/16,3365.696
2/26/16,3367.429
2/29/16,3369.113
3/1/16,3370.859
3/2/16,3372.425
3/3/16,3374.098
3/4/16,3375.835
3/7/16,3377.444
3/8/16,3379.202
3/9/16,3380.964
3/10/16,3382.68
3/11/16,3384.445
3/14/16,3386.176
3/15/16,3387.925
3/16/16,3389.648
3/17/16,3391.285
3/18/16,3392.955
3/21/16,3394.698
3/22/16,3396.3
3/23/16,3398.165
3/24/16,3399.932
3/28/16,3401.603
3/29/16,3403.267
3/30/16,3405.024
3/31/16,3406.772
4/1/16,3408.516
4/4/16,3410.194
4/5/16,3411.929
4/6/16,3413.688
4/7/16,3415.462
4/8/16,3417.256
4/11/16,3419.042
4/12/16,3420.827
4/13/16,3422.629
4/14/16,3424.426
4/15/16,3426.219
4/18/16,3428.019
4/19/16,3429.823
4/20/16,3431.606
4/22/16,3433.409
4/25/16,3435.217
4/26/16,3437.014
4/27/16,3438.765
4/28/16,3440.511
4/29/16,3442.284
5/2/16,3444.046
5/3/16,3445.837
5/4/16,3447.623
5/5/16,3449.416
5/6/16,3451.227
5/9/16,3453.031
5/10/16,3454.836
5/11/16,3456.652
5/12/16,3458.473
5/13/16,3460.29
5/16/16,3462.066
5/17/16,3463.885
5/18/16,3465.716
5/19/16,3467.54
5/20/16,3469.373
5/23/16,3471.199
5/24/16,3473.022
5/25/16,3474.853
5/27/16,3476.68
5/30/16,3478.421
5/31/16,3480.217
6/1/16,3482.024
6/2/16,3483.842
6/3/16,3485.668
6/6/16,3487.481
6/7/16,3489.32
6/8/16,3491.16
6/9/16,3492.97
6/10/16,3494.766
6/13/16,3496.584
6/14/16,3498.411
6/15/16,3500.243
6/16/16,3502.075
6/17/16,3503.908
6/20/16,3505.742
6/21/16,3507.587
6/22/16,3509.427
6/23/16,3511.272
6/24/16,3513.116
6/27/16,3514.961
6/28/16,3516.809
6/29/16,3518.658
6/30/16,3520.509
7/1/16,3522.36
7/4/16,3524.214
7/5/16,3526.068
7/6/16,3527.927
7/7/16,3529.783
7/8/16,3531.642
7/11/16,3533.499
7/12/16,3535.358
7/13/16,3537.217
7/14/16,3539.078
7/15/16,3540.94
7/18/16,3542.802
7/19/16,3544.665
7/20/16,3546.53
7/21/16,3548.395
7/22/16,3550.261
7/25/16,3552.129
7/26/16,3553.997
7/27/16,3555.867
7/28/16,3557.737
7/29/16,3559.609
8/1/16,3561.482
8/2/16,3563.354
8/3/16,3565.229
8/4/16,3567.104
8/5/16,3568.979
8/8/16,3570.855
8/9/16,3572.734
8/10/16,3574.612
8/11/16,3576.484
8/12/16,3578.372
8/15/16,3580.253
8/16/16,3582.138
8/17/16,3584.022
8/18/16,3585.907
8/19/16,3587.783
8/22/16,3589.673
8/23/16,3591.537
8/24/16,3593.368
8/25/16,3595.164
8/26/16,3596.98
8/29/16,3598.787
8/30/16,3600.648
8/31/16,3602.518
9/1/16,3604.399
9/2/16,3606.23
9/5/16,3608.071
9/6/16,3609.933
9/8/16,3611.851
9/9/16,3613.729
9/12/16,3615.6
9/13/16,3617.493
9/14/16,3619.385
9/15/16,3621.275
9/16/16,3623.157
9/19/16,3624.958
9/20/16,3626.84