Date,USDBRL
1/3/05,2.6759
1/4/05,2.719
1/5/05,2.714
1/6/05,2.7218
1/7/05,2.712
1/10/05,2.7035
1/11/05,2.7213
1/12/05,2.7065
1/13/05,2.704
1/14/05,2.7015
1/17/05,2.701
1/18/05,2.7195
1/19/05,2.71
1/20/05,2.7165
1/21/05,2.6869
1/24/05,2.6792
1/25/05,2.6815
1/26/05,2.6645
1/27/05,2.67
1/28/05,2.645
1/31/05,2.6088
2/1/05,2.61
2/2/05,2.6025
2/3/05,2.6018
2/4/05,2.613
2/7/05,2.6123
2/8/05,2.6315
2/9/05,2.6025
2/10/05,2.618
2/11/05,2.6045
2/14/05,2.579
2/15/05,2.5855
2/16/05,2.578
2/17/05,2.5665
2/18/05,2.5757
2/21/05,2.5845
2/22/05,2.6005
2/23/05,2.5945
2/24/05,2.6359
2/25/05,2.6183
2/28/05,2.5875
3/1/05,2.6275
3/2/05,2.639
3/3/05,2.681
3/4/05,2.656
3/7/05,2.6823
3/8/05,2.697
3/9/05,2.717
3/10/05,2.713
3/11/05,2.7168
3/14/05,2.7425
3/15/05,2.764
3/16/05,2.7623
3/17/05,2.7208
3/18/05,2.7145
3/21/05,2.725
3/22/05,2.7406
3/23/05,2.7489
3/24/05,2.7395
3/25/05,2.7395
3/28/05,2.7255
3/29/05,2.7
3/30/05,2.6755
3/31/05,2.679
4/1/05,2.6588
4/4/05,2.641
4/5/05,2.6297
4/6/05,2.6015
4/7/05,2.5931
4/8/05,2.585
4/11/05,2.5865
4/12/05,2.5668
4/13/05,2.561
4/14/05,2.5899
4/15/05,2.6148
4/18/05,2.607
4/19/05,2.5695
4/20/05,2.5636
4/21/05,2.55
4/22/05,2.5375
4/25/05,2.5243
4/26/05,2.536
4/27/05,2.5146
4/28/05,2.5425
4/29/05,2.528
5/2/05,2.5105
5/3/05,2.4887
5/4/05,2.4639
5/5/05,2.4625
5/6/05,2.457
5/9/05,2.4505
5/10/05,2.469
5/11/05,2.453
5/12/05,2.4713
5/13/05,2.4735
5/16/05,2.4755
5/17/05,2.4808
5/18/05,2.457
5/19/05,2.4408
5/20/05,2.4417
5/23/05,2.4259
5/24/05,2.4276
5/25/05,2.4088
5/26/05,2.4088
5/27/05,2.385
5/30/05,2.3678
5/31/05,2.4076
6/1/05,2.457
6/2/05,2.416
6/3/05,2.4255
6/6/05,2.4505
6/7/05,2.4565
6/8/05,2.462
6/9/05,2.4961
6/10/05,2.4733
6/13/05,2.444
6/14/05,2.4343
6/15/05,2.4233
6/16/05,2.4051
6/17/05,2.383
6/20/05,2.389
6/21/05,2.371
6/22/05,2.3851
6/23/05,2.4047
6/24/05,2.379
6/27/05,2.3751
6/28/05,2.3696
6/29/05,2.3525
6/30/05,2.3325
7/1/05,2.3565
7/4/05,2.3665
7/5/05,2.3773
7/6/05,2.3939
7/7/05,2.3773
7/8/05,2.3749
7/11/05,2.3405
7/12/05,2.3395
7/13/05,2.3556
7/14/05,2.336
7/15/05,2.3395
7/18/05,2.3352
7/19/05,2.343
7/20/05,2.3394
7/21/05,2.357
7/22/05,2.3963
7/25/05,2.487
7/26/05,2.431
7/27/05,2.4405
7/28/05,2.4081
7/29/05,2.3787
8/1/05,2.3693
8/2/05,2.339
8/3/05,2.3115
8/4/05,2.3038
8/5/05,2.3124
8/8/05,2.3289
8/9/05,2.2875
8/10/05,2.2783
8/11/05,2.3651
8/12/05,2.3732
8/15/05,2.333
8/16/05,2.347
8/17/05,2.3545
8/18/05,2.3976
8/19/05,2.4486
8/22/05,2.3731
8/23/05,2.4005
8/24/05,2.4528
8/25/05,2.4005
8/26/05,2.4025
8/29/05,2.3883
8/30/05,2.383
8/31/05,2.357
9/1/05,2.3561
9/2/05,2.3305
9/5/05,2.3341
9/6/05,2.324
9/7/05,2.3248
9/8/05,2.319
9/9/05,2.309
9/12/05,2.3189
9/13/05,2.333
9/14/05,2.3205
9/15/05,2.3005
9/16/05,2.2988
9/19/05,2.294
9/20/05,2.297
9/21/05,2.275
9/22/05,2.2748
9/23/05,2.2645
9/26/05,2.2486
9/27/05,2.2601
9/28/05,2.2272
9/29/05,2.214
9/30/05,2.2275
10/3/05,2.2365
10/4/05,2.2625
10/5/05,2.2678
10/6/05,2.2905
10/7/05,2.2499
10/10/05,2.2415
10/11/05,2.2335
10/12/05,2.2545
10/13/05,2.2685
10/14/05,2.245
10/17/05,2.236
10/18/05,2.242
10/19/05,2.2383
10/20/05,2.2595
10/21/05,2.265
10/24/05,2.261
10/25/05,2.2635
10/26/05,2.2868
10/27/05,2.2895
10/28/05,2.265
10/31/05,2.2518
11/1/05,2.243
11/2/05,2.2385
11/3/05,2.222
11/4/05,2.212
11/7/05,2.2065
11/8/05,2.1935
11/9/05,2.1755
11/10/05,2.1635
11/11/05,2.1615
11/14/05,2.209
11/15/05,2.2095
11/16/05,2.2015
11/17/05,2.1945
11/18/05,2.226
11/21/05,2.22
11/22/05,2.248
11/23/05,2.239
11/24/05,2.2405
11/25/05,2.234
11/28/05,2.198
11/29/05,2.1873
11/30/05,2.2035
12/1/05,2.2248
12/2/05,2.2088
12/5/05,2.1952
12/6/05,2.1755
12/7/05,2.1945
12/8/05,2.2223
12/9/05,2.252
12/12/05,2.261
12/13/05,2.2615
12/14/05,2.2695
12/15/05,2.3085
12/16/05,2.337
12/19/05,2.38
12/20/05,2.3475
12/21/05,2.308
12/22/05,2.341
12/23/05,2.315
12/26/05,2.341
12/27/05,2.337
12/28/05,2.341
12/29/05,2.3258
12/30/05,2.3355
1/2/06,2.3364
1/3/06,2.3315
1/4/06,2.286
1/5/06,2.2897
1/6/06,2.283
1/9/06,2.2535
1/10/06,2.2618
1/11/06,2.2798
1/12/06,2.2756
1/13/06,2.2725
1/16/06,2.2715
1/17/06,2.3035
1/18/06,2.3165
1/19/06,2.2888
1/20/06,2.2775
1/23/06,2.257
1/24/06,2.241
1/25/06,2.2428
1/26/06,2.229
1/27/06,2.21
1/30/06,2.2125
1/31/06,2.212
2/1/06,2.225
2/2/06,2.2265
2/3/06,2.21
2/6/06,2.1755
2/7/06,2.1905
2/8/06,2.1863
2/9/06,2.17
2/10/06,2.1615
2/13/06,2.1545
2/14/06,2.138
2/15/06,2.136
2/16/06,2.116
2/17/06,2.1175
2/20/06,2.1175
2/21/06,2.166
2/22/06,2.141
2/23/06,2.1335
2/24/06,2.14
2/27/06,2.1405
2/28/06,2.1235
3/1/06,2.1155
3/2/06,2.104
3/3/06,2.11
3/6/06,2.1475
3/7/06,2.142
3/8/06,2.18
3/9/06,2.1618
3/10/06,2.1373
3/13/06,2.134
3/14/06,2.124
3/15/06,2.1157
3/16/06,2.1135
3/17/06,2.124
3/20/06,2.147
3/21/06,2.171
3/22/06,2.1539
3/23/06,2.1615
3/24/06,2.158
3/27/06,2.174
3/28/06,2.241
3/29/06,2.2142
3/30/06,2.187
3/31/06,2.164
4/3/06,2.1407
4/4/06,2.1404
4/5/06,2.1378
4/6/06,2.133
4/7/06,2.149
4/10/06,2.155
4/11/06,2.131
4/12/06,2.1364
4/13/06,2.138
4/14/06,2.138
4/17/06,2.1374
4/18/06,2.1155
4/19/06,2.1147
4/20/06,2.12
4/21/06,2.1215
4/24/06,2.114
4/25/06,2.1305
4/26/06,2.119
4/27/06,2.1015
4/28/06,2.087
5/1/06,2.08
5/2/06,2.0618
5/3/06,2.0761
5/4/06,2.0703
5/5/06,2.0555
5/8/06,2.074
5/9/06,2.059
5/10/06,2.0743
5/11/06,2.0981
5/12/06,2.1445
5/15/06,2.1665
5/16/06,2.136
5/17/06,2.2095
5/18/06,2.1805
5/19/06,2.209
5/22/06,2.298
5/23/06,2.3525
5/24/06,2.3275
5/25/06,2.278
5/26/06,2.2415
5/29/06,2.293
5/30/06,2.3125
5/31/06,2.307
6/1/06,2.2451
6/2/06,2.2766
6/5/06,2.2645
6/6/06,2.242
6/7/06,2.2545
6/8/06,2.2585
6/9/06,2.2592
6/12/06,2.289
6/13/06,2.3096
6/14/06,2.281
6/15/06,2.2635
6/16/06,2.245
6/19/06,2.2603
6/20/06,2.2355
6/21/06,2.2268
6/22/06,2.239
6/23/06,2.2315
6/26/06,2.241
6/27/06,2.2405
6/28/06,2.22
6/29/06,2.1775
6/30/06,2.165
7/3/06,2.1685
7/4/06,2.17
7/5/06,2.208
7/6/06,2.177
7/7/06,2.182
7/10/06,2.1789
7/11/06,2.183
7/12/06,2.2025
7/13/06,2.2244
7/14/06,2.212
7/17/06,2.2016
7/18/06,2.191
7/19/06,2.1765
7/20/06,2.1911
7/21/06,2.1988
7/24/06,2.1896
7/25/06,2.2005
7/26/06,2.195
7/27/06,2.1922
7/28/06,2.1754
7/31/06,2.177
8/1/06,2.191
8/2/06,2.1821
8/3/06,2.176
8/4/06,2.1814
8/7/06,2.1851
8/8/06,2.1714
8/9/06,2.1663
8/10/06,2.1565
8/11/06,2.166
8/14/06,2.1635
8/15/06,2.1434
8/16/06,2.1409
8/17/06,2.1415
8/18/06,2.1469
8/21/06,2.1286
8/22/06,2.1341
8/23/06,2.1515
8/24/06,2.1526
8/25/06,2.156
8/28/06,2.1404
8/29/06,2.1369
8/30/06,2.1365
8/31/06,2.145
9/1/06,2.139
9/4/06,2.123
9/5/06,2.1386
9/6/06,2.15
9/7/06,2.1524
9/8/06,2.158
9/11/06,2.1854
9/12/06,2.1683
9/13/06,2.1602
9/14/06,2.16
9/15/06,2.151
9/18/06,2.1467
9/19/06,2.1591
9/20/06,2.1759
9/21/06,2.212
9/22/06,2.2075
9/25/06,2.2203
9/26/06,2.1871
9/27/06,2.1862
9/28/06,2.17
9/29/06,2.169
10/2/06,2.1565
10/3/06,2.1754
10/4/06,2.1639
10/5/06,2.1635
10/6/06,2.162
10/9/06,2.1552
10/10/06,2.1553
10/11/06,2.159
10/12/06,2.1581
10/13/06,2.1371
10/16/06,2.1294
10/17/06,2.1315
10/18/06,2.1371
10/19/06,2.1409
10/20/06,2.1402
10/23/06,2.1392
10/24/06,2.1502
10/25/06,2.1442
10/26/06,2.1402
10/27/06,2.1336
10/30/06,2.1494
10/31/06,2.1418
11/1/06,2.1443
11/2/06,2.1443
11/3/06,2.139
11/6/06,2.1372
11/7/06,2.1379
11/8/06,2.1445
11/9/06,2.1415
11/10/06,2.1514
11/13/06,2.1688
11/14/06,2.148
11/15/06,2.147
11/16/06,2.1528
11/17/06,2.1605
11/20/06,2.16
11/21/06,2.1632
11/22/06,2.166
11/23/06,2.1685
11/24/06,2.1691
11/27/06,2.1912
11/28/06,2.1868
11/29/06,2.1686
11/30/06,2.1649
12/1/06,2.1668
12/4/06,2.1637
12/5/06,2.1505
12/6/06,2.1462
12/7/06,2.1432
12/8/06,2.1395
12/11/06,2.1372
12/12/06,2.1517
12/13/06,2.147
12/14/06,2.1476
12/15/06,2.1458
12/18/06,2.1488
12/19/06,2.1612
12/20/06,2.1572
12/21/06,2.1571
12/22/06,2.1478
12/25/06,2.1478
12/26/06,2.143
12/27/06,2.1432
12/28/06,2.1363
12/29/06,2.1364
1/1/07,2.1364
1/2/07,2.1311
1/3/07,2.1394
1/4/07,2.1441
1/5/07,2.1523
1/8/07,2.1512
1/9/07,2.149
1/10/07,2.1485
1/11/07,2.1445
1/12/07,2.1414
1/15/07,2.142
1/16/07,2.1401
1/17/07,2.1342
1/18/07,2.1352
1/19/07,2.1304
1/22/07,2.136
1/23/07,2.1323
1/24/07,2.1278
1/25/07,2.133
1/26/07,2.1381
1/29/07,2.1345
1/30/07,2.1311
1/31/07,2.1229
2/1/07,2.1004
2/2/07,2.1043
2/5/07,2.0933
2/6/07,2.0859
2/7/07,2.0925
2/8/07,2.0929
2/9/07,2.108
2/12/07,2.1135
2/13/07,2.1076
2/14/07,2.0915
2/15/07,2.0934
2/16/07,2.092
2/19/07,2.092
2/20/07,2.084
2/21/07,2.0765
2/22/07,2.0815
2/23/07,2.0877
2/26/07,2.0825
2/27/07,2.1197
2/28/07,2.1205
3/1/07,2.1188
3/2/07,2.1318
3/5/07,2.134
3/6/07,2.1168
3/7/07,2.1123
3/8/07,2.1065
3/9/07,2.0983
3/12/07,2.0876
3/13/07,2.1035
3/14/07,2.0972
3/15/07,2.0888
3/16/07,2.0922
3/19/07,2.0785
3/20/07,2.0762
3/21/07,2.059
3/22/07,2.0583
3/23/07,2.0612
3/26/07,2.0603
3/27/07,2.062
3/28/07,2.0685
3/29/07,2.0444
3/30/07,2.0594
4/2/07,2.0478
4/3/07,2.0362
4/4/07,2.0332
4/5/07,2.0315
4/6/07,2.0315
4/9/07,2.0242
4/10/07,2.0273
4/11/07,2.0378
4/12/07,2.0343
4/13/07,2.0215
4/16/07,2.0354
4/17/07,2.0351
4/18/07,2.0327
4/19/07,2.0292
4/20/07,2.026
4/23/07,2.0355
4/24/07,2.0344
4/25/07,2.0206
4/26/07,2.0274
4/27/07,2.0313
4/30/07,2.0345
5/1/07,2.0345
5/2/07,2.0225
5/3/07,2.027
5/4/07,2.0335
5/7/07,2.0203
5/8/07,2.0221
5/9/07,2.0178
5/10/07,2.0222
5/11/07,2.0183
5/14/07,2.0075
5/15/07,1.9815
5/16/07,1.9527
5/17/07,1.952
5/18/07,1.9607
5/21/07,1.938
5/22/07,1.9432
5/23/07,1.9508
5/24/07,1.9692
5/25/07,1.951
5/28/07,1.9422
5/29/07,1.949
5/30/07,1.94
5/31/07,1.9246
6/1/07,1.9049
6/4/07,1.927
6/5/07,1.9457
6/6/07,1.9514
6/7/07,1.9653
6/8/07,1.9595
6/11/07,1.941
6/12/07,1.946
6/13/07,1.944
6/14/07,1.9256
6/15/07,1.912
6/18/07,1.9048
6/19/07,1.9045
6/20/07,1.9287
6/21/07,1.9159
6/22/07,1.9417
6/25/07,1.9505
6/26/07,1.9535
6/27/07,1.9434
6/28/07,1.9215
6/29/07,1.929
7/2/07,1.915
7/3/07,1.9092
7/4/07,1.91
7/5/07,1.9135
7/6/07,1.902
7/9/07,1.896
7/10/07,1.8918
7/11/07,1.8918
7/12/07,1.8731
7/13/07,1.862
7/16/07,1.87
7/17/07,1.86
7/18/07,1.8595
7/19/07,1.8543
7/20/07,1.8565
7/23/07,1.8417
7/24/07,1.8623
7/25/07,1.866
7/26/07,1.9285
7/27/07,1.8945
7/30/07,1.8759
7/31/07,1.8825
8/1/07,1.882
8/2/07,1.8745
8/3/07,1.8999
8/6/07,1.9063
8/7/07,1.9056
8/8/07,1.884
8/9/07,1.9265
8/10/07,1.9515
8/13/07,1.9422
8/14/07,1.9853
8/15/07,2.0295
8/16/07,2.093
8/17/07,2.0246
8/20/07,2.0287
8/21/07,2.0341
8/22/07,2.011
8/23/07,1.9874
8/24/07,1.9419
8/27/07,1.9497
8/28/07,2.0015
8/29/07,1.9658
8/30/07,1.975
8/31/07,1.9619
9/3/07,1.954
9/4/07,1.9475
9/5/07,1.967
9/6/07,1.945
9/7/07,1.945
9/10/07,1.9455
9/11/07,1.9237
9/12/07,1.909
9/13/07,1.904
9/14/07,1.9005
9/17/07,1.9195
9/18/07,1.877
9/19/07,1.8681
9/20/07,1.8819
9/21/07,1.8677
9/24/07,1.8701
9/25/07,1.8591
9/26/07,1.846
9/27/07,1.843
9/28/07,1.8336
10/1/07,1.809
10/2/07,1.8242
10/3/07,1.839
10/4/07,1.8244
10/5/07,1.804
10/8/07,1.8178
10/9/07,1.803
10/10/07,1.8041
10/11/07,1.8055
10/12/07,1.8055
10/15/07,1.8143
10/16/07,1.8147
10/17/07,1.8217
10/18/07,1.7848
10/19/07,1.8035
10/22/07,1.817
10/23/07,1.7966
10/24/07,1.8076
10/25/07,1.7943
10/26/07,1.768
10/29/07,1.756
10/30/07,1.7524
10/31/07,1.736
11/1/07,1.7477
11/2/07,1.7477
11/5/07,1.7489
11/6/07,1.7355
11/7/07,1.74
11/8/07,1.7429
11/9/07,1.7454
11/12/07,1.7775
11/13/07,1.766
11/14/07,1.733
11/15/07,1.733
11/16/07,1.7455
11/19/07,1.7664
11/20/07,1.7585
11/21/07,1.7759
11/22/07,1.7795
11/23/07,1.8033
11/26/07,1.8232
11/27/07,1.8365
11/28/07,1.794
11/29/07,1.7935
11/30/07,1.7924
12/3/07,1.7929
12/4/07,1.8088
12/5/07,1.7964
12/6/07,1.7748
12/7/07,1.7591
12/10/07,1.7657
12/11/07,1.7571
12/12/07,1.7728
12/13/07,1.782
12/14/07,1.7955
12/17/07,1.813
12/18/07,1.8125
12/19/07,1.801
12/20/07,1.804
12/21/07,1.7926
12/24/07,1.791
12/25/07,1.7922
12/26/07,1.7711
12/27/07,1.7602
12/28/07,1.7761
12/31/07,1.78
1/1/08,1.78
1/2/08,1.7712
1/3/08,1.7521
1/4/08,1.7547
1/7/08,1.764
1/8/08,1.7605
1/9/08,1.7684
1/10/08,1.757
1/11/08,1.7471
1/14/08,1.7342
1/15/08,1.7521
1/16/08,1.7729
1/17/08,1.7856
1/18/08,1.7852
1/21/08,1.8306
1/22/08,1.7924
1/23/08,1.8245
1/24/08,1.7855
1/25/08,1.7816
1/28/08,1.7839
1/29/08,1.78
1/30/08,1.7797
1/31/08,1.7592
2/1/08,1.7454
2/4/08,1.744
2/5/08,1.763
2/6/08,1.7522
2/7/08,1.7572
2/8/08,1.7692
2/11/08,1.7574
2/12/08,1.7495
2/13/08,1.7426
2/14/08,1.7502
2/15/08,1.7534
2/18/08,1.7353
2/19/08,1.7322
2/20/08,1.7225
2/21/08,1.7095
2/22/08,1.7075
2/25/08,1.705
2/26/08,1.6839
2/27/08,1.6705
2/28/08,1.6689
2/29/08,1.6907
3/3/08,1.672
3/4/08,1.6859
3/5/08,1.6701
3/6/08,1.6789
3/7/08,1.6834
3/10/08,1.7064
3/11/08,1.6822
3/12/08,1.6738
3/13/08,1.6918
3/14/08,1.7119
3/17/08,1.7226
3/18/08,1.6891
3/19/08,1.7205
3/20/08,1.7328
3/21/08,1.7318
3/24/08,1.7465
3/25/08,1.7309
3/26/08,1.7251
3/27/08,1.736
3/28/08,1.7434
3/31/08,1.7519
4/1/08,1.7444
4/2/08,1.727
4/3/08,1.717
4/4/08,1.7095
4/7/08,1.7039
4/8/08,1.6935
4/9/08,1.6885
4/10/08,1.684
4/11/08,1.6906
4/14/08,1.687
4/15/08,1.6833
4/16/08,1.6619
4/17/08,1.6577
4/18/08,1.669
4/21/08,1.664
4/22/08,1.6602
4/23/08,1.6579
4/24/08,1.67
4/25/08,1.6667
4/28/08,1.6884
4/29/08,1.7044
4/30/08,1.6629
5/1/08,1.6626
5/2/08,1.6498
5/5/08,1.658
5/6/08,1.6597
5/7/08,1.6892
5/8/08,1.6928
5/9/08,1.6852
5/12/08,1.6645
5/13/08,1.6557
5/14/08,1.663
5/15/08,1.6545
5/16/08,1.641
5/19/08,1.6488
5/20/08,1.6495
5/21/08,1.6582
5/22/08,1.6582
5/23/08,1.6593
5/26/08,1.6587
5/27/08,1.6705
5/28/08,1.6547
5/29/08,1.637
5/30/08,1.627
6/2/08,1.6315
6/3/08,1.6286
6/4/08,1.6287
6/5/08,1.6264
6/6/08,1.6341
6/9/08,1.6262
6/10/08,1.6455
6/11/08,1.6408
6/12/08,1.6342
6/13/08,1.6355
6/16/08,1.6247
6/17/08,1.6073
6/18/08,1.6063
6/19/08,1.603
6/20/08,1.6057
6/23/08,1.6115
6/24/08,1.6028
6/25/08,1.5915
6/26/08,1.6042
6/27/08,1.594
6/30/08,1.6037
7/1/08,1.598
7/2/08,1.6086
7/3/08,1.6137
7/4/08,1.607
7/7/08,1.6015
7/8/08,1.612
7/9/08,1.6095
7/10/08,1.605
7/11/08,1.601
7/14/08,1.5948
7/15/08,1.5931
7/16/08,1.5966
7/17/08,1.5983
7/18/08,1.5893
7/21/08,1.5814
7/22/08,1.5792
7/23/08,1.5836
7/24/08,1.5781
7/25/08,1.5728
7/28/08,1.5757
7/29/08,1.5686
7/30/08,1.562
7/31/08,1.5654
8/1/08,1.56
8/4/08,1.5619
8/5/08,1.5746
8/6/08,1.5775
8/7/08,1.5972
8/8/08,1.6087
8/11/08,1.6236
8/12/08,1.6226
8/13/08,1.6115
8/14/08,1.6236
8/15/08,1.638
8/18/08,1.6394
8/19/08,1.6234
8/20/08,1.6185
8/21/08,1.609
8/22/08,1.627
8/25/08,1.6312
8/26/08,1.6288
8/27/08,1.6219
8/28/08,1.6324
8/29/08,1.6315
9/1/08,1.6497
9/2/08,1.6592
9/3/08,1.6775
9/4/08,1.7175
9/5/08,1.716
9/8/08,1.736
9/9/08,1.777
9/10/08,1.7878
9/11/08,1.8123
9/12/08,1.781
9/15/08,1.8149
9/16/08,1.808
9/17/08,1.8892
9/18/08,1.8965
9/19/08,1.8298
9/22/08,1.8032
9/23/08,1.8465
9/24/08,1.8596
9/25/08,1.8206
9/26/08,1.8445
9/29/08,1.9634
9/30/08,1.9046
10/1/08,1.9176
10/2/08,2.0206
10/3/08,2.044
10/6/08,2.179
10/7/08,2.311
10/8/08,2.3342
10/9/08,2.2826
10/10/08,2.313
10/13/08,2.144
10/14/08,2.0963
10/15/08,2.2265
10/16/08,2.1335
10/17/08,2.119
10/20/08,2.1183
10/21/08,2.2386
10/22/08,2.379
10/23/08,2.2608
10/24/08,2.3075
10/27/08,2.2506
10/28/08,2.161
10/29/08,2.1335
10/30/08,2.105
10/31/08,2.159
11/3/08,2.1795
11/4/08,2.1123
11/5/08,2.1295
11/6/08,2.2182
11/7/08,2.1643
11/10/08,2.172
11/11/08,2.2085
11/12/08,2.3176
11/13/08,2.3305
11/14/08,2.2415
11/17/08,2.2891
11/18/08,2.327
11/19/08,2.3952
11/20/08,2.3925
11/21/08,2.4614
11/24/08,2.3195
11/25/08,2.3148
11/26/08,2.2242
11/27/08,2.3067
11/28/08,2.3063
12/1/08,2.3373
12/2/08,2.4079
12/3/08,2.4975
12/4/08,2.5035
12/5/08,2.4335
12/8/08,2.5127
12/9/08,2.4716
12/10/08,2.4466
12/11/08,2.3659
12/12/08,2.3942
12/15/08,2.3848
12/16/08,2.3149
12/17/08,2.3634
12/18/08,2.4274
12/19/08,2.3552
12/22/08,2.4054
12/23/08,2.377
12/24/08,2.376
12/25/08,2.376
12/26/08,2.366
12/29/08,2.3972
12/30/08,2.3298
12/31/08,2.3145
1/1/09,2.3145
1/2/09,2.3177
1/5/09,2.2372
1/6/09,2.1765
1/7/09,2.2676
1/8/09,2.2948
1/9/09,2.2532
1/12/09,2.3156
1/13/09,2.3168
1/14/09,2.3705
1/15/09,2.3543
1/16/09,2.3304
1/19/09,2.3535
1/20/09,2.3747
1/21/09,2.3373
1/22/09,2.3205
1/23/09,2.3297
1/26/09,2.3227
1/27/09,2.3424
1/28/09,2.2717
1/29/09,2.2935
1/30/09,2.323
2/2/09,2.3147
2/3/09,2.3052
2/4/09,2.3075
2/5/09,2.2823
2/6/09,2.2435
2/9/09,2.2589
2/10/09,2.3093
2/11/09,2.2692
2/12/09,2.3071
2/13/09,2.254
2/16/09,2.274
2/17/09,2.3394
2/18/09,2.355
2/19/09,2.3738
2/20/09,2.3835
2/23/09,2.3815
2/24/09,2.384
2/25/09,2.3691
2/26/09,2.3556
2/27/09,2.3866
3/2/09,2.4473
3/3/09,2.4171
3/4/09,2.3691
3/5/09,2.393
3/6/09,2.3755
3/9/09,2.3862
3/10/09,2.3334
3/11/09,2.3402
3/12/09,2.2957
3/13/09,2.3052
3/16/09,2.2842
3/17/09,2.2825
3/18/09,2.2495
3/19/09,2.2564
3/20/09,2.27
3/23/09,2.2449
3/24/09,2.2492
3/25/09,2.2378
3/26/09,2.2488
3/27/09,2.2911
3/30/09,2.331
3/31/09,2.3228
4/1/09,2.2738
4/2/09,2.2312
4/3/09,2.2097
4/6/09,2.2227
4/7/09,2.2156
4/8/09,2.2032
4/9/09,2.171
4/10/09,2.171
4/13/09,2.173
4/14/09,2.2086
4/15/09,2.1835
4/16/09,2.1741
4/17/09,2.1952
4/20/09,2.2477
4/21/09,2.2212
4/22/09,2.2106
4/23/09,2.2054
4/24/09,2.1838
4/27/09,2.2236
4/28/09,2.2008
4/29/09,2.1796
4/30/09,2.1904
5/1/09,2.174
5/4/09,2.1142
5/5/09,2.1361
5/6/09,2.1137
5/7/09,2.1113
5/8/09,2.0608
5/11/09,2.0678
5/12/09,2.0705
5/13/09,2.114
5/14/09,2.0862
5/15/09,2.1153
5/18/09,2.0706
5/19/09,2.0404
5/20/09,2.0335
5/21/09,2.0311
5/22/09,2.0269
5/25/09,2.0274
5/26/09,2.0067
5/27/09,2.0405
5/28/09,2.0025
5/29/09,1.9702
6/1/09,1.9518
6/2/09,1.9231
6/3/09,1.9648
6/4/09,1.9378
6/5/09,1.9615
6/8/09,1.9633
6/9/09,1.944
6/10/09,1.9474
6/11/09,1.924
6/12/09,1.926
6/15/09,1.9502
6/16/09,1.9735
6/17/09,1.9706
6/18/09,1.972
6/19/09,1.9753
6/22/09,2.0327
6/23/09,1.9794
6/24/09,1.9709
6/25/09,1.9426
6/26/09,1.9363
6/29/09,1.9567
6/30/09,1.9518
7/1/09,1.9325
7/2/09,1.9557
7/3/09,1.9534
7/6/09,1.9525
7/7/09,1.9975
7/8/09,2.0032
7/9/09,2.0092
7/10/09,1.9958
7/13/09,1.9782
7/14/09,1.9605
7/15/09,1.933
7/16/09,1.9318
7/17/09,1.9261
7/20/09,1.9
7/21/09,1.8977
7/22/09,1.9038
7/23/09,1.8991
7/24/09,1.8958
7/27/09,1.8735
7/28/09,1.8809
7/29/09,1.8935
7/30/09,1.883
7/31/09,1.8651
8/3/09,1.825
8/4/09,1.8163
8/5/09,1.8136
8/6/09,1.8418
8/7/09,1.8203
8/10/09,1.8407
8/11/09,1.849
8/12/09,1.8388
8/13/09,1.8237
8/14/09,1.8484
8/17/09,1.8807
8/18/09,1.8443
8/19/09,1.8415
8/20/09,1.8442
8/21/09,1.8299
8/24/09,1.841
8/25/09,1.8616
8/26/09,1.862
8/27/09,1.8668
8/28/09,1.8812
8/31/09,1.8804
9/1/09,1.9137
9/2/09,1.8864
9/3/09,1.8603
9/4/09,1.8442
9/7/09,1.8426
9/8/09,1.8296
9/9/09,1.8338
9/10/09,1.8105
9/11/09,1.8306
9/14/09,1.8125
9/15/09,1.8037
9/16/09,1.8027
9/17/09,1.8055
9/18/09,1.8082
9/21/09,1.8247
9/22/09,1.7929
9/23/09,1.798
9/24/09,1.8002
9/25/09,1.7901
9/28/09,1.7872
9/29/09,1.7882
9/30/09,1.767
10/1/09,1.7866
10/2/09,1.782
10/5/09,1.7598
10/6/09,1.7596
10/7/09,1.7485
10/8/09,1.7364
10/9/09,1.741
10/12/09,1.744
10/13/09,1.7216
10/14/09,1.7009
10/15/09,1.701
10/16/09,1.71
10/19/09,1.7177
10/20/09,1.7547
10/21/09,1.7345
10/22/09,1.7185
10/23/09,1.7173
10/26/09,1.7328
10/27/09,1.7448
10/28/09,1.7793
10/29/09,1.7328
10/30/09,1.7612
11/2/09,1.764
11/3/09,1.7446
11/4/09,1.7207
11/5/09,1.7165
11/6/09,1.7202
11/9/09,1.6989
11/10/09,1.7117
11/11/09,1.7182
11/12/09,1.7359
11/13/09,1.7225
11/16/09,1.7122
11/17/09,1.7117
11/18/09,1.7255
11/19/09,1.7268
11/20/09,1.7314
11/23/09,1.7265
11/24/09,1.7313
11/25/09,1.7221
11/26/09,1.7469
11/27/09,1.7408
11/30/09,1.7557
12/1/09,1.7207
12/2/09,1.7186
12/3/09,1.7103
12/4/09,1.7315
12/7/09,1.7336
12/8/09,1.762
12/9/09,1.7622
12/10/09,1.7567
12/11/09,1.7585
12/14/09,1.7465
12/15/09,1.752
12/16/09,1.7563
12/17/09,1.7818
12/18/09,1.7802
12/21/09,1.7846
12/22/09,1.7809
12/23/09,1.76
12/24/09,1.763
12/25/09,1.763
12/28/09,1.7418
12/29/09,1.7407
12/30/09,1.7416
12/31/09,1.7445
1/1/10,1.7445
1/4/10,1.72
1/5/10,1.7306
1/6/10,1.731
1/7/10,1.7465
1/8/10,1.7264
1/11/10,1.7373
1/12/10,1.7484
1/13/10,1.7569
1/14/10,1.7602
1/15/10,1.7723
1/18/10,1.7643
1/19/10,1.7701
1/20/10,1.7888
1/21/10,1.803
1/22/10,1.8247
1/25/10,1.821
1/26/10,1.8353
1/27/10,1.858
1/28/10,1.872
1/29/10,1.895
2/1/10,1.8481
2/2/10,1.8297
2/3/10,1.8525
2/4/10,1.8769
2/5/10,1.8793
2/8/10,1.8755
2/9/10,1.8473
2/10/10,1.8562
2/11/10,1.8433
2/12/10,1.8544
2/15/10,1.8544
2/16/10,1.8544
2/17/10,1.8304
2/18/10,1.8088
2/19/10,1.8027
2/22/10,1.8113
2/23/10,1.8269
2/24/10,1.8246
2/25/10,1.8238
2/26/10,1.8076
3/1/10,1.7978
3/2/10,1.7928
3/3/10,1.7915
3/4/10,1.7884
3/5/10,1.7782
3/8/10,1.7885
3/9/10,1.7757
3/10/10,1.7688
3/11/10,1.7639
3/12/10,1.7624
3/15/10,1.7644
3/16/10,1.7674
3/17/10,1.767
3/18/10,1.7917
3/19/10,1.8017
3/22/10,1.7897
3/23/10,1.7761
3/24/10,1.8012
3/25/10,1.8191
3/26/10,1.819
3/29/10,1.7945
3/30/10,1.7899
3/31/10,1.7813
4/1/10,1.7646
4/2/10,1.7646
4/5/10,1.7618
4/6/10,1.7531
4/7/10,1.7813
4/8/10,1.7809
4/9/10,1.764
4/12/10,1.7532
4/13/10,1.7495
4/14/10,1.7455
4/15/10,1.7488
4/16/10,1.7582
4/19/10,1.754
4/20/10,1.7509
4/21/10,1.7509
4/22/10,1.7638
4/23/10,1.7565
4/26/10,1.7465
4/27/10,1.7713
4/28/10,1.7485
4/29/10,1.7277
4/30/10,1.7394
5/3/10,1.727
5/4/10,1.7648
5/5/10,1.7951
5/6/10,1.8551
5/7/10,1.838
5/10/10,1.771
5/11/10,1.7904
5/12/10,1.7741
5/13/10,1.7756
5/14/10,1.7993
5/17/10,1.8006
5/18/10,1.8219
5/19/10,1.8278
5/20/10,1.8836
5/21/10,1.8534
5/24/10,1.8704
5/25/10,1.8451
5/26/10,1.8717
5/27/10,1.8153
5/28/10,1.8171
5/31/10,1.8209
6/1/10,1.8478
6/2/10,1.8176
6/3/10,1.8176
6/4/10,1.8654
6/7/10,1.8798
6/8/10,1.8543
6/9/10,1.8501
6/10/10,1.8045
6/11/10,1.8107
6/14/10,1.8111
6/15/10,1.7875
6/16/10,1.7873
6/17/10,1.7802
6/18/10,1.7721
6/21/10,1.7712
6/22/10,1.788
6/23/10,1.7873
6/24/10,1.7836
6/25/10,1.7802
6/28/10,1.7803
6/29/10,1.8134
6/30/10,1.8047
7/1/10,1.7911
7/2/10,1.7721
7/5/10,1.7774
7/6/10,1.7796
7/7/10,1.7674
7/8/10,1.7605
7/9/10,1.7554
7/12/10,1.7607
7/13/10,1.757
7/14/10,1.7626
7/15/10,1.7629
7/16/10,1.7821
7/19/10,1.7926
7/20/10,1.7742
7/21/10,1.7808
7/22/10,1.7581
7/23/10,1.7738
7/26/10,1.7624
7/27/10,1.7672
7/28/10,1.769
7/29/10,1.758
7/30/10,1.7549
8/2/10,1.752
8/3/10,1.7574
8/4/10,1.7522
8/5/10,1.7518
8/6/10,1.7609
8/9/10,1.7489
8/10/10,1.7534
8/11/10,1.7748
8/12/10,1.7697
8/13/10,1.772
8/16/10,1.7546
8/17/10,1.7544
8/18/10,1.7531
8/19/10,1.7555
8/20/10,1.7562
8/23/10,1.77
8/24/10,1.7705
8/25/10,1.7635
8/26/10,1.7619
8/27/10,1.7501
8/30/10,1.7594
8/31/10,1.7559
9/1/10,1.746
9/2/10,1.726
9/3/10,1.7328
9/6/10,1.7267
9/7/10,1.7267
9/8/10,1.7263
9/9/10,1.7203
9/10/10,1.7222
9/13/10,1.7106
9/14/10,1.7099
9/15/10,1.7236
9/16/10,1.7118
9/17/10,1.7213
9/20/10,1.7331
9/21/10,1.7108
9/22/10,1.7183
9/23/10,1.723
9/24/10,1.7109
9/27/10,1.7106
9/28/10,1.7079
9/29/10,1.7079
9/30/10,1.7079
10/1/10,1.7079
10/4/10,1.699
10/5/10,1.6648
10/6/10,1.6792
10/7/10,1.6815
10/8/10,1.6664
10/11/10,1.6692
10/12/10,1.6692
10/13/10,1.6525
10/14/10,1.6602
10/15/10,1.6654
10/18/10,1.6655
10/19/10,1.6829
10/20/10,1.6743
10/21/10,1.6996
10/22/10,1.7099
10/25/10,1.7061
10/26/10,1.7032
10/27/10,1.7207
10/28/10,1.713
10/29/10,1.7019
11/1/10,1.7039
11/2/10,1.7039
11/3/10,1.7001
11/4/10,1.6773
11/5/10,1.6785
11/8/10,1.6985
11/9/10,1.6987
11/10/10,1.7115
11/11/10,1.7162
11/12/10,1.7221
11/15/10,1.7221
11/16/10,1.7401
11/17/10,1.7254
11/18/10,1.7154
11/19/10,1.7192
11/22/10,1.7281
11/23/10,1.7357
11/24/10,1.7222
11/25/10,1.721
11/26/10,1.7264
11/29/10,1.724
11/30/10,1.7129
12/1/10,1.7057
12/2/10,1.696
12/3/10,1.6862
12/6/10,1.6749
12/7/10,1.6812
12/8/10,1.6963
12/9/10,1.7097
12/10/10,1.7132
12/13/10,1.695
12/14/10,1.6927
12/15/10,1.7051
12/16/10,1.7008
12/17/10,1.7147
12/20/10,1.7074
12/21/10,1.6964
12/22/10,1.6961
12/23/10,1.6965
12/24/10,1.6971
12/27/10,1.6909
12/28/10,1.691
12/29/10,1.6779
12/30/10,1.6619
12/31/10,1.6613
1/3/11,1.6496
1/4/11,1.6618
1/5/11,1.6746
1/6/11,1.6861
1/7/11,1.6875
1/10/11,1.689
1/11/11,1.6881
1/12/11,1.6754
1/13/11,1.6677
1/14/11,1.6844
1/17/11,1.6823
1/18/11,1.6764
1/19/11,1.6732
1/20/11,1.6738
1/21/11,1.6684
1/24/11,1.6713
1/25/11,1.672
1/26/11,1.6703
1/27/11,1.6785
1/28/11,1.6846
1/31/11,1.6736
2/1/11,1.6624
2/2/11,1.6674
2/3/11,1.6696
2/4/11,1.6734
2/7/11,1.6772
2/8/11,1.6655
2/9/11,1.6602
2/10/11,1.67
2/11/11,1.666
2/14/11,1.6675
2/15/11,1.6692
2/16/11,1.6714
2/17/11,1.6626
2/18/11,1.6635
2/21/11,1.6668
2/22/11,1.6708
2/23/11,1.6754
2/24/11,1.664
2/25/11,1.6751
2/28/11,1.6632
3/1/11,1.6633
3/2/11,1.6595
3/3/11,1.651
3/4/11,1.6435
3/7/11,1.6435
3/8/11,1.6435
3/9/11,1.6547
3/10/11,1.6617
3/11/11,1.6647
3/14/11,1.66
3/15/11,1.666
3/16/11,1.6756
3/17/11,1.6784
3/18/11,1.6652
3/21/11,1.666
3/22/11,1.6598
3/23/11,1.6608
3/24/11,1.659
3/25/11,1.6599
3/28/11,1.6629
3/29/11,1.6463
3/30/11,1.6291
3/31/11,1.6325
4/1/11,1.6066
4/4/11,1.6076
4/5/11,1.6095
4/6/11,1.6146
4/7/11,1.5867
4/8/11,1.573
4/11/11,1.5833
4/12/11,1.5947
4/13/11,1.5868
4/14/11,1.5781
4/15/11,1.5767
4/18/11,1.5893
4/19/11,1.5772
4/20/11,1.566
4/21/11,1.566
4/22/11,1.566
4/25/11,1.5696
4/26/11,1.5625
4/27/11,1.5659
4/28/11,1.5778
4/29/11,1.5743
5/2/11,1.5884
5/3/11,1.5866
5/4/11,1.6176
5/5/11,1.6221
5/6/11,1.6155
5/9/11,1.6142
5/10/11,1.6038
5/11/11,1.6219
5/12/11,1.6195
5/13/11,1.6367
5/16/11,1.6353
5/17/11,1.6165
5/18/11,1.6097
5/19/11,1.6164
5/20/11,1.6236
5/23/11,1.6333
5/24/11,1.624
5/25/11,1.6297
5/26/11,1.615
5/27/11,1.5948
5/30/11,1.5939
5/31/11,1.5805
6/1/11,1.5942
6/2/11,1.5746
6/3/11,1.575
6/6/11,1.5839
6/7/11,1.5797
6/8/11,1.5831
6/9/11,1.5832
6/10/11,1.5968
6/13/11,1.5837
6/14/11,1.5837
6/15/11,1.6002
6/16/11,1.6029
6/17/11,1.5974
6/20/11,1.597
6/21/11,1.5861
6/22/11,1.591
6/23/11,1.591
6/24/11,1.6047
6/27/11,1.5943
6/28/11,1.5764
6/29/11,1.5706
6/30/11,1.5635
7/1/11,1.556
7/4/11,1.553
7/5/11,1.5646
7/6/11,1.5697
7/7/11,1.5537
7/8/11,1.5624
7/11/11,1.5773
7/12/11,1.5791
7/13/11,1.5751
7/14/11,1.5792
7/15/11,1.5743
7/18/11,1.5742
7/19/11,1.5633
7/20/11,1.5658
7/21/11,1.5523
7/22/11,1.552
7/25/11,1.5398
7/26/11,1.5391
7/27/11,1.555
7/28/11,1.5675
7/29/11,1.5497
8/1/11,1.5658
8/2/11,1.5684
8/3/11,1.5591
8/4/11,1.5888
8/5/11,1.5778
8/8/11,1.6256
8/9/11,1.5885
8/10/11,1.6246
8/11/11,1.6242
8/12/11,1.611
8/15/11,1.5895
8/16/11,1.5902
8/17/11,1.5882
8/18/11,1.599
8/19/11,1.5995
8/22/11,1.6066
8/23/11,1.5971
8/24/11,1.6131
8/25/11,1.6098
8/26/11,1.6033
8/29/11,1.5914
8/30/11,1.5944
8/31/11,1.5896
9/1/11,1.6197
9/2/11,1.6409
9/5/11,1.645
9/6/11,1.657
9/7/11,1.657
9/8/11,1.6602
9/9/11,1.6736
9/12/11,1.7028
9/13/11,1.7097
9/14/11,1.7149
9/15/11,1.7072
9/16/11,1.7327
9/19/11,1.7979
9/20/11,1.7855
9/21/11,1.875
9/22/11,1.905
9/23/11,1.834
9/26/11,1.8242
9/27/11,1.8057
9/28/11,1.8408
9/29/11,1.8403
9/30/11,1.8792
10/3/11,1.8909
10/4/11,1.8581
10/5/11,1.8325
10/6/11,1.781
10/7/11,1.772
10/10/11,1.7632
10/11/11,1.7757
10/12/11,1.7757
10/13/11,1.751
10/14/11,1.7328
10/17/11,1.7741
10/18/11,1.7543
10/19/11,1.7745
10/20/11,1.7809
10/21/11,1.7757
10/24/11,1.7508
10/25/11,1.766
10/26/11,1.7587
10/27/11,1.7098
10/28/11,1.6721
10/31/11,1.7173
11/1/11,1.7446
11/2/11,1.7446
11/3/11,1.7368
11/4/11,1.7517
11/7/11,1.7475
11/8/11,1.7327
11/9/11,1.7793
11/10/11,1.7615
11/11/11,1.7429
11/14/11,1.7675
11/15/11,1.7675
11/16/11,1.7701
11/17/11,1.7795
11/18/11,1.7865
11/21/11,1.8071
11/22/11,1.8186
11/23/11,1.8659
11/24/11,1.8982
11/25/11,1.8918
11/28/11,1.8616
11/29/11,1.8454
11/30/11,1.8085
12/1/11,1.8002
12/2/11,1.7907
12/5/11,1.7861
12/6/11,1.7912
12/7/11,1.7996
12/8/11,1.8244
12/9/11,1.7982
12/12/11,1.844
12/13/11,1.8638
12/14/11,1.8797
12/15/11,1.8601
12/16/11,1.8512
12/19/11,1.8673
12/20/11,1.8452
12/21/11,1.8589
12/22/11,1.8527
12/23/11,1.8564
12/26/11,1.8568
12/27/11,1.86
12/28/11,1.8731
12/29/11,1.8663
12/30/11,1.8663
1/2/12,1.8767
1/3/12,1.8308
1/4/12,1.8327
1/5/12,1.8433
1/6/12,1.8569
1/9/12,1.8329
1/10/12,1.7996
1/11/12,1.8021
1/12/12,1.7789
1/13/12,1.7864
1/16/12,1.7863
1/17/12,1.7875
1/18/12,1.767
1/19/12,1.765
1/20/12,1.7552
1/23/12,1.755
1/24/12,1.7587
1/25/12,1.765
1/26/12,1.7497
1/27/12,1.7355
1/30/12,1.7491
1/31/12,1.7471
2/1/12,1.7343
2/2/12,1.7187
2/3/12,1.7179
2/6/12,1.7258
2/7/12,1.7258
2/8/12,1.7217
2/9/12,1.716
2/10/12,1.7222
2/13/12,1.7163
2/14/12,1.7248
2/15/12,1.729
2/16/12,1.7165
2/17/12,1.7138
2/20/12,1.7138
2/21/12,1.7138
2/22/12,1.7058
2/23/12,1.7138
2/24/12,1.7098
2/27/12,1.7069
2/28/12,1.6958
2/29/12,1.7177
3/1/12,1.7136
3/2/12,1.7305
3/5/12,1.7394
3/6/12,1.7582
3/7/12,1.7661
3/8/12,1.7606
3/9/12,1.7914
3/12/12,1.7968
3/13/12,1.7925
3/14/12,1.8047
3/15/12,1.7982
3/16/12,1.7997
3/19/12,1.8209
3/20/12,1.8143
3/21/12,1.818
3/22/12,1.819
3/23/12,1.81
3/26/12,1.8172
3/27/12,1.8215
3/28/12,1.8259
3/29/12,1.8214
3/30/12,1.8263
4/2/12,1.8325
4/3/12,1.8249
4/4/12,1.8263
4/5/12,1.8202
4/6/12,1.8202
4/9/12,1.818
4/10/12,1.8335
4/11/12,1.8358
4/12/12,1.8271
4/13/12,1.8376
4/16/12,1.8473
4/17/12,1.861
4/18/12,1.8786
4/19/12,1.8807
4/20/12,1.8726
4/23/12,1.881
4/24/12,1.8788
4/25/12,1.8797
4/26/12,1.8854
4/27/12,1.8878
4/30/12,1.9073
5/1/12,1.9073
5/2/12,1.924
5/3/12,1.911
5/4/12,1.9276
5/7/12,1.9195
5/8/12,1.9403
5/9/12,1.9697
5/10/12,1.9532
5/11/12,1.9668
5/14/12,1.9959
5/15/12,2.0017
5/16/12,2.0009
5/17/12,2.009
5/18/12,2.0236
5/21/12,2.0418
5/22/12,2.0906
5/23/12,2.031
5/24/12,2.0284
5/25/12,1.9845
5/28/12,1.9832
5/29/12,1.9926
5/30/12,2.016
5/31/12,2.0226
6/1/12,2.0401
6/4/12,2.0585
6/5/12,2.0247
6/6/12,2.0328
6/7/12,2.0328
6/8/12,2.0241
6/11/12,2.0653
6/12/12,2.0688
6/13/12,2.0721
6/14/12,2.0563
6/15/12,2.0484
6/18/12,2.059
6/19/12,2.0281
6/20/12,2.0258
6/21/12,2.0563
6/22/12,2.0657
6/25/12,2.062
6/26/12,2.0761
6/27/12,2.0754
6/28/12,2.0765
6/29/12,2.0093
7/2/12,1.9849
7/3/12,2.0155
7/4/12,2.0283
7/5/12,2.0194
7/6/12,2.0279
7/9/12,2.0323
7/10/12,2.0336
7/11/12,2.0367
7/12/12,2.0374
7/13/12,2.037
7/16/12,2.0349
7/17/12,2.0219
7/18/12,2.023
7/19/12,2.0122
7/20/12,2.0235
7/23/12,2.0387
7/24/12,2.0477
7/25/12,2.0331
7/26/12,2.0213
7/27/12,2.0213
7/30/12,2.0404
7/31/12,2.0569
8/1/12,2.0445
8/2/12,2.0496
8/3/12,2.0285
8/6/12,2.0311
8/7/12,2.0285
8/8/12,2.0206
8/9/12,2.0132
8/10/12,2.0153
8/13/12,2.0207
8/14/12,2.0267
8/15/12,2.0229
8/16/12,2.017
8/17/12,2.0155
8/20/12,2.0168
8/21/12,2.016
8/22/12,2.0162
8/23/12,2.0236
8/24/12,2.027
8/27/12,2.0341
8/28/12,2.0428
8/29/12,2.0501
8/30/12,2.0486
8/31/12,2.0297
9/3/12,2.033
9/4/12,2.0429
9/5/12,2.0393
9/6/12,2.0285
9/7/12,2.0285
9/10/12,2.0224
9/11/12,2.0164
9/12/12,2.0259
9/13/12,2.0205
9/14/12,2.0123
9/17/12,2.032
9/18/12,2.0234
9/19/12,2.0237
9/20/12,2.0214
9/21/12,2.0225
9/24/12,2.0265
9/25/12,2.0314
9/26/12,2.036
9/27/12,2.0289
9/28/12,2.0258
10/1/12,2.0268
10/2/12,2.0251
10/3/12,2.023
10/4/12,2.019
10/5/12,2.0306
10/8/12,2.0294
10/9/12,2.0337
10/10/12,2.0426
10/11/12,2.038
10/12/12,2.038
10/15/12,2.032
10/16/12,2.0339
10/17/12,2.0317
10/18/12,2.028
10/19/12,2.027
10/22/12,2.0246
10/23/12,2.0264
10/24/12,2.0258
10/25/12,2.025
10/26/12,2.0265
10/29/12,2.0321
10/30/12,2.0305
10/31/12,2.0299
11/1/12,2.03
11/2/12,2.03
11/5/12,2.0352
11/6/12,2.032
11/7/12,2.0345
11/8/12,2.0405
11/9/12,2.0464
11/12/12,2.0509
11/13/12,2.0584
11/14/12,2.0666
11/15/12,2.0666
11/16/12,2.0847
11/19/12,2.0789
11/20/12,2.081
11/21/12,2.0984
11/22/12,2.1044
11/23/12,2.0816
11/26/12,2.0814
11/27/12,2.0838
11/28/12,2.0939
11/29/12,2.0987
11/30/12,2.136
12/3/12,2.1233
12/4/12,2.1199
12/5/12,2.0879
12/6/12,2.0771
12/7/12,2.075
12/10/12,2.077
12/11/12,2.0786
12/12/12,2.0719
12/13/12,2.0856
12/14/12,2.0861
12/17/12,2.0995
12/18/12,2.0889
12/19/12,2.0716
12/20/12,2.0695
12/21/12,2.0792
12/24/12,2.08
12/25/12,2.08
12/26/12,2.0492
12/27/12,2.0435
12/28/12,2.0428
12/31/12,2.0428
1/1/13,2.0428
1/2/13,2.0454
1/3/13,2.0457
1/4/13,2.0325
1/7/13,2.0278
1/8/13,2.0408
1/9/13,2.0406
1/10/13,2.0288
1/11/13,2.0338
1/14/13,2.0315
1/15/13,2.0357
1/16/13,2.0423
1/17/13,2.0397
1/18/13,2.0414
1/21/13,2.0414
1/22/13,2.0428
1/23/13,2.0354
1/24/13,2.0301
1/25/13,2.031
1/28/13,1.9955
1/29/13,1.9857
1/30/13,1.9893
1/31/13,1.9916
2/1/13,1.988
2/4/13,1.9955
2/5/13,1.984
2/6/13,1.9913
2/7/13,1.9667
2/8/13,1.9718
2/11/13,1.9718
2/12/13,1.9718
2/13/13,1.9646
2/14/13,1.9573
2/15/13,1.9693
2/18/13,1.9633
2/19/13,1.9554
2/20/13,1.9621
2/21/13,1.9728
2/22/13,1.9726
2/25/13,1.9835
2/26/13,1.9822
2/27/13,1.9729
2/28/13,1.9775
3/1/13,1.98
3/4/13,1.9698
3/5/13,1.964
3/6/13,1.9703
3/7/13,1.9584
3/8/13,1.9439
3/11/13,1.9564
3/12/13,1.9646
3/13/13,1.9718
3/14/13,1.9717
3/15/13,1.9828
3/18/13,1.9829
3/19/13,1.9849
3/20/13,1.9898
3/21/13,2.0078
3/22/13,2.0079
3/25/13,2.0131
3/26/13,2.0169
3/27/13,2.0109
3/28/13,2.0219
3/29/13,2.0219
4/1/13,2.0211
4/2/13,2.019
4/3/13,2.0248
4/4/13,2.0155
4/5/13,1.9854
4/8/13,1.9916
4/9/13,1.9813
4/10/13,1.9736
4/11/13,1.9748
4/12/13,1.9686
4/15/13,2.0021
4/16/13,1.9884
4/17/13,2.0006
4/18/13,2.019
4/19/13,2.0111
4/22/13,2.021
4/23/13,2.0238
4/24/13,2.0105
4/25/13,2.0015
4/26/13,1.9987
4/29/13,2.0075
4/30/13,2.0014
5/1/13,2.0014
5/2/13,2.0088
5/3/13,2.0098
5/6/13,2.0093
5/7/13,2.0077
5/8/13,2.0055
5/9/13,2.014
5/10/13,2.0204
5/13/13,2.0077
5/14/13,2.0208
5/15/13,2.0222
5/16/13,2.0268
5/17/13,2.0351
5/20/13,2.0399
5/21/13,2.0395
5/22/13,2.0495
5/23/13,2.0437
5/24/13,2.0517
5/27/13,2.0571
5/28/13,2.0749
5/29/13,2.1105
5/30/13,2.1105
5/31/13,2.1386
6/3/13,2.1244
6/4/13,2.1251
6/5/13,2.1295
6/6/13,2.1298
6/7/13,2.132
6/10/13,2.1471
6/11/13,2.1326
6/12/13,2.1558
6/13/13,2.1206
6/14/13,2.1529
6/17/13,2.1712
6/18/13,2.1821
6/19/13,2.2255
6/20/13,2.2575
6/21/13,2.2422
6/24/13,2.227
6/25/13,2.2137
6/26/13,2.1867
6/27/13,2.1989
6/28/13,2.2322
7/1/13,2.2294
7/2/13,2.2548
7/3/13,2.2692
7/4/13,2.2491
7/5/13,2.2537
7/8/13,2.2638
7/9/13,2.2601
7/10/13,2.2645
7/11/13,2.2548
7/12/13,2.2674
7/15/13,2.2201
7/16/13,2.2537
7/17/13,2.2259
7/18/13,2.2275
7/19/13,2.2469
7/22/13,2.2327
7/23/13,2.2137
7/24/13,2.251
7/25/13,2.2426
7/26/13,2.2571
7/29/13,2.27
7/30/13,2.2832
7/31/13,2.2765
8/1/13,2.3044
8/2/13,2.2874
8/5/13,2.3061
8/6/13,2.2992
8/7/13,2.3139
8/8/13,2.2846
8/9/13,2.2716
8/12/13,2.2878
8/13/13,2.3147
8/14/13,2.3247
8/15/13,2.3406
8/16/13,2.3924
8/19/13,2.4127
8/20/13,2.3934
8/21/13,2.4549
8/22/13,2.4361
8/23/13,2.3488
8/26/13,2.3788
8/27/13,2.3721
8/28/13,2.3459
8/29/13,2.3593
8/30/13,2.3855
9/2/13,2.3773
9/3/13,2.3589
9/4/13,2.3599
9/5/13,2.3246
9/6/13,2.3065
9/9/13,2.276
9/10/13,2.2831
9/11/13,2.2768
9/12/13,2.2744
9/13/13,2.2801
9/16/13,2.2844
9/17/13,2.2562
9/18/13,2.1858
9/19/13,2.2018
9/20/13,2.2104
9/23/13,2.1983
9/24/13,2.2011
9/25/13,2.2324
9/26/13,2.2455
9/27/13,2.2517
9/30/13,2.2169
10/1/13,2.2158
10/2/13,2.1915
10/3/13,2.2076
10/4/13,2.2119
10/7/13,2.2047
10/8/13,2.2112
10/9/13,2.2067
10/10/13,2.1803
10/11/13,2.1756
10/14/13,2.182
10/15/13,2.178
10/16/13,2.1803
10/17/13,2.1527
10/18/13,2.1691
10/21/13,2.1751
10/22/13,2.1724
10/23/13,2.1906
10/24/13,2.2035
10/25/13,2.1878
10/28/13,2.1787
10/29/13,2.185
10/30/13,2.1902
10/31/13,2.2399
11/1/13,2.2532
11/4/13,2.2463
11/5/13,2.2891
11/6/13,2.2885
11/7/13,2.3062
11/8/13,2.3127
11/11/13,2.3313
11/12/13,2.3324
11/13/13,2.3347
11/14/13,2.3144
11/15/13,2.3144
11/18/13,2.2641
11/19/13,2.271
11/20/13,2.267
11/21/13,2.305
11/22/13,2.2793
11/25/13,2.2839
11/26/13,2.2946
11/27/13,2.3305
11/28/13,2.3175
11/29/13,2.3361
12/2/13,2.3533
12/3/13,2.3687
12/4/13,2.3901
12/5/13,2.3567
12/6/13,2.3317
12/9/13,2.3179
12/10/13,2.3066
12/11/13,2.342
12/12/13,2.3344
12/13/13,2.3299
12/16/13,2.3287
12/17/13,2.319
12/18/13,2.3312
12/19/13,2.3571
12/20/13,2.3877
12/23/13,2.3572
12/24/13,2.3598
12/25/13,2.3598
12/26/13,2.3536
12/27/13,2.3383
12/30/13,2.3592
12/31/13,2.3592
1/1/14,2.3592
1/2/14,2.3877
1/3/14,2.3764
1/6/14,2.3798
1/7/14,2.3725
1/8/14,2.3967
1/9/14,2.3905
1/10/14,2.3585
1/13/14,2.3573
1/14/14,2.3502
1/15/14,2.3597
1/16/14,2.3614
1/17/14,2.3426
1/20/14,2.3437
1/21/14,2.3603
1/22/14,2.3731
1/23/14,2.3997
1/24/14,2.3976
1/27/14,2.4228
1/28/14,2.4215
1/29/14,2.4374
1/30/14,2.4088
1/31/14,2.4128
2/3/14,2.4402
2/4/14,2.4054
2/5/14,2.4023
2/6/14,2.3818
2/7/14,2.3793
2/10/14,2.4101
2/11/14,2.4005
2/12/14,2.426
2/13/14,2.3937
2/14/14,2.3889
2/17/14,2.3901
2/18/14,2.3959
2/19/14,2.3938
2/20/14,2.37
2/21/14,2.3457
2/24/14,2.3412
2/25/14,2.3412
2/26/14,2.3489
2/27/14,2.3191
2/28/14,2.3435
3/3/14,2.3435
3/4/14,2.3435
3/5/14,2.3186
3/6/14,2.3238
3/7/14,2.341
3/10/14,2.3506
3/11/14,2.3639
3/12/14,2.3556
3/13/14,2.3637
3/14/14,2.3467
3/17/14,2.3491
3/18/14,2.334
3/19/14,2.3483
3/20/14,2.3279
3/21/14,2.325
3/24/14,2.3229
3/25/14,2.3113
3/26/14,2.3028
3/27/14,2.2588
3/28/14,2.2614
3/31/14,2.272
4/1/14,2.2609
4/2/14,2.2688
4/3/14,2.2794
4/4/14,2.2358
4/7/14,2.2189
4/8/14,2.2017
4/9/14,2.1869
4/10/14,2.207
4/11/14,2.2186
4/14/14,2.2136
4/15/14,2.2325
4/16/14,2.2434
4/17/14,2.2362
4/18/14,2.2362
4/21/14,2.2362
4/22/14,2.2377
4/23/14,2.2219
4/24/14,2.2141
4/25/14,2.2441
4/28/14,2.2234
4/29/14,2.2363
4/30/14,2.2327
5/1/14,2.2327
5/2/14,2.222
5/5/14,2.2449
5/6/14,2.2295
5/7/14,2.2166
5/8/14,2.2152
5/9/14,2.2127
5/12/14,2.2143
5/13/14,2.2149
5/14/14,2.2021
5/15/14,2.2188
5/16/14,2.2152
5/19/14,2.207
5/20/14,2.2158
5/21/14,2.2072
5/22/14,2.221
5/23/14,2.2233
5/26/14,2.2243
5/27/14,2.2379
5/28/14,2.2325
5/29/14,2.2241
5/30/14,2.2413
6/2/14,2.2768
6/3/14,2.2807
6/4/14,2.2784
6/5/14,2.2616
6/6/14,2.2471
6/9/14,2.2288
6/10/14,2.222
6/11/14,2.2336
6/12/14,2.236
6/13/14,2.2243
6/16/14,2.2355
6/17/14,2.262
6/18/14,2.2278
6/19/14,2.2278
6/20/14,2.2301
6/23/14,2.221
6/24/14,2.2248
6/25/14,2.2078
6/26/14,2.1967
6/27/14,2.1937
6/30/14,2.2145
7/1/14,2.2018
7/2/14,2.2249
7/3/14,2.2102
7/4/14,2.221
7/7/14,2.2257
7/8/14,2.212
7/9/14,2.213
7/10/14,2.2214
7/11/14,2.2208
7/14/14,2.2107
7/15/14,2.2191
7/16/14,2.2237
7/17/14,2.2582
7/18/14,2.2269
7/21/14,2.2209
7/22/14,2.2129
7/23/14,2.2194
7/24/14,2.2223
7/25/14,2.2303
7/28/14,2.2225
7/29/14,2.2315
7/30/14,2.2456
7/31/14,2.2638
8/1/14,2.2573
8/4/14,2.259
8/5/14,2.2815
8/6/14,2.2728
8/7/14,2.295
8/8/14,2.2834
8/11/14,2.2754
8/12/14,2.2766
8/13/14,2.2817
8/14/14,2.2665
8/15/14,2.2599
8/18/14,2.2574
8/19/14,2.2467
8/20/14,2.262
8/21/14,2.2689
8/22/14,2.2778
8/25/14,2.2885
8/26/14,2.2615
8/27/14,2.247
8/28/14,2.2421
8/29/14,2.2362
9/1/14,2.2461
9/2/14,2.2435
9/3/14,2.235
9/4/14,2.2431
9/5/14,2.2432
9/8/14,2.2675
9/9/14,2.2846
9/10/14,2.2887
9/11/14,2.2978
9/12/14,2.3387
9/15/14,2.3427
9/16/14,2.332
9/17/14,2.3565
9/18/14,2.3647
9/19/14,2.3679
9/22/14,2.3978
9/23/14,2.4126
9/24/14,2.3835
9/25/14,2.4283
9/26/14,2.4203
9/29/14,2.4477
9/30/14,2.4461
10/1/14,2.481
10/2/14,2.495
10/3/14,2.459
10/6/14,2.4263
10/7/14,2.3965
10/8/14,2.3774
10/9/14,2.3986
10/10/14,2.429
10/13/14,2.3943
10/14/14,2.4003
10/15/14,2.4525
10/16/14,2.4728
10/17/14,2.4354
10/20/14,2.4649
10/21/14,2.4823
10/22/14,2.4872
10/23/14,2.5
10/24/14,2.4787
10/27/14,2.5213
10/28/14,2.4605
10/29/14,2.462
10/30/14,2.404
10/31/14,2.4779
11/3/14,2.4955
11/4/14,2.4955
11/5/14,2.5079
11/6/14,2.5698
11/7/14,2.5645
11/10/14,2.5525
11/11/14,2.5563
11/12/14,2.568
11/13/14,2.5887
11/14/14,2.6015
11/17/14,2.6088
11/18/14,2.5827
11/19/14,2.5708
11/20/14,2.572
11/21/14,2.5159
11/24/14,2.5464
11/25/14,2.5302
11/26/14,2.5012
11/27/14,2.5312
11/28/14,2.5651
12/1/14,2.5603
12/2/14,2.5693
12/3/14,2.5534
12/4/14,2.5912
12/5/14,2.5876
12/8/14,2.6005
12/9/14,2.5955
12/10/14,2.6166
12/11/14,2.65
12/12/14,2.655
12/15/14,2.6957
12/16/14,2.7386
12/17/14,2.7151
12/18/14,2.6625
12/19/14,2.6603
12/22/14,2.6653
12/23/14,2.6951
12/24/14,2.6883
12/25/14,2.6883
12/26/14,2.6691
12/29/14,2.7048
12/30/14,2.6582
12/31/14,2.6582
1/1/15,2.6582
1/2/15,2.6941
1/5/15,2.7057
1/6/15,2.7006
1/7/15,2.6827
1/8/15,2.6623
1/9/15,2.6332
1/12/15,2.6738
1/13/15,2.6424
1/14/15,2.6171
1/15/15,2.6425
1/16/15,2.6222
1/19/15,2.6509
1/20/15,2.6131
1/21/15,2.601
1/22/15,2.5744
1/23/15,2.5799
1/26/15,2.5837
1/27/15,2.5728
1/28/15,2.5765
1/29/15,2.6039
1/30/15,2.6836
2/2/15,2.7272
2/3/15,2.6951
2/4/15,2.7416
2/5/15,2.7454
2/6/15,2.7817
2/9/15,2.7706
2/10/15,2.8323
2/11/15,2.8681
2/12/15,2.8234
2/13/15,2.8342
2/16/15,2.8342
2/17/15,2.8342
2/18/15,2.8393
2/19/15,2.8668
2/20/15,2.8689
2/23/15,2.8787
2/24/15,2.8286
2/25/15,2.8691
2/26/15,2.9064
2/27/15,2.8389
3/2/15,2.895
3/3/15,2.9314
3/4/15,2.9783
3/5/15,3.0032
3/6/15,3.0642
3/9/15,3.1224
3/10/15,3.1014
3/11/15,3.1258
3/12/15,3.1658
3/13/15,3.2486
3/16/15,3.2457
3/17/15,3.2396
3/18/15,3.2106
3/19/15,3.292
3/20/15,3.2308
3/23/15,3.1324
3/24/15,3.1396
3/25/15,3.2012
3/26/15,3.1825
3/27/15,3.2499
3/30/15,3.2293
3/31/15,3.1974
4/1/15,3.1657
4/2/15,3.1223
4/3/15,3.1223
4/6/15,3.1262
4/7/15,3.1274
4/8/15,3.0491
4/9/15,3.0578
4/10/15,3.0753
4/13/15,3.1212
4/14/15,3.0634
4/15/15,3.0287
4/16/15,3.0205
4/17/15,3.0408
4/20/15,3.0328
4/21/15,3.0328
4/22/15,3.0111
4/23/15,2.9706
4/24/15,2.9512
4/27/15,2.9169
4/28/15,2.9367
4/29/15,2.9608
4/30/15,3.0144
5/1/15,3.0144
5/4/15,3.087
5/5/15,3.0562
5/6/15,3.0349
5/7/15,3.0261
5/8/15,2.9739
5/11/15,3.0621
5/12/15,3.0199
5/13/15,3.0395
5/14/15,2.9934
5/15/15,2.9931
5/18/15,3.005
5/19/15,3.039
5/20/15,3.0025
5/21/15,3.0383
5/22/15,3.0943
5/25/15,3.0978
5/26/15,3.1531
5/27/15,3.1395
5/28/15,3.1623
5/29/15,3.1787
6/1/15,3.1683
6/2/15,3.1323
6/3/15,3.1334
6/4/15,3.1334
6/5/15,3.1422
6/8/15,3.1129
6/9/15,3.0969
6/10/15,3.1179
6/11/15,3.0898
6/12/15,3.1185
6/15/15,3.1276
6/16/15,3.0885
6/17/15,3.0568
6/18/15,3.0607
6/19/15,3.0978
6/22/15,3.0791
6/23/15,3.0753
6/24/15,3.0971
6/25/15,3.1274
6/26/15,3.1293
6/29/15,3.1176
6/30/15,3.103
7/1/15,3.1492
7/2/15,3.0967
7/3/15,3.1341
7/6/15,3.1376
7/7/15,3.1863
7/8/15,3.2353
7/9/15,3.213
7/10/15,3.1599
7/13/15,3.1344
7/14/15,3.1393
7/15/15,3.1401
7/16/15,3.1568
7/17/15,3.1881
7/20/15,3.1958
7/21/15,3.1716
7/22/15,3.2231
7/23/15,3.2854
7/24/15,3.3554
7/27/15,3.3637
7/28/15,3.3567
7/29/15,3.3314
7/30/15,3.3713
7/31/15,3.4211
8/3/15,3.4508
8/4/15,3.4711
8/5/15,3.4851
8/6/15,3.5363
8/7/15,3.5071
8/10/15,3.4404
8/11/15,3.4745
8/12/15,3.4807
8/13/15,3.5187
8/14/15,3.482
8/17/15,3.481
8/18/15,3.4681
8/19/15,3.4926
8/20/15,3.4579
8/21/15,3.4998
8/24/15,3.5524
8/25/15,3.6172
8/26/15,3.5968
8/27/15,3.5526
8/28/15,3.5819
8/31/15,3.6198
9/1/15,3.6977
9/2/15,3.7609
9/3/15,3.7397
9/4/15,3.843
9/7/15,3.843
9/8/15,3.8203
9/9/15,3.7792
9/10/15,3.8499
9/11/15,3.8735
9/14/15,3.8156
9/15/15,3.8625
9/16/15,3.8286
9/17/15,3.8986
9/18/15,3.9446
9/21/15,3.9851
9/22/15,4.0504
9/23/15,4.179
9/24/15,3.937
9/25/15,3.9765
9/28/15,4.1106
9/29/15,4.0608
9/30/15,3.9471
10/1/15,4.0098
10/2/15,3.9325
10/5/15,3.9115
10/6/15,3.8548
10/7/15,3.8857
10/8/15,3.784
10/9/15,3.7662
10/12/15,3.7662
10/13/15,3.8931
10/14/15,3.8126
10/15/15,3.7994
10/16/15,3.9253
10/19/15,3.8864
10/20/15,3.9053
10/21/15,3.9399
10/22/15,3.907
10/23/15,3.8771
10/26/15,3.9067
10/27/15,3.8884
10/28/15,3.9048
10/29/15,3.8489
10/30/15,3.8568
11/2/15,3.8568
11/3/15,3.7694
11/4/15,3.8009
11/5/15,3.7802
11/6/15,3.7692
11/9/15,3.7993
11/10/15,3.7476
11/11/15,3.7609
11/12/15,3.771
11/13/15,3.8494
11/16/15,3.819
11/17/15,3.8138
11/18/15,3.7648
11/19/15,3.7177
11/20/15,3.708
11/23/15,3.7323
11/24/15,3.699
11/25/15,3.745
11/26/15,3.743
11/27/15,3.8467
11/30/15,3.8685
12/1/15,3.85
12/2/15,3.8366
12/3/15,3.7592
12/4/15,3.7524
12/7/15,3.768
12/8/15,3.795
12/9/15,3.7502
12/10/15,3.8134
12/11/15,3.8739
12/14/15,3.8733
12/15/15,3.871
12/16/15,3.8816
12/17/15,3.8776
12/18/15,3.9833
12/21/15,4.0112
12/22/15,3.9886
12/23/15,3.9412
12/24/15,3.942
12/25/15,3.942
12/28/15,3.8594
12/29/15,3.8649
12/30/15,3.9582
12/31/15,3.964
1/1/16,3.964
1/4/16,4.0391
1/5/16,4.0084
1/6/16,4.0295
1/7/16,4.0441
1/8/16,4.0248
1/11/16,4.0534
1/12/16,4.028
1/13/16,4.0152
1/14/16,3.9997
1/15/16,4.0483
1/18/16,4.0333
1/19/16,4.0643
1/20/16,4.0975
1/21/16,4.1548
1/22/16,4.0934
1/25/16,4.0892
1/26/16,4.0514
1/27/16,4.1104
1/28/16,4.0695
1/29/16,3.9991
2/1/16,3.9646
2/2/16,3.991
2/3/16,3.896
2/4/16,3.8899
2/5/16,3.9066
2/8/16,3.9066
2/9/16,3.9066
2/10/16,3.9295
2/11/16,3.9925
2/12/16,4.0017
2/15/16,3.9973
2/16/16,4.068
2/17/16,3.9895
2/18/16,4.0294
2/19/16,4.0219
2/22/16,3.9459
2/23/16,3.9586
2/24/16,3.9577
2/25/16,3.9565
2/26/16,4.0007
2/29/16,4.0163
3/1/16,3.9335
3/2/16,3.8945
3/3/16,3.7984
3/4/16,3.7516
3/7/16,3.785
3/8/16,3.7545
3/9/16,3.6885
3/10/16,3.6271
3/11/16,3.5855
3/14/16,3.6617
3/15/16,3.7674
3/16/16,3.7422
3/17/16,3.6276
3/18/16,3.6248
3/21/16,3.6182
3/22/16,3.5803
3/23/16,3.6854
3/24/16,3.6771
3/25/16,3.6771
3/28/16,3.628
3/29/16,3.6383
3/30/16,3.6065
3/31/16,3.5928
4/1/16,3.554
4/4/16,3.6237
4/5/16,3.6804
4/6/16,3.6419
4/7/16,3.6896
4/8/16,3.5898
4/11/16,3.4924
4/12/16,3.488
4/13/16,3.4984
4/14/16,3.4834
4/15/16,3.5317
4/18/16,3.6153
4/19/16,3.5304
4/20/16,3.5292
4/21/16,3.5292
4/22/16,3.5646
4/25/16,3.5577
4/26/16,3.5297
4/27/16,3.5271
4/28/16,3.4879
4/29/16,3.4351
5/2/16,3.5019
5/3/16,3.5594
5/4/16,3.548
5/5/16,3.5345
5/6/16,3.5038
5/9/16,3.5164
5/10/16,3.4764
5/11/16,3.4513
5/12/16,3.4848
5/13/16,3.5324
5/16/16,3.4992
5/17/16,3.4883
5/18/16,3.5682
5/19/16,3.565
5/20/16,3.5203
5/23/16,3.5726
5/24/16,3.5715
5/25/16,3.5831
5/26/16,3.5831
5/27/16,3.6083
5/30/16,3.5704
5/31/16,3.6109
6/1/16,3.6003
6/2/16,3.5945
6/3/16,3.5275
6/6/16,3.489
6/7/16,3.441
6/8/16,3.3611
6/9/16,3.3998
6/10/16,3.4327
6/13/16,3.4821
6/14/16,3.4815
6/15/16,3.4746
6/16/16,3.466
6/17/16,3.4167
6/20/16,3.3948
6/21/16,3.4142
6/22/16,3.3775
6/23/16,3.3366
6/24/16,3.3765
6/27/16,3.3923
6/28/16,3.3031
6/29/16,3.2201
6/30/16,3.2126
7/1/16,3.2353
7/4/16,3.2696
7/5/16,3.3036
7/6/16,3.3298
7/7/16,3.3675
7/8/16,3.2997
7/11/16,3.3093
7/12/16,3.2956
7/13/16,3.2636
7/14/16,3.2503
7/15/16,3.2819
7/18/16,3.2542
7/19/16,3.2485
7/20/16,3.2594
7/21/16,3.2719
7/22/16,3.2558
7/25/16,3.2877
7/26/16,3.2761
7/27/16,3.2621
7/28/16,3.2923
7/29/16,3.2491
8/1/16,3.265
8/2/16,3.2598
8/3/16,3.238
8/4/16,3.1932
8/5/16,3.1649
8/8/16,3.1737
8/9/16,3.1451
8/10/16,3.1265
8/11/16,3.1442
8/12/16,3.1933
8/15/16,3.1859
8/16/16,3.2022
8/17/16,3.2056
8/18/16,3.2393
8/19/16,3.2037
8/22/16,3.2007
8/23/16,3.2344
8/24/16,3.225
8/25/16,3.2347
8/26/16,3.2653
8/29/16,3.23
8/30/16,3.2418
8/31/16,3.2263
9/1/16,3.2592
9/2/16,3.2569
9/5/16,3.2832
9/6/16,3.196
9/7/16,3.196
9/8/16,3.2111
9/9/16,3.2732
9/12/16,3.2474
9/13/16,3.313
9/14/16,3.3448
9/15/16,3.3021
9/16/16,3.2624
9/19/16,3.2727
9/20/16,3.2593
9/21/16,3.2048